cycle,CE_value,CE_diff
0,47.202,0.0
1,29.208,-17.994
2,23.554,-5.654
3,21.54,-2.0139999999999993
4,20.46,-1.0799999999999983
5,19.651,-0.809000000000001
6,19.339,-0.31200000000000117
7,18.788,-0.5509999999999984
8,18.362,-0.42600000000000193
9,18.201,-0.1609999999999978
10,18.184,-0.01699999999999946
11,18.229,0.04499999999999815
12,17.748,-0.4809999999999981
13,17.726,-0.022000000000002018
14,17.561,-0.16499999999999915
15,17.922,0.36100000000000065
16,17.675,-0.2469999999999999
17,17.718,0.04299999999999926
18,17.727,0.009000000000000341
19,17.356,-0.37099999999999866
20,17.732,0.37599999999999767
21,17.809,0.07700000000000173
22,17.753,-0.05600000000000094
23,17.885,0.13200000000000145
24,17.925,0.03999999999999915
25,17.83,-0.09500000000000242
26,18.341,0.5110000000000028
27,18.606,0.26500000000000057
28,18.446,-0.16000000000000014
29,18.156,-0.2900000000000027
30,18.939,0.7830000000000013
31,18.798,-0.1410000000000018
32,18.468,-0.3299999999999983
33,19.227,0.7590000000000003
34,18.808,-0.4190000000000005
35,19.111,0.3030000000000008
36,19.089,-0.022000000000002018
37,18.894,-0.19500000000000028
38,18.905,0.011000000000002785
39,18.675,-0.23000000000000043
40,19.79,1.1149999999999984
41,19.378,-0.41199999999999903
42,19.054,-0.3240000000000016
43,19.026,-0.027999999999998693
44,19.233,0.20700000000000074
45,19.4,0.16699999999999804
46,19.515,0.11500000000000199
47,19.503,-0.012000000000000455
48,19.581,0.0779999999999994
49,19.461,-0.120000000000001
50,19.551,0.08999999999999986
51,19.75,0.19900000000000162
52,19.561,-0.18900000000000006
53,19.742,0.18100000000000094
54,19.728,-0.013999999999999346
55,19.956,0.22799999999999798
56,19.694,-0.26200000000000045
57,19.434,-0.259999999999998
58,20.314,0.879999999999999
59,19.834,-0.4800000000000004
60,19.796,-0.038000000000000256
61,19.865,0.06899999999999906
62,20.444,0.5790000000000006
63,19.648,-0.7959999999999994
64,20.287,0.6389999999999993
65,20.951,0.6640000000000015
66,20.002,-0.9490000000000016
67,19.492,-0.509999999999998
68,19.833,0.3409999999999975
69,20.102,0.2690000000000019
70,19.906,-0.1960000000000015
71,19.626,-0.2799999999999976
72,19.749,0.12299999999999756
73,19.599,-0.14999999999999858
74,20.473,0.8739999999999988
75,20.807,0.33399999999999963
76,20.151,-0.6559999999999988
77,21.435,1.283999999999999
78,20.881,-0.5539999999999985
79,20.82,-0.06099999999999994
80,20.958,0.13799999999999812
81,20.597,-0.3609999999999971
82,20.501,-0.09600000000000009
83,20.807,0.3059999999999974
84,20.902,0.09500000000000242
85,20.828,-0.07400000000000162
86,20.181,-0.6469999999999985
87,20.2,0.01899999999999835
88,21.09,0.8900000000000006
89,21.739,0.6490000000000009
90,21.03,-0.7089999999999996
91,21.612,0.5819999999999972
92,21.068,-0.5439999999999969
93,21.169,0.10099999999999909
94,21.172,0.0030000000000001137
95,21.613,0.44099999999999895
96,21.691,0.0779999999999994
97,20.313,-1.3780000000000001
98,19.88,-0.43299999999999983
99,19.845,-0.03500000000000014
100,19.894,0.04899999999999949
101,19.846,-0.047999999999998266
102,19.815,-0.030999999999998806
103,19.503,-0.31200000000000117
104,20.717,1.2139999999999986
105,19.748,-0.9689999999999976
106,19.763,0.015000000000000568
107,19.772,0.008999999999996788
108,19.899,0.12700000000000244
109,20.61,0.7109999999999985
110,20.009,-0.6009999999999991
111,20.297,0.28800000000000026
112,19.788,-0.5090000000000003
113,19.639,-0.1490000000000009
114,19.91,0.2710000000000008
115,19.925,0.015000000000000568
116,20.483,0.5579999999999998
117,20.2,-0.28300000000000125
118,20.123,-0.07699999999999818
119,20.113,-0.010000000000001563
120,19.704,-0.4089999999999989
121,19.825,0.12099999999999866
122,19.963,0.13800000000000168
123,19.796,-0.1670000000000016
124,19.685,-0.11100000000000065
125,19.692,0.0070000000000014495
126,19.655,-0.036999999999999034
127,19.76,0.10500000000000043
128,19.626,-0.13400000000000034
129,19.643,0.01699999999999946
130,19.451,-0.19200000000000017
131,19.385,-0.06599999999999895
132,19.404,0.01899999999999835
133,19.71,0.30600000000000094
134,19.723,0.012999999999998124
135,19.48,-0.24299999999999855
136,19.581,0.10099999999999909
137,19.637,0.05600000000000094
138,19.693,0.05600000000000094
139,19.414,-0.2789999999999999
140,19.576,0.16199999999999903
141,19.643,0.06700000000000017
142,19.79,0.14699999999999847
143,19.723,-0.06700000000000017
144,19.676,-0.0470000000000006
145,20.252,0.5760000000000005
146,19.768,-0.4839999999999982
147,19.647,-0.12100000000000222
148,19.406,-0.24099999999999966
149,19.968,0.5620000000000012
150,19.779,-0.18900000000000006
151,19.734,-0.04499999999999815
152,19.575,-0.15900000000000247
153,19.774,0.19900000000000162
154,19.924,0.14999999999999858
155,19.546,-0.3780000000000001
156,19.808,0.26200000000000045
157,19.861,0.053000000000000824
158,19.814,-0.0470000000000006
159,20.055,0.24099999999999966
160,19.912,-0.14300000000000068
161,19.826,-0.08599999999999852
162,19.764,-0.062000000000001165
163,20.297,0.5330000000000013
164,20.069,-0.22800000000000153
165,19.943,-0.12599999999999767
166,19.755,-0.1880000000000024
167,19.553,-0.20199999999999818
168,20.257,0.7040000000000006
169,19.858,-0.3990000000000009
170,20.113,0.254999999999999
171,20.093,-0.019999999999999574
172,19.887,-0.20599999999999952
173,20.064,0.1769999999999996
174,19.845,-0.2190000000000012
175,20.039,0.19400000000000261
176,19.727,-0.31200000000000117
177,19.796,0.06899999999999906
178,19.855,0.05900000000000105
179,19.764,-0.09100000000000108
180,19.805,0.04100000000000037
181,20.13,0.3249999999999993
182,19.817,-0.31299999999999883
183,19.856,0.03900000000000148
184,19.975,0.11899999999999977
185,19.921,-0.054000000000002046
186,19.931,0.010000000000001563
187,19.945,0.013999999999999346
188,20.273,0.3279999999999994
189,19.882,-0.39099999999999824
190,20.021,0.13899999999999935
191,20.079,0.05799999999999983
192,19.865,-0.2140000000000022
193,20.017,0.15200000000000102
194,20.325,0.30799999999999983
195,20.153,-0.1720000000000006
196,19.896,-0.2569999999999979
197,19.959,0.06299999999999883
198,19.889,-0.07000000000000028
199,20.121,0.23199999999999932
200,20.217,0.09600000000000009
201,20.081,-0.13599999999999923
202,20.081,0.0
203,20.361,0.28000000000000114
204,19.883,-0.47800000000000153
205,19.858,-0.02499999999999858
206,20.09,0.23199999999999932
207,20.03,-0.05999999999999872
208,19.964,-0.0660000000000025
209,20.044,0.08000000000000185
210,20.229,0.18499999999999872
211,19.908,-0.32099999999999795
212,20.505,0.5969999999999978
213,20.027,-0.477999999999998
214,19.9,-0.12700000000000244
215,20.066,0.16600000000000037
216,20.379,0.3130000000000024
217,19.94,-0.43900000000000006
218,20.036,0.09600000000000009
219,19.732,-0.30400000000000205
220,19.847,0.11500000000000199
221,20.166,0.31899999999999906
222,19.881,-0.28500000000000014
223,19.919,0.038000000000000256
224,19.83,-0.08900000000000219
225,20.009,0.17900000000000205
226,20.074,0.06500000000000128
227,19.562,-0.5120000000000005
228,19.911,0.3490000000000002
229,20.123,0.21199999999999974
230,19.931,-0.19200000000000017
231,19.739,-0.19200000000000017
232,20.368,0.6289999999999978
233,20.265,-0.10299999999999798
234,20.368,0.10299999999999798
235,20.454,0.08600000000000207
236,20.519,0.06499999999999773
237,20.579,0.060000000000002274
238,20.146,-0.43299999999999983
239,20.209,0.06299999999999883
240,19.686,-0.5229999999999997
241,19.919,0.23300000000000054
242,20.012,0.09299999999999997
243,20.124,0.11199999999999832
244,20.18,0.05600000000000094
245,20.253,0.0730000000000004
246,20.376,0.12300000000000111
247,20.014,-0.3620000000000019
248,19.984,-0.029999999999997584
249,20.112,0.12799999999999656
250,19.796,-0.31599999999999895
251,20.112,0.31599999999999895
252,20.343,0.23100000000000165
253,19.932,-0.41100000000000136
254,20.153,0.22100000000000009
255,20.3,0.14700000000000202
256,19.983,-0.31700000000000017
257,20.02,0.036999999999999034
258,20.265,0.245000000000001
259,20.14,-0.125
260,19.976,-0.16400000000000148
261,20.155,0.17900000000000205
262,20.133,-0.022000000000002018
263,19.849,-0.2839999999999989
264,19.944,0.09499999999999886
265,19.824,-0.11999999999999744
266,20.327,0.5030000000000001
267,19.962,-0.365000000000002
268,20.183,0.22100000000000009
269,20.166,-0.01699999999999946
270,19.924,-0.24200000000000088
271,19.969,0.045000000000001705
272,20.025,0.055999999999997385
273,20.331,0.30600000000000094
274,20.208,-0.12300000000000111
275,20.041,-0.16699999999999804
276,20.069,0.027999999999998693
277,20.051,-0.018000000000000682
278,19.837,-0.21399999999999864
279,19.92,0.08300000000000196
280,20.079,0.15899999999999892
281,20.074,-0.004999999999999005
282,20.537,0.4629999999999974
283,20.071,-0.4659999999999975
284,20.0,-0.0710000000000015
285,20.167,0.1670000000000016
286,20.324,0.15700000000000003
287,20.197,-0.12700000000000244
288,20.552,0.3550000000000004
289,20.142,-0.41000000000000014
290,20.22,0.0779999999999994
291,20.768,0.5480000000000018
292,20.22,-0.5480000000000018
293,20.25,0.030000000000001137
294,20.313,0.06299999999999883
295,20.718,0.40500000000000114
296,20.271,-0.4469999999999992
297,20.241,-0.030000000000001137
298,20.185,-0.05600000000000094
299,20.635,0.45000000000000284
300,20.655,0.019999999999999574
301,20.72,0.06499999999999773
302,20.733,0.013000000000001677
303,20.612,-0.12100000000000222
304,20.339,-0.2729999999999997
305,20.681,0.3420000000000023
306,20.349,-0.33200000000000074
307,20.72,0.37099999999999866
308,20.616,-0.1039999999999992
309,20.956,0.33999999999999986
310,20.455,-0.5010000000000012
311,20.73,0.27500000000000213
312,20.73,0.0
313,20.903,0.17299999999999827
314,20.673,-0.23000000000000043
315,20.454,-0.21899999999999764
316,20.678,0.2240000000000002
317,20.527,-0.1509999999999998
318,20.698,0.17099999999999937
319,20.893,0.19500000000000028
320,20.406,-0.4870000000000019
321,19.811,-0.5949999999999989
322,19.017,-0.7940000000000005
323,20.64,1.623000000000001
324,20.942,0.3019999999999996
325,20.506,-0.43599999999999994
326,20.444,-0.062000000000001165
327,20.801,0.3569999999999993
328,20.686,-0.11499999999999844
329,20.947,0.26099999999999923
330,20.712,-0.23499999999999943
331,20.693,-0.01899999999999835
332,21.205,0.5119999999999969
333,20.712,-0.49299999999999855
334,20.432,-0.28000000000000114
335,20.865,0.43299999999999983
336,21.002,0.13700000000000045
337,19.872,-1.129999999999999
338,21.023,1.1509999999999998
339,20.609,-0.4139999999999979
340,20.539,-0.07000000000000028
341,20.617,0.0779999999999994
342,20.874,0.2569999999999979
343,20.976,0.10200000000000031
344,20.487,-0.48900000000000077
345,20.985,0.4980000000000011
346,19.969,-1.0159999999999982
347,20.365,0.39599999999999724
348,20.832,0.4670000000000023
349,20.201,-0.6310000000000002
350,20.306,0.10500000000000043
351,20.013,-0.29299999999999926
352,20.452,0.43900000000000006
353,20.226,-0.22600000000000264
354,20.258,0.03200000000000003
355,20.458,0.1999999999999993
356,20.41,-0.047999999999998266
357,20.182,-0.22800000000000153
358,20.587,0.40500000000000114
359,20.25,-0.33699999999999974
360,20.562,0.31200000000000117
361,20.621,0.0589999999999975
362,20.39,-0.2309999999999981
363,20.598,0.2079999999999984
364,20.774,0.17600000000000193
365,21.067,0.29299999999999926
366,21.033,-0.03399999999999892
367,20.586,-0.44700000000000273
368,20.853,0.267000000000003
369,20.83,-0.02300000000000324
370,20.991,0.16100000000000136
371,20.799,-0.19200000000000017
372,20.989,0.19000000000000128
373,20.768,-0.22100000000000009
374,20.515,-0.2530000000000001
375,20.984,0.4690000000000012
376,20.242,-0.7420000000000009
377,20.876,0.6340000000000003
378,19.568,-1.3079999999999998
379,19.284,-0.2840000000000025
380,20.639,1.3550000000000004
381,19.178,-1.4609999999999985
382,20.574,1.3960000000000008
383,19.274,-1.3000000000000007
384,18.902,-0.3719999999999999
385,19.657,0.754999999999999
386,19.204,-0.4529999999999994
387,19.814,0.6099999999999994
388,19.078,-0.7360000000000007
389,20.375,1.2970000000000006
390,20.063,-0.31200000000000117
391,19.171,-0.8919999999999995
392,18.921,-0.25
393,19.457,0.5360000000000014
394,18.954,-0.5030000000000001
395,19.138,0.18400000000000105
396,19.493,0.3549999999999969
397,19.137,-0.3559999999999981
398,18.725,-0.41199999999999903
399,18.99,0.264999999999997
400,19.099,0.10900000000000176
401,19.372,0.2729999999999997
402,18.977,-0.3949999999999996
403,20.339,1.3619999999999983
404,18.934,-1.4049999999999976
405,19.143,0.20899999999999963
406,19.418,0.2749999999999986
407,19.167,-0.25099999999999767
408,20.15,0.982999999999997
409,18.877,-1.2729999999999997
410,19.234,0.35700000000000287
411,19.25,0.015999999999998238
412,19.159,-0.09100000000000108
413,19.467,0.30799999999999983
414,19.106,-0.3609999999999971
415,19.135,0.028999999999999915
416,18.853,-0.28200000000000003
417,19.299,0.44599999999999795
418,18.919,-0.379999999999999
419,19.106,0.18700000000000117
420,18.965,-0.1410000000000018
421,19.079,0.11400000000000077
422,18.938,-0.1410000000000018
423,19.208,0.2699999999999996
424,19.155,-0.05299999999999727
425,19.125,-0.030000000000001137
426,18.931,-0.19399999999999906
427,18.974,0.04299999999999926
428,18.818,-0.1559999999999988
429,19.049,0.2309999999999981
430,18.858,-0.19099999999999895
431,18.97,0.11199999999999832
432,19.173,0.2029999999999994
433,18.94,-0.232999999999997
434,19.186,0.24599999999999866
435,18.776,-0.41000000000000014
436,18.986,0.21000000000000085
437,19.04,0.053999999999998494
438,18.985,-0.054999999999999716
439,18.741,-0.24399999999999977
440,18.861,0.120000000000001
441,19.133,0.27199999999999847
442,19.701,0.5680000000000014
443,20.155,0.4540000000000006
444,20.158,0.0030000000000001137
445,19.282,-0.8760000000000012
446,19.183,-0.0990000000000002
447,19.227,0.04400000000000048
448,19.24,0.012999999999998124
449,20.098,0.8580000000000005
450,19.674,-0.4239999999999995
451,20.463,0.7890000000000015
452,19.734,-0.7289999999999992
453,20.06,0.32599999999999696
454,19.277,-0.7829999999999977
455,20.649,1.3719999999999999
456,21.06,0.4109999999999978
457,18.967,-2.093
458,19.103,0.13600000000000279
459,19.335,0.23199999999999932
460,19.397,0.06199999999999761
461,20.131,0.7340000000000018
462,19.519,-0.6120000000000019
463,19.608,0.08900000000000219
464,21.009,1.4009999999999998
465,19.747,-1.2620000000000005
466,20.058,0.31099999999999994
467,18.913,-1.1449999999999996
468,19.277,0.36400000000000077
469,18.979,-0.2980000000000018
470,20.468,1.4890000000000008
471,19.159,-1.309000000000001
472,19.027,-0.1319999999999979
473,20.292,1.2650000000000006
474,19.315,-0.9770000000000003
475,19.575,0.259999999999998
476,19.23,-0.34499999999999886
477,21.06,1.8299999999999983
478,20.549,-0.5109999999999992
479,21.169,0.620000000000001
480,20.761,-0.40800000000000125
481,20.742,-0.01899999999999835
482,19.889,-0.8530000000000015
483,20.847,0.958000000000002
484,20.606,-0.24099999999999966
485,20.917,0.31099999999999994
486,19.33,-1.5870000000000033
487,20.501,1.171000000000003
488,19.356,-1.1449999999999996
489,19.362,0.005999999999996675
490,19.079,-0.2829999999999977
491,19.102,0.022999999999999687
492,19.29,0.18799999999999883
493,19.278,-0.012000000000000455
494,19.302,0.02400000000000091
495,19.287,-0.015000000000000568
496,18.756,-0.5309999999999988
497,19.081,0.3249999999999993
498,18.918,-0.16300000000000026
499,19.152,0.23400000000000176
500,19.222,0.07000000000000028
501,19.66,0.43799999999999883
502,18.927,-0.7330000000000005
503,18.956,0.028999999999999915
504,19.19,0.23400000000000176
505,19.404,0.21399999999999864
506,19.428,0.02400000000000091
507,19.356,-0.07199999999999918
508,19.291,-0.06500000000000128
509,19.134,-0.15700000000000003
510,19.518,0.38400000000000034
511,19.27,-0.2480000000000011
512,19.172,-0.09799999999999898
513,19.112,-0.060000000000002274
514,19.422,0.3100000000000023
515,19.081,-0.3410000000000011
516,19.32,0.23900000000000077
517,19.026,-0.2940000000000005
518,19.308,0.28200000000000003
519,19.166,-0.14199999999999946
520,19.51,0.3440000000000012
521,19.529,0.01899999999999835
522,19.31,-0.2190000000000012
523,19.208,-0.10200000000000031
524,19.354,0.1460000000000008
525,19.433,0.07900000000000063
526,19.613,0.17999999999999972
527,19.483,-0.129999999999999
528,19.297,-0.18599999999999994
529,19.246,-0.05100000000000193
530,19.093,-0.1529999999999987
531,19.096,0.0030000000000001137
532,19.309,0.21300000000000097
533,19.251,-0.05799999999999983
534,19.657,0.4059999999999988
535,19.609,-0.047999999999998266
536,19.191,-0.4180000000000028
537,19.332,0.1410000000000018
538,19.649,0.31700000000000017
539,19.49,-0.15900000000000247
540,19.702,0.2120000000000033
541,19.411,-0.29100000000000037
542,19.487,0.07599999999999696
543,19.301,-0.18599999999999994
544,19.494,0.1930000000000014
545,19.243,-0.2510000000000012
546,19.469,0.22600000000000264
547,19.285,-0.18400000000000105
548,19.285,0.0
549,19.24,-0.045000000000001705
550,19.441,0.2010000000000005
551,19.397,-0.04400000000000048
552,19.528,0.13100000000000023
553,19.097,-0.4309999999999974
554,19.321,0.2240000000000002
555,19.167,-0.15399999999999991
556,19.463,0.2959999999999994
557,19.378,-0.08500000000000085
558,19.446,0.06800000000000139
559,19.141,-0.30500000000000327
560,19.212,0.0710000000000015
561,19.156,-0.05600000000000094
562,19.026,-0.129999999999999
563,19.023,-0.0030000000000001137
564,18.98,-0.04299999999999926
565,18.94,-0.03999999999999915
566,19.152,0.21199999999999974
567,18.975,-0.1769999999999996
568,18.945,-0.030000000000001137
569,18.974,0.028999999999999915
570,19.014,0.03999999999999915
571,18.756,-0.2579999999999991
572,19.295,0.5390000000000015
573,18.85,-0.4450000000000003
574,19.345,0.49499999999999744
575,19.431,0.08600000000000207
576,19.221,-0.21000000000000085
577,18.893,-0.3279999999999994
578,19.133,0.23999999999999844
579,18.889,-0.24399999999999977
580,19.196,0.30700000000000216
581,19.02,-0.17600000000000193
582,18.906,-0.11400000000000077
583,18.994,0.08800000000000097
584,19.021,0.027000000000001023
585,19.11,0.08899999999999864
586,19.055,-0.054999999999999716
587,18.722,-0.3329999999999984
588,19.049,0.3269999999999982
589,19.25,0.2010000000000005
590,18.958,-0.2920000000000016
591,18.782,-0.17599999999999838
592,19.318,0.5360000000000014
593,19.258,-0.060000000000002274
594,18.925,-0.3329999999999984
595,19.073,0.1479999999999997
596,19.065,-0.007999999999999119
597,18.932,-0.13300000000000267
598,18.907,-0.02499999999999858
599,19.006,0.0990000000000002
600,19.072,0.06599999999999895
601,18.84,-0.23199999999999932
602,18.738,-0.10200000000000031
603,18.882,0.1440000000000019
604,19.131,0.24899999999999878
605,18.646,-0.48499999999999943
606,18.654,0.007999999999999119
607,18.898,0.24399999999999977
608,18.95,0.0519999999999996
609,18.95,0.0
610,18.775,-0.1750000000000007
611,20.25,1.4750000000000014
612,18.989,-1.2609999999999992
613,20.604,1.6149999999999984
614,19.916,-0.6879999999999988
615,19.223,-0.6930000000000014
616,20.613,1.3900000000000006
617,19.105,-1.5079999999999991
618,19.584,0.4789999999999992
619,19.348,-0.23600000000000065
620,18.984,-0.3639999999999972
621,18.97,-0.014000000000002899
622,19.469,0.49900000000000233
623,19.362,-0.10700000000000287
624,19.039,-0.32299999999999685
625,19.435,0.39599999999999724
626,18.991,-0.44399999999999906
627,19.361,0.370000000000001
628,19.305,-0.05600000000000094
629,19.012,-0.29299999999999926
630,19.221,0.20899999999999963
631,18.951,-0.2699999999999996
632,19.01,0.05900000000000105
633,19.131,0.12099999999999866
634,18.633,-0.4980000000000011
635,19.125,0.4920000000000009
636,19.144,0.01899999999999835
637,18.953,-0.19099999999999895
638,18.929,-0.02400000000000091
639,19.016,0.08699999999999974
640,19.097,0.08100000000000307
641,19.116,0.01899999999999835
642,19.147,0.030999999999998806
643,19.083,-0.06400000000000006
644,18.898,-0.18499999999999872
645,19.077,0.17900000000000205
646,19.077,0.0
647,19.164,0.08699999999999974
648,19.054,-0.11000000000000298
649,19.164,0.11000000000000298
650,19.383,0.21899999999999764
651,19.047,-0.3359999999999985
652,19.375,0.3279999999999994
653,19.184,-0.19099999999999895
654,19.064,-0.120000000000001
655,18.866,-0.1980000000000004
656,19.132,0.2660000000000018
657,18.631,-0.5010000000000012
658,18.928,0.2970000000000006
659,19.177,0.24899999999999878
660,19.163,-0.013999999999999346
661,18.842,-0.3210000000000015
662,19.106,0.2640000000000029
663,18.877,-0.22900000000000276
664,18.908,0.03100000000000236
665,19.119,0.21099999999999852
666,19.318,0.19900000000000162
667,19.042,-0.2759999999999998
668,19.179,0.1369999999999969
669,19.013,-0.16599999999999682
670,18.802,-0.21100000000000207
671,19.273,0.4710000000000001
672,19.079,-0.19399999999999906
673,19.068,-0.010999999999999233
674,18.981,-0.08699999999999974
675,18.894,-0.0870000000000033
676,19.073,0.17900000000000205
677,18.759,-0.31400000000000006
678,18.622,-0.13700000000000045
679,19.051,0.4289999999999985
680,19.042,-0.008999999999996788
681,19.209,0.16699999999999804
682,18.713,-0.49599999999999866
683,18.773,0.05999999999999872
684,18.632,-0.14099999999999824
685,18.982,0.34999999999999787
686,19.01,0.028000000000002245
687,18.885,-0.125
688,18.946,0.06099999999999994
689,19.01,0.06400000000000006
690,19.238,0.22799999999999798
691,19.268,0.030000000000001137
692,18.704,-0.5640000000000001
693,18.814,0.10999999999999943
694,18.429,-0.38500000000000156
695,18.863,0.43400000000000105
696,18.753,-0.10999999999999943
697,18.56,-0.1930000000000014
698,18.609,0.04900000000000304
699,18.833,0.22399999999999665
700,18.522,-0.31099999999999994
701,18.588,0.0660000000000025
702,18.967,0.3789999999999978
703,18.676,-0.29100000000000037
704,18.389,-0.28699999999999903
705,18.751,0.3620000000000019
706,18.917,0.16600000000000037
707,18.767,-0.15000000000000213
708,18.755,-0.012000000000000455
709,18.996,0.24099999999999966
710,18.839,-0.15700000000000003
711,18.775,-0.06400000000000006
712,18.748,-0.02699999999999747
713,18.548,-0.20000000000000284
714,19.598,1.0500000000000007
715,18.79,-0.8079999999999998
716,20.047,1.2570000000000014
717,19.911,-0.13599999999999923
718,18.865,-1.046000000000003
719,18.755,-0.10999999999999943
720,19.664,0.9090000000000025
721,20.009,0.34499999999999886
722,20.14,0.13100000000000023
723,20.165,0.02499999999999858
724,19.874,-0.29100000000000037
725,20.462,0.588000000000001
726,20.661,0.19900000000000162
727,20.371,-0.2900000000000027
728,19.014,-1.3569999999999993
729,20.444,1.4299999999999997
730,20.09,-0.3539999999999992
731,20.088,-0.0019999999999988916
732,20.236,0.1479999999999997
733,26.538,6.302
734,27.707,1.1690000000000005
735,27.88,0.17299999999999827
736,28.005,0.125
737,28.016,0.010999999999999233
738,27.611,-0.4049999999999976
739,26.951,-0.6600000000000001
740,27.138,0.18700000000000117
741,26.975,-0.16300000000000026
742,26.698,-0.277000000000001
743,26.472,-0.2259999999999991
744,26.368,-0.10400000000000276
745,26.284,-0.08399999999999963
746,26.501,0.2170000000000023
747,26.314,-0.18700000000000117
748,26.374,0.05999999999999872
749,26.444,0.07000000000000028
750,26.267,-0.1769999999999996
751,26.37,0.10300000000000153
752,26.327,-0.04299999999999926
753,26.532,0.2049999999999983
754,26.165,-0.3670000000000009
755,26.556,0.3910000000000018
756,26.065,-0.49099999999999966
757,26.21,0.14499999999999957
758,26.249,0.038999999999997925
759,26.21,-0.038999999999997925
760,26.465,0.254999999999999
761,26.392,-0.0730000000000004
762,26.532,0.14000000000000057
763,26.224,-0.30799999999999983
764,26.392,0.16799999999999926
765,26.365,-0.027000000000001023
766,26.62,0.25500000000000256
767,26.424,-0.1960000000000015
768,26.761,0.33699999999999974
769,26.329,-0.4319999999999986
770,26.305,-0.02400000000000091
771,26.375,0.07000000000000028
772,26.388,0.013000000000001677
773,26.429,0.04099999999999682
774,26.592,0.16300000000000026
775,26.341,-0.25099999999999767
776,26.361,0.019999999999999574
777,26.322,-0.03900000000000148
778,26.228,-0.09399999999999764
779,26.385,0.15700000000000003
780,26.321,-0.06400000000000006
781,26.288,-0.03300000000000125
782,26.087,-0.2010000000000005
783,26.653,0.565999999999999
784,26.355,-0.29799999999999827
785,26.084,-0.2710000000000008
786,26.718,0.6340000000000003
787,26.606,-0.11199999999999832
788,26.317,-0.2890000000000015
789,26.379,0.062000000000001165
790,26.375,-0.004000000000001336
791,26.367,-0.007999999999999119
792,26.367,0.0
793,26.375,0.007999999999999119
794,26.399,0.02400000000000091
795,26.403,0.003999999999997783
796,26.299,-0.1039999999999992
797,26.446,0.14700000000000202
798,26.701,0.254999999999999
799,26.279,-0.4220000000000006
800,26.142,-0.13700000000000045
801,26.608,0.4660000000000011
802,26.314,-0.2940000000000005
803,26.365,0.05099999999999838
804,26.198,-0.16699999999999804
805,26.334,0.13599999999999923
806,26.116,-0.21799999999999997
807,26.168,0.0519999999999996
808,26.239,0.0710000000000015
809,26.136,-0.10300000000000153
810,26.22,0.08399999999999963
811,26.439,0.2190000000000012
812,26.331,-0.10800000000000054
813,26.112,-0.2190000000000012
814,26.208,0.09600000000000009
815,26.205,-0.0030000000000001137
816,26.092,-0.11299999999999955
817,25.888,-0.20399999999999707
818,26.0,0.11199999999999832
819,26.322,0.3219999999999992
820,26.288,-0.03399999999999892
821,26.318,0.030000000000001137
822,26.218,-0.10000000000000142
823,26.241,0.022999999999999687
824,26.312,0.0710000000000015
825,26.218,-0.0940000000000012
826,26.077,-0.14099999999999824
827,26.124,0.046999999999997044
828,26.26,0.13600000000000279
829,26.256,-0.004000000000001336
830,26.464,0.2079999999999984
831,26.378,-0.08599999999999852
832,25.989,-0.38899999999999935
833,26.327,0.33800000000000097
834,26.06,-0.267000000000003
835,26.323,0.2630000000000017
836,26.273,-0.05000000000000071
837,26.312,0.03900000000000148
838,26.144,-0.1680000000000028
839,26.432,0.28800000000000026
840,26.463,0.03100000000000236
841,26.432,-0.03100000000000236
842,26.128,-0.3039999999999985
843,26.525,0.39699999999999847
844,26.105,-0.41999999999999815
845,26.372,0.26699999999999946
846,26.41,0.038000000000000256
847,26.098,-0.31200000000000117
848,26.387,0.2890000000000015
849,26.375,-0.012000000000000455
850,26.394,0.01899999999999835
851,26.476,0.08200000000000074
852,26.202,-0.27399999999999736
853,26.346,0.14399999999999835
854,26.468,0.12199999999999989
855,26.422,-0.045999999999999375
856,26.538,0.11599999999999966
857,26.289,-0.24899999999999878
858,26.099,-0.19000000000000128
859,26.129,0.030000000000001137
860,26.326,0.19699999999999918
861,25.984,-0.34199999999999875
862,26.168,0.1839999999999975
863,26.544,0.3760000000000012
864,26.474,-0.07000000000000028
865,26.477,0.0030000000000001137
866,26.371,-0.10600000000000165
867,26.34,-0.030999999999998806
868,26.449,0.10900000000000176
869,26.391,-0.05800000000000338
870,26.403,0.012000000000000455
871,26.447,0.04400000000000048
872,26.748,0.30100000000000193
873,26.387,-0.36100000000000065
874,26.668,0.2809999999999988
875,26.365,-0.3030000000000008
876,26.553,0.1880000000000024
877,26.477,-0.07600000000000051
878,26.556,0.07900000000000063
879,26.666,0.10999999999999943
880,26.532,-0.13400000000000034
881,26.574,0.04200000000000159
882,26.345,-0.22900000000000276
883,26.73,0.38500000000000156
884,26.47,-0.26000000000000156
885,26.614,0.1440000000000019
886,26.403,-0.21100000000000207
887,26.461,0.05799999999999983
888,26.399,-0.06199999999999761
889,26.612,0.2129999999999974
890,26.635,0.02300000000000324
891,26.596,-0.03900000000000148
892,26.566,-0.030000000000001137
893,26.539,-0.02699999999999747
894,26.502,-0.037000000000002586
895,26.596,0.0940000000000012
896,26.541,-0.054999999999999716
897,26.486,-0.054999999999999716
898,26.443,-0.04299999999999926
899,26.536,0.09299999999999997
900,26.49,-0.04600000000000293
901,26.777,0.2870000000000026
902,26.459,-0.3180000000000014
903,26.58,0.12099999999999866
904,26.914,0.3340000000000032
905,26.642,-0.272000000000002
906,26.734,0.0920000000000023
907,26.748,0.013999999999999346
908,26.854,0.1059999999999981
909,26.681,-0.17299999999999827
910,26.661,-0.019999999999999574
911,26.533,-0.1280000000000001
912,26.507,-0.0259999999999998
913,26.427,-0.08000000000000185
914,26.474,0.0470000000000006
915,26.521,0.0470000000000006
916,26.498,-0.022999999999999687
917,26.514,0.015999999999998238
918,26.451,-0.06299999999999883
919,26.385,-0.06599999999999895
920,26.439,0.053999999999998494
921,26.466,0.027000000000001023
922,26.692,0.2259999999999991
923,26.158,-0.5339999999999989
924,26.758,0.5999999999999979
925,26.585,-0.17299999999999827
926,26.51,-0.07499999999999929
927,26.404,-0.10600000000000165
928,26.487,0.08299999999999841
929,26.887,0.40000000000000213
930,26.652,-0.23499999999999943
931,26.421,-0.23100000000000165
932,26.676,0.254999999999999
933,26.228,-0.44799999999999685
934,26.617,0.38899999999999935
935,26.613,-0.004000000000001336
936,26.423,-0.19000000000000128
937,26.703,0.28000000000000114
938,26.473,-0.23000000000000043
939,26.421,-0.0519999999999996
940,26.468,0.0470000000000006
941,26.503,0.03500000000000014
942,26.557,0.053999999999998494
943,26.713,0.15600000000000236
944,26.609,-0.1039999999999992
945,26.515,-0.0940000000000012
946,26.613,0.09799999999999898
947,26.934,0.3210000000000015
948,26.468,-0.4660000000000011
949,26.528,0.05999999999999872
950,27.33,0.8019999999999996
951,27.042,-0.2879999999999967
952,26.433,-0.6090000000000018
953,26.846,0.41300000000000026
954,26.526,-0.3200000000000003
955,26.722,0.1960000000000015
956,26.519,-0.20300000000000296
957,26.16,-0.3589999999999982
958,26.519,0.3589999999999982
959,26.92,0.40100000000000335
960,26.82,-0.10000000000000142
961,26.804,-0.01600000000000179
962,26.785,-0.01899999999999835
963,26.893,0.10800000000000054
964,26.753,-0.14000000000000057
965,26.998,0.245000000000001
966,26.974,-0.02400000000000091
967,27.345,0.37099999999999866
968,27.038,-0.3069999999999986
969,26.95,-0.08800000000000097
970,27.225,0.27500000000000213
971,27.167,-0.05799999999999983
972,27.384,0.21699999999999875
973,27.173,-0.21100000000000207
974,27.09,-0.08299999999999841
975,27.333,0.24299999999999855
976,27.138,-0.19499999999999673
977,27.1,-0.038000000000000256
978,27.161,0.06099999999999994
979,26.845,-0.3160000000000025
980,27.078,0.23300000000000054
981,27.099,0.021000000000000796
982,27.289,0.19000000000000128
983,26.877,-0.4120000000000026
984,26.602,-0.2749999999999986
985,26.735,0.13299999999999912
986,26.896,0.16100000000000136
987,27.117,0.22100000000000009
988,27.265,0.1479999999999997
989,27.254,-0.010999999999999233
990,26.946,-0.30799999999999983
991,26.967,0.020999999999997243
992,26.939,-0.027999999999998693
993,27.102,0.16300000000000026
994,26.498,-0.6039999999999992
995,26.884,0.38599999999999923
996,27.695,0.8109999999999999
997,27.473,-0.2220000000000013
998,27.479,0.006000000000000227
999,27.419,-0.05999999999999872
1000,27.24,-0.17900000000000205
1001,27.391,0.1509999999999998
1002,27.91,0.5190000000000019
1003,27.796,-0.11400000000000077
1004,27.656,-0.14000000000000057
1005,27.577,-0.07899999999999707
1006,27.531,-0.04600000000000293
1007,27.394,-0.13700000000000045
1008,27.639,0.245000000000001
1009,27.498,-0.14099999999999824
1010,27.555,0.05699999999999861
1011,27.326,-0.2289999999999992
1012,27.51,0.18400000000000105
1013,27.58,0.06999999999999673
1014,27.914,0.3340000000000032
1015,27.183,-0.7310000000000016
1016,27.44,0.25700000000000145
1017,27.681,0.24099999999999966
1018,27.46,-0.22100000000000009
1019,27.558,0.09799999999999898
1020,27.505,-0.053000000000000824
1021,27.746,0.24099999999999966
1022,27.508,-0.23799999999999955
1023,27.791,0.28300000000000125
1024,27.617,-0.1739999999999995
1025,28.184,0.5670000000000002
1026,27.909,-0.27500000000000213
1027,28.403,0.4939999999999998
1028,27.965,-0.43799999999999883
1029,27.849,-0.11599999999999966
1030,27.662,-0.18700000000000117
1031,28.027,0.365000000000002
1032,28.188,0.1609999999999978
1033,28.026,-0.16199999999999903
1034,27.909,-0.11700000000000088
1035,27.573,-0.3359999999999985
1036,28.441,0.8679999999999986
1037,28.027,-0.4139999999999979
1038,28.315,0.28800000000000026
1039,28.273,-0.04200000000000159
1040,27.999,-0.2740000000000009
1041,27.386,-0.6129999999999995
1042,27.549,0.16300000000000026
1043,27.226,-0.3230000000000004
1044,27.474,0.2480000000000011
1045,27.875,0.4009999999999998
1046,27.808,-0.06700000000000017
1047,27.985,0.1769999999999996
1048,27.789,-0.19599999999999795
1049,27.954,0.16499999999999915
1050,28.022,0.06799999999999784
1051,27.971,-0.05099999999999838
1052,28.025,0.053999999999998494
1053,28.362,0.33699999999999974
1054,27.78,-0.5819999999999972
1055,27.709,-0.0710000000000015
1056,28.251,0.5420000000000016
1057,28.102,-0.1490000000000009
1058,28.3,0.1980000000000004
1059,27.905,-0.3949999999999996
1060,27.812,-0.09299999999999997
1061,28.195,0.3829999999999991
1062,27.962,-0.23300000000000054
1063,27.902,-0.05999999999999872
1064,28.282,0.379999999999999
1065,27.863,-0.4190000000000005
1066,28.157,0.2940000000000005
1067,27.807,-0.3500000000000014
1068,27.761,-0.045999999999999375
1069,27.86,0.0990000000000002
1070,27.86,0.0
1071,27.653,-0.20700000000000074
1072,27.759,0.10600000000000165
1073,27.667,-0.09199999999999875
1074,27.694,0.02699999999999747
1075,27.749,0.054999999999999716
1076,27.696,-0.05299999999999727
1077,27.57,-0.12600000000000122
1078,28.233,0.6630000000000003
1079,27.911,-0.3219999999999992
1080,27.899,-0.012000000000000455
1081,28.217,0.31799999999999784
1082,27.867,-0.34999999999999787
1083,27.899,0.03200000000000003
1084,27.718,-0.18100000000000094
1085,27.577,-0.14099999999999824
1086,27.602,0.02499999999999858
1087,27.463,-0.13899999999999935
1088,27.619,0.1559999999999988
1089,27.853,0.23400000000000176
1090,28.374,0.5209999999999972
1091,27.865,-0.5090000000000003
1092,27.309,-0.5559999999999974
1093,28.005,0.695999999999998
1094,27.914,-0.09099999999999753
1095,27.815,-0.0990000000000002
1096,27.672,-0.14300000000000068
1097,27.212,-0.46000000000000085
1098,27.664,0.45200000000000173
1099,27.891,0.22699999999999676
1100,27.407,-0.4839999999999982
1101,27.41,0.0030000000000001137
1102,27.766,0.3559999999999981
1103,27.586,-0.17999999999999972
1104,27.581,-0.004999999999999005
1105,27.609,0.028000000000002245
1106,27.495,-0.11400000000000077
1107,27.586,0.09099999999999753
1108,27.881,0.2950000000000017
1109,27.898,0.01699999999999946
1110,27.68,-0.21799999999999997
1111,27.628,-0.0519999999999996
1112,27.629,0.0010000000000012221
1113,27.356,-0.2729999999999997
1114,27.988,0.6319999999999979
1115,27.792,-0.19599999999999795
1116,28.036,0.24399999999999977
1117,27.351,-0.6850000000000023
1118,27.481,0.13000000000000256
1119,28.081,0.5999999999999979
1120,27.703,-0.3780000000000001
1121,27.416,-0.28699999999999903
1122,27.367,-0.04899999999999949
1123,27.363,-0.004000000000001336
1124,27.598,0.23499999999999943
1125,27.529,-0.06899999999999906
1126,27.871,0.34199999999999875
1127,27.7,-0.17099999999999937
1128,27.465,-0.23499999999999943
1129,27.708,0.24299999999999855
1130,27.255,-0.4529999999999994
1131,27.948,0.6930000000000014
1132,27.897,-0.05100000000000193
1133,27.687,-0.2099999999999973
1134,27.68,-0.0070000000000014495
1135,27.797,0.11700000000000088
1136,27.608,-0.18900000000000006
1137,27.631,0.022999999999999687
1138,27.804,0.17299999999999827
1139,27.615,-0.18900000000000006
1140,27.956,0.3410000000000011
1141,27.582,-0.3739999999999988
1142,27.631,0.04899999999999949
1143,27.59,-0.04100000000000037
1144,27.26,-0.3299999999999983
1145,27.824,0.5640000000000001
1146,27.659,-0.1650000000000027
1147,27.92,0.2610000000000028
1148,27.867,-0.053000000000000824
1149,27.853,-0.013999999999999346
1150,27.492,-0.36100000000000065
1151,27.33,-0.1620000000000026
1152,27.387,0.05700000000000216
1153,27.78,0.3930000000000007
1154,27.643,-0.13700000000000045
1155,27.948,0.3049999999999997
1156,27.52,-0.4280000000000008
1157,27.402,-0.11799999999999855
1158,27.777,0.375
1159,27.282,-0.495000000000001
1160,28.127,0.8449999999999989
1161,27.555,-0.5719999999999992
1162,27.722,0.1670000000000016
1163,27.965,0.24299999999999855
1164,27.776,-0.18900000000000006
1165,27.668,-0.10800000000000054
1166,27.613,-0.054999999999999716
1167,27.577,-0.03599999999999781
1168,27.934,0.3569999999999993
1169,27.913,-0.021000000000000796
1170,27.641,-0.272000000000002
1171,28.171,0.5300000000000011
1172,27.858,-0.31299999999999883
1173,27.527,-0.3309999999999995
1174,28.023,0.49599999999999866
1175,28.231,0.20800000000000196
1176,27.85,-0.3810000000000002
1177,27.829,-0.021000000000000796
1178,27.826,-0.0030000000000001137
1179,27.78,-0.045999999999999375
1180,27.189,-0.5910000000000011
1181,27.476,0.28699999999999903
1182,27.847,0.3710000000000022
1183,27.751,-0.09600000000000009
1184,28.007,0.2560000000000002
1185,27.687,-0.3200000000000003
1186,27.48,-0.20700000000000074
1187,28.126,0.6460000000000008
1188,27.736,-0.39000000000000057
1189,27.38,-0.35600000000000165
1190,27.416,0.036000000000001364
1191,27.357,-0.05900000000000105
1192,27.713,0.35600000000000165
1193,27.721,0.007999999999999119
1194,27.691,-0.030000000000001137
1195,27.675,-0.015999999999998238
1196,27.397,-0.27800000000000225
1197,27.632,0.23500000000000298
1198,27.512,-0.120000000000001
1199,27.57,0.05799999999999983
1200,27.259,-0.31099999999999994
1201,27.772,0.5129999999999981
1202,28.081,0.30900000000000105
1203,27.629,-0.4519999999999982
1204,27.777,0.1479999999999997
1205,27.854,0.07699999999999818
1206,27.459,-0.3949999999999996
1207,27.596,0.13700000000000045
1208,27.968,0.3719999999999999
1209,27.213,-0.754999999999999
1210,27.364,0.1509999999999998
1211,27.075,-0.2890000000000015
1212,27.421,0.3460000000000001
1213,27.16,-0.26099999999999923
1214,27.517,0.3569999999999993
1215,27.462,-0.054999999999999716
1216,27.653,0.19099999999999895
1217,27.346,-0.3069999999999986
1218,27.837,0.49099999999999966
1219,27.622,-0.21499999999999986
1220,27.325,-0.2970000000000006
1221,27.515,0.19000000000000128
1222,27.883,0.36799999999999855
1223,27.0,-0.8829999999999991
1224,27.373,0.3730000000000011
1225,27.113,-0.26000000000000156
1226,27.211,0.09799999999999898
1227,26.865,-0.3460000000000001
1228,27.161,0.2960000000000029
1229,26.997,-0.16400000000000148
1230,26.911,-0.08599999999999852
1231,27.542,0.6310000000000002
1232,28.025,0.482999999999997
1233,27.846,-0.1789999999999985
1234,27.335,-0.5109999999999992
1235,27.415,0.0799999999999983
1236,27.885,0.4700000000000024
1237,27.469,-0.41600000000000037
1238,27.469,0.0
1239,27.462,-0.0070000000000014495
1240,27.188,-0.2740000000000009
1241,27.405,0.2170000000000023
1242,27.394,-0.011000000000002785
1243,27.052,-0.34199999999999875
1244,27.372,0.3200000000000003
1245,27.242,-0.129999999999999
1246,27.0,-0.24200000000000088
1247,27.447,0.4469999999999992
1248,27.592,0.14499999999999957
1249,27.512,-0.0799999999999983
1250,27.251,-0.26099999999999923
1251,27.422,0.17099999999999937
1252,27.834,0.41199999999999903
1253,27.858,0.02400000000000091
1254,27.083,-0.7750000000000021
1255,26.766,-0.31700000000000017
1256,27.338,0.5720000000000027
1257,27.653,0.3149999999999977
1258,27.758,0.10500000000000043
1259,27.524,-0.2339999999999982
1260,28.005,0.4809999999999981
1261,27.47,-0.5350000000000001
1262,27.274,-0.19599999999999795
1263,28.032,0.7579999999999991
1264,27.686,-0.3460000000000001
1265,27.691,0.004999999999999005
1266,27.422,-0.26899999999999835
1267,27.481,0.05900000000000105
1268,27.492,0.010999999999999233
1269,27.53,0.038000000000000256
1270,27.126,-0.4039999999999999
1271,27.39,0.26399999999999935
1272,27.194,-0.1960000000000015
1273,27.123,-0.07099999999999795
1274,27.57,0.4469999999999992
1275,27.139,-0.43100000000000094
1276,27.516,0.3769999999999989
1277,27.672,0.15600000000000236
1278,27.239,-0.43299999999999983
1279,27.164,-0.07499999999999929
1280,27.17,0.006000000000000227
1281,27.592,0.42199999999999704
1282,27.433,-0.15899999999999892
1283,27.217,-0.21600000000000108
1284,27.074,-0.14299999999999713
1285,27.202,0.1280000000000001
1286,27.239,0.036999999999999034
1287,27.193,-0.045999999999999375
1288,27.099,-0.0940000000000012
1289,27.35,0.2510000000000012
1290,26.948,-0.402000000000001
1291,26.969,0.021000000000000796
1292,27.182,0.2129999999999974
1293,27.1,-0.08199999999999719
1294,27.248,0.1479999999999997
1295,27.223,-0.02500000000000213
1296,27.206,-0.01699999999999946
1297,27.183,-0.022999999999999687
1298,27.241,0.05799999999999983
1299,27.209,-0.03200000000000003
1300,27.206,-0.0030000000000001137
1301,27.17,-0.03599999999999781
1302,27.186,0.015999999999998238
1303,27.573,0.38700000000000045
1304,27.524,-0.04899999999999949
1305,27.257,-0.26699999999999946
1306,27.413,0.1559999999999988
1307,27.5,0.08699999999999974
1308,27.43,-0.07000000000000028
1309,27.497,0.06700000000000017
1310,27.3,-0.19699999999999918
1311,27.188,-0.11200000000000188
1312,27.206,0.018000000000000682
1313,27.151,-0.054999999999999716
1314,27.318,0.1670000000000016
1315,27.318,0.0
1316,27.16,-0.15800000000000125
1317,27.156,-0.004000000000001336
1318,27.143,-0.012999999999998124
1319,27.573,0.4299999999999997
1320,27.583,0.00999999999999801
1321,27.225,-0.357999999999997
1322,27.349,0.12399999999999878
1323,27.39,0.04100000000000037
1324,27.349,-0.04100000000000037
1325,27.118,-0.23100000000000165
1326,27.194,0.07600000000000051
1327,27.143,-0.05099999999999838
1328,27.463,0.3200000000000003
1329,27.624,0.1609999999999978
1330,27.185,-0.43900000000000006
1331,27.372,0.18700000000000117
1332,27.566,0.19399999999999906
1333,27.561,-0.004999999999999005
1334,27.431,-0.129999999999999
1335,27.128,-0.3030000000000008
1336,27.29,0.16199999999999903
1337,27.17,-0.11999999999999744
1338,27.082,-0.08800000000000097
1339,27.177,0.09499999999999886
1340,27.186,0.009000000000000341
1341,27.234,0.04800000000000182
1342,27.56,0.32599999999999696
1343,27.405,-0.15499999999999758
1344,27.35,-0.054999999999999716
1345,27.308,-0.04200000000000159
1346,27.674,0.36599999999999966
1347,27.187,-0.4869999999999983
1348,27.233,0.045999999999999375
1349,27.45,0.21699999999999875
1350,27.39,-0.05999999999999872
1351,27.251,-0.13899999999999935
1352,27.168,-0.08300000000000196
1353,27.476,0.30799999999999983
1354,27.365,-0.11100000000000065
1355,27.646,0.28100000000000236
1356,27.258,-0.3880000000000017
1357,27.303,0.045000000000001705
1358,27.086,-0.2170000000000023
1359,27.693,0.6070000000000029
1360,27.222,-0.4710000000000001
1361,26.94,-0.28200000000000003
1362,27.152,0.21199999999999974
1363,27.477,0.3249999999999993
1364,27.805,0.3279999999999994
1365,27.495,-0.3099999999999987
1366,28.016,0.5209999999999972
1367,28.032,0.01600000000000179
1368,27.25,-0.782
1369,27.973,0.722999999999999
1370,28.099,0.12600000000000122
1371,27.594,-0.504999999999999
1372,27.403,-0.1910000000000025
1373,27.777,0.37400000000000233
1374,27.287,-0.490000000000002
1375,27.608,0.3210000000000015
1376,27.239,-0.3689999999999998
1377,27.212,-0.027000000000001023
1378,27.725,0.5130000000000017
1379,27.833,0.10799999999999699
1380,27.334,-0.4989999999999988
1381,27.15,-0.18400000000000105
1382,27.212,0.062000000000001165
1383,27.225,0.013000000000001677
1384,27.443,0.21799999999999997
1385,27.691,0.24799999999999756
1386,27.447,-0.24399999999999977
1387,27.487,0.03999999999999915
1388,27.32,-0.16699999999999804
1389,27.794,0.4740000000000002
1390,27.927,0.13299999999999912
1391,27.577,-0.34999999999999787
1392,27.739,0.16199999999999903
1393,27.365,-0.37400000000000233
1394,27.355,-0.00999999999999801
1395,27.646,0.29100000000000037
1396,27.39,-0.2560000000000002
1397,27.774,0.38400000000000034
1398,27.19,-0.5839999999999996
1399,27.498,0.30799999999999983
1400,27.403,-0.09500000000000242
1401,26.856,-0.546999999999997
1402,27.252,0.39599999999999724
1403,27.492,0.240000000000002
1404,27.35,-0.14199999999999946
1405,27.584,0.2339999999999982
1406,27.598,0.013999999999999346
1407,27.386,-0.21199999999999974
1408,27.481,0.09500000000000242
1409,27.374,-0.10700000000000287
1410,27.481,0.10700000000000287
1411,26.992,-0.48900000000000077
1412,27.488,0.49599999999999866
1413,27.761,0.2729999999999997
1414,27.752,-0.009000000000000341
1415,27.602,-0.14999999999999858
1416,27.553,-0.04899999999999949
1417,27.3,-0.2530000000000001
1418,27.387,0.08699999999999974
1419,27.254,-0.13299999999999912
1420,27.038,-0.21600000000000108
1421,27.374,0.3359999999999985
1422,27.29,-0.08399999999999963
1423,27.357,0.06700000000000017
1424,27.286,-0.07099999999999795
1425,27.317,0.030999999999998806
1426,27.294,-0.022999999999999687
1427,27.586,0.29199999999999804
1428,27.874,0.28800000000000026
1429,27.14,-0.7339999999999982
1430,26.981,-0.15899999999999892
1431,27.001,0.019999999999999574
1432,27.535,0.5339999999999989
1433,27.525,-0.010000000000001563
1434,27.505,-0.019999999999999574
1435,27.472,-0.0329999999999977
1436,27.698,0.2259999999999991
1437,27.381,-0.31700000000000017
1438,27.725,0.3440000000000012
1439,27.385,-0.33999999999999986
1440,27.413,0.027999999999998693
1441,27.65,0.23699999999999832
1442,27.625,-0.02499999999999858
1443,27.501,-0.12399999999999878
1444,27.765,0.26399999999999935
1445,27.226,-0.5390000000000015
1446,27.369,0.14300000000000068
1447,27.447,0.0779999999999994
1448,27.084,-0.36299999999999955
1449,27.68,0.5960000000000001
1450,27.601,-0.07900000000000063
1451,27.714,0.11299999999999955
1452,27.997,0.28300000000000125
1453,27.746,-0.2510000000000012
1454,28.041,0.2950000000000017
1455,27.491,-0.5500000000000007
1456,27.565,0.07400000000000162
1457,27.582,0.01699999999999946
1458,27.344,-0.23799999999999955
1459,27.26,-0.08399999999999963
1460,28.013,0.7530000000000001
1461,27.788,-0.22500000000000142
1462,28.162,0.3739999999999988
1463,27.92,-0.24199999999999733
1464,27.844,-0.07600000000000051
1465,43.162,15.317999999999998
1466,45.967,2.8049999999999997
1467,46.734,0.767000000000003
1468,46.868,0.13400000000000034
1469,47.513,0.644999999999996
1470,47.218,-0.2949999999999946
1471,47.424,0.20599999999999596
1472,47.192,-0.23199999999999932
1473,47.204,0.012000000000000455
1474,47.021,-0.18299999999999983
1475,47.61,0.5889999999999986
1476,47.243,-0.36699999999999733
1477,46.992,-0.2510000000000048
1478,46.98,-0.012000000000000455
1479,46.994,0.014000000000002899
1480,46.786,-0.2079999999999984
1481,47.482,0.695999999999998
1482,46.929,-0.5529999999999973
1483,46.677,-0.25200000000000244
1484,46.674,-0.0030000000000001137
1485,46.635,-0.03900000000000148
1486,46.856,0.22100000000000364
1487,47.124,0.2680000000000007
1488,46.638,-0.4860000000000042
1489,47.021,0.38300000000000267
1490,46.7,-0.32099999999999795
1491,46.263,-0.4370000000000047
1492,46.54,0.277000000000001
1493,46.974,0.4339999999999975
1494,46.414,-0.5599999999999952
1495,46.251,-0.1630000000000038
1496,46.564,0.3130000000000024
1497,46.097,-0.46699999999999875
1498,46.074,-0.02300000000000324
1499,46.227,0.1529999999999987
1500,46.227,0.0
1501,46.241,0.014000000000002899
1502,46.206,-0.03499999999999659
1503,46.311,0.10499999999999687
1504,46.302,-0.009000000000000341
1505,46.004,-0.2980000000000018
1506,45.739,-0.26500000000000057
1507,46.339,0.6000000000000014
1508,46.812,0.472999999999999
1509,46.371,-0.4409999999999954
1510,46.302,-0.06900000000000261
1511,46.268,-0.03399999999999892
1512,46.302,0.03399999999999892
1513,46.847,0.5450000000000017
1514,46.894,0.046999999999997044
1515,46.778,-0.11599999999999966
1516,46.884,0.10600000000000165
1517,46.305,-0.5790000000000006
1518,46.778,0.472999999999999
1519,46.872,0.0940000000000012
1520,46.455,-0.4170000000000016
1521,46.339,-0.11599999999999966
1522,46.978,0.6390000000000029
1523,46.467,-0.5110000000000028
1524,46.921,0.4540000000000006
1525,46.872,-0.04899999999999949
1526,46.577,-0.2950000000000017
1527,46.386,-0.1909999999999954
1528,46.918,0.5319999999999965
1529,46.458,-0.46000000000000085
1530,46.659,0.2010000000000005
1531,46.254,-0.40500000000000114
1532,46.625,0.3710000000000022
1533,46.161,-0.46399999999999864
1534,46.263,0.10199999999999676
1535,46.905,0.642000000000003
1536,46.136,-0.7689999999999984
1537,46.65,0.5139999999999958
1538,46.193,-0.45700000000000074
1539,46.625,0.43200000000000216
1540,46.978,0.35300000000000153
1541,46.086,-0.892000000000003
1542,46.894,0.8079999999999998
1543,46.43,-0.46399999999999864
1544,46.421,-0.009000000000000341
1545,46.467,0.045999999999999375
1546,46.398,-0.06899999999999551
1547,46.398,0.0
1548,47.152,0.7539999999999978
1549,46.782,-0.37000000000000455
1550,46.605,-0.1769999999999996
1551,46.815,0.21000000000000085
1552,46.698,-0.11699999999999733
1553,46.628,-0.07000000000000028
1554,46.616,-0.012000000000000455
1555,46.683,0.06700000000000017
1556,46.815,0.1319999999999979
1557,46.661,-0.15399999999999636
1558,46.858,0.19699999999999562
1559,46.519,-0.33899999999999864
1560,47.011,0.49200000000000443
1561,46.999,-0.012000000000000455
1562,47.049,0.04999999999999716
1563,46.846,-0.20300000000000296
1564,46.655,-0.1909999999999954
1565,46.605,-0.05000000000000426
1566,46.988,0.38300000000000267
1567,46.999,0.011000000000002785
1568,46.403,-0.5960000000000036
1569,47.013,0.6099999999999994
1570,47.26,0.2469999999999999
1571,47.51,0.25
1572,46.719,-0.7909999999999968
1573,46.796,0.07699999999999818
1574,47.19,0.39399999999999835
1575,46.616,-0.5739999999999981
1576,46.471,-0.14500000000000313
1577,46.316,-0.15499999999999403
1578,46.351,0.03499999999999659
1579,46.876,0.5249999999999986
1580,46.992,0.11599999999999966
1581,46.817,-0.17499999999999716
1582,46.958,0.14099999999999824
1583,46.933,-0.02499999999999858
1584,46.541,-0.392000000000003
1585,46.543,0.0020000000000024443
1586,46.848,0.3049999999999997
1587,46.569,-0.27899999999999636
1588,46.778,0.20899999999999608
1589,46.662,-0.11599999999999966
1590,46.686,0.02400000000000091
1591,46.611,-0.07500000000000284
1592,46.698,0.0870000000000033
1593,46.015,-0.6829999999999998
1594,46.435,0.4200000000000017
1595,46.541,0.10599999999999454
1596,46.807,0.26600000000000534
1597,46.592,-0.2150000000000034
1598,46.707,0.11500000000000199
1599,46.63,-0.07699999999999818
1600,46.962,0.33200000000000074
1601,46.482,-0.480000000000004
1602,46.435,-0.046999999999997044
1603,46.555,0.11999999999999744
1604,46.541,-0.014000000000002899
1605,46.505,-0.03599999999999426
1606,46.7,0.19500000000000028
1607,46.665,-0.035000000000003695
1608,46.613,-0.0519999999999996
1609,46.686,0.0730000000000004
1610,46.756,0.07000000000000028
1611,46.613,-0.14300000000000068
1612,46.628,0.015000000000000568
1613,46.387,-0.24099999999999966
1614,46.695,0.30799999999999983
1615,46.698,0.0030000000000001137
1616,46.732,0.03399999999999892
1617,47.054,0.32200000000000273
1618,47.102,0.047999999999994714
1619,46.712,-0.38999999999999346
1620,47.149,0.4369999999999976
1621,46.588,-0.5609999999999999
1622,46.625,0.036999999999999034
1623,46.7,0.07500000000000284
1624,46.661,-0.03900000000000148
1625,46.698,0.036999999999999034
1626,46.625,-0.0730000000000004
1627,46.745,0.11999999999999744
1628,47.189,0.4440000000000026
1629,46.675,-0.5140000000000029
1630,46.723,0.04800000000000182
1631,46.772,0.04899999999999949
1632,47.022,0.25
1633,46.807,-0.2149999999999963
1634,47.171,0.3639999999999972
1635,47.127,-0.04399999999999693
1636,47.119,-0.008000000000002672
1637,46.69,-0.42900000000000205
1638,47.234,0.544000000000004
1639,47.198,-0.036000000000001364
1640,46.555,-0.6430000000000007
1641,47.071,0.5159999999999982
1642,46.592,-0.4789999999999992
1643,46.628,0.036000000000001364
1644,46.675,0.046999999999997044
1645,47.128,0.45300000000000296
1646,46.793,-0.33500000000000085
1647,46.662,-0.13100000000000023
1648,46.885,0.22299999999999898
1649,46.992,0.10699999999999932
1650,47.447,0.4550000000000054
1651,46.905,-0.5420000000000016
1652,47.062,0.15699999999999648
1653,46.847,-0.2149999999999963
1654,47.016,0.16899999999999693
1655,47.168,0.15200000000000102
1656,47.263,0.09499999999999886
1657,46.853,-0.4099999999999966
1658,46.792,-0.06099999999999994
1659,47.124,0.33200000000000074
1660,46.873,-0.2510000000000048
1661,47.077,0.20400000000000063
1662,47.006,-0.07099999999999795
1663,47.352,0.34599999999999653
1664,47.313,-0.03899999999999437
1665,47.217,-0.09600000000000364
1666,47.227,0.00999999999999801
1667,47.11,-0.11699999999999733
1668,47.206,0.09600000000000364
1669,47.549,0.3429999999999964
1670,47.621,0.07200000000000273
1671,47.498,-0.12300000000000466
1672,47.26,-0.23799999999999955
1673,47.206,-0.05399999999999494
1674,46.741,-0.4650000000000034
1675,46.943,0.20199999999999818
1676,46.956,0.01300000000000523
1677,46.981,0.02499999999999858
1678,47.028,0.046999999999997044
1679,46.979,-0.04899999999999949
1680,46.909,-0.07000000000000028
1681,46.967,0.05799999999999983
1682,47.226,0.25900000000000034
1683,47.143,-0.08299999999999841
1684,47.512,0.3689999999999998
1685,47.169,-0.3430000000000035
1686,46.727,-0.44200000000000017
1687,46.736,0.009000000000000341
1688,46.727,-0.009000000000000341
1689,47.404,0.6770000000000067
1690,47.264,-0.14000000000000057
1691,47.264,0.0
1692,47.679,0.41499999999999915
1693,47.947,0.2680000000000007
1694,47.264,-0.6829999999999998
1695,47.43,0.16599999999999682
1696,47.455,0.02499999999999858
1697,47.416,-0.03900000000000148
1698,47.527,0.1110000000000042
1699,47.926,0.3990000000000009
1700,47.807,-0.11899999999999977
1701,47.948,0.14099999999999824
1702,47.913,-0.035000000000003695
1703,47.063,-0.8499999999999943
1704,47.997,0.9339999999999975
1705,47.396,-0.6009999999999991
1706,47.145,-0.25099999999999767
1707,47.852,0.7069999999999936
1708,47.898,0.04600000000000648
1709,46.913,-0.9850000000000065
1710,46.877,-0.03599999999999426
1711,47.479,0.6019999999999968
1712,47.815,0.3359999999999985
1713,47.624,-0.1909999999999954
1714,47.624,0.0
1715,47.512,-0.11200000000000188
1716,47.073,-0.43900000000000006
1717,47.034,-0.03900000000000148
1718,47.698,0.6640000000000015
1719,47.56,-0.13799999999999812
1720,47.655,0.09499999999999886
1721,47.1,-0.5549999999999997
1722,47.039,-0.06099999999999994
1723,47.616,0.5769999999999982
1724,47.05,-0.5660000000000025
1725,48.136,1.0860000000000056
1726,47.122,-1.014000000000003
1727,47.122,0.0
1728,47.089,-0.03300000000000125
1729,47.075,-0.013999999999995794
1730,47.643,0.5679999999999978
1731,47.337,-0.3059999999999974
1732,47.37,0.032999999999994145
1733,47.394,0.02400000000000091
1734,47.37,-0.02400000000000091
1735,47.336,-0.03399999999999892
1736,47.357,0.021000000000000796
1737,47.333,-0.02400000000000091
1738,47.333,0.0
1739,47.391,0.05799999999999983
1740,46.781,-0.6099999999999994
1741,47.653,0.8719999999999999
1742,47.668,0.015000000000000568
1743,47.196,-0.4720000000000013
1744,47.701,0.5050000000000026
1745,47.573,-0.1280000000000001
1746,47.489,-0.08400000000000318
1747,47.126,-0.36299999999999955
1748,47.076,-0.04999999999999716
1749,47.656,0.5799999999999983
1750,47.04,-0.6159999999999997
1751,47.498,0.4579999999999984
1752,47.1,-0.39799999999999613
1753,47.262,0.16199999999999903
1754,47.053,-0.20900000000000318
1755,47.862,0.8090000000000046
1756,47.482,-0.38000000000000256
1757,47.471,-0.011000000000002785
1758,47.625,0.15400000000000347
1759,47.647,0.021999999999998465
1760,47.577,-0.07000000000000028
1761,47.496,-0.08099999999999596
1762,47.379,-0.11700000000000443
1763,47.329,-0.04999999999999716
1764,47.413,0.08399999999999608
1765,47.931,0.5180000000000007
1766,47.066,-0.8649999999999949
1767,47.388,0.3219999999999956
1768,47.413,0.02499999999999858
1769,47.357,-0.055999999999997385
1770,47.357,0.0
1771,47.295,-0.06199999999999761
1772,47.231,-0.06400000000000006
1773,47.313,0.08200000000000074
1774,47.187,-0.12600000000000477
1775,46.982,-0.2049999999999983
1776,47.49,0.5080000000000027
1777,47.443,-0.04700000000000415
1778,47.406,-0.036999999999999034
1779,47.5,0.0940000000000012
1780,47.441,-0.0589999999999975
1781,47.549,0.10799999999999699
1782,47.574,0.02499999999999858
1783,47.783,0.20900000000000318
1784,47.876,0.09299999999999642
1785,47.724,-0.15200000000000102
1786,47.621,-0.10299999999999443
1787,48.129,0.5079999999999956
1788,47.551,-0.5779999999999959
1789,47.574,0.022999999999996135
1790,47.588,0.014000000000002899
1791,47.947,0.35900000000000176
1792,47.852,-0.09500000000000597
1793,47.401,-0.4509999999999934
1794,47.497,0.09599999999999653
1795,47.6,0.10300000000000153
1796,47.496,-0.1039999999999992
1797,47.472,-0.02400000000000091
1798,47.258,-0.21399999999999864
1799,47.236,-0.02200000000000557
1800,47.224,-0.012000000000000455
1801,47.2,-0.023999999999993804
1802,47.15,-0.05000000000000426
1803,47.188,0.03800000000000381
1804,47.495,0.30699999999999505
1805,47.52,0.025000000000005684
1806,47.002,-0.5180000000000007
1807,46.848,-0.15400000000000347
1808,47.399,0.5510000000000019
1809,47.176,-0.22299999999999898
1810,46.768,-0.40800000000000125
1811,47.127,0.35900000000000176
1812,47.019,-0.10800000000000409
1813,47.224,0.2049999999999983
1814,46.867,-0.3569999999999993
1815,46.938,0.07100000000000506
1816,46.842,-0.09600000000000364
1817,46.343,-0.4989999999999952
1818,46.942,0.5989999999999966
1819,47.001,0.0589999999999975
1820,46.842,-0.15899999999999892
1821,46.918,0.07600000000000051
1822,46.929,0.011000000000002785
1823,46.359,-0.5700000000000003
1824,46.359,0.0
1825,46.648,0.2890000000000015
1826,46.683,0.03499999999999659
1827,47.143,0.46000000000000085
1828,46.72,-0.4230000000000018
1829,46.659,-0.06099999999999994
1830,45.947,-0.7119999999999962
1831,46.188,0.24099999999999966
1832,46.72,0.5319999999999965
1833,47.121,0.40100000000000335
1834,46.625,-0.4960000000000022
1835,46.745,0.11999999999999744
1836,46.626,-0.11899999999999977
1837,46.415,-0.21099999999999852
1838,46.341,-0.07399999999999807
1839,46.307,-0.03399999999999892
1840,46.37,0.06299999999999528
1841,46.851,0.48100000000000165
1842,46.792,-0.0589999999999975
1843,46.347,-0.4450000000000003
1844,46.354,0.006999999999997897
1845,46.341,-0.012999999999998124
1846,46.651,0.3100000000000023
1847,46.954,0.30299999999999727
1848,46.44,-0.5140000000000029
1849,46.846,0.4059999999999988
1850,46.395,-0.4509999999999934
1851,46.37,-0.025000000000005684
1852,46.115,-0.25499999999999545
1853,46.115,0.0
1854,46.345,0.22999999999999687
1855,46.503,0.15800000000000125
1856,46.37,-0.13300000000000267
1857,46.44,0.07000000000000028
1858,46.37,-0.07000000000000028
1859,46.453,0.08300000000000551
1860,46.823,0.36999999999999744
1861,46.86,0.036999999999999034
1862,47.27,0.4100000000000037
1863,46.848,-0.42200000000000415
1864,46.651,-0.19699999999999562
1865,47.21,0.5589999999999975
1866,46.842,-0.3680000000000021
1867,46.283,-0.5589999999999975
1868,46.722,0.43900000000000006
1869,46.508,-0.21399999999999864
1870,46.531,0.022999999999996135
1871,46.325,-0.20599999999999596
1872,46.741,0.4159999999999968
1873,45.981,-0.759999999999998
1874,46.076,0.09499999999999886
1875,46.588,0.5120000000000005
1876,46.881,0.29299999999999926
1877,47.376,0.49499999999999744
1878,47.138,-0.23799999999999955
1879,46.971,-0.1670000000000016
1880,46.889,-0.08199999999999363
1881,46.787,-0.10200000000000387
1882,46.934,0.14699999999999847
1883,46.894,-0.03999999999999915
1884,46.745,-0.1490000000000009
1885,46.723,-0.021999999999998465
1886,46.616,-0.10699999999999932
1887,46.569,-0.046999999999997044
1888,46.625,0.055999999999997385
1889,46.77,0.14500000000000313
1890,46.967,0.19699999999999562
1891,47.379,0.41199999999999903
1892,47.239,-0.14000000000000057
1893,47.167,-0.07199999999999562
1894,47.323,0.1559999999999988
1895,47.185,-0.13799999999999812
1896,47.187,0.001999999999995339
1897,47.216,0.029000000000003467
1898,47.441,0.22500000000000142
1899,47.444,0.0030000000000001137
1900,47.313,-0.13100000000000023
1901,47.145,-0.16799999999999926
1902,46.76,-0.3850000000000051
1903,47.204,0.4440000000000026
1904,47.234,0.030000000000001137
1905,47.746,0.5120000000000005
1906,47.699,-0.04700000000000415
1907,47.255,-0.4439999999999955
1908,47.147,-0.10800000000000409
1909,46.868,-0.27899999999999636
1910,47.266,0.39799999999999613
1911,46.76,-0.5060000000000002
1912,47.208,0.4480000000000004
1913,46.749,-0.4589999999999961
1914,47.266,0.5169999999999959
1915,47.092,-0.1739999999999995
1916,47.116,0.02400000000000091
1917,47.27,0.15400000000000347
1918,47.329,0.0589999999999975
1919,47.363,0.03399999999999892
1920,47.34,-0.022999999999996135
1921,47.389,0.04899999999999949
1922,47.283,-0.10600000000000165
1923,47.4,0.11699999999999733
1924,47.518,0.1180000000000021
1925,47.446,-0.07200000000000273
1926,47.496,0.05000000000000426
1927,47.317,-0.17900000000000205
1928,47.483,0.16599999999999682
1929,47.4,-0.08299999999999841
1930,47.329,-0.07099999999999795
1931,46.898,-0.4309999999999974
1932,47.496,0.597999999999999
1933,47.423,-0.0730000000000004
1934,47.282,-0.14100000000000534
1935,47.439,0.15700000000000358
1936,47.352,-0.0870000000000033
1937,47.352,0.0
1938,47.366,0.014000000000002899
1939,47.376,0.00999999999999801
1940,46.921,-0.4549999999999983
1941,47.103,0.18200000000000216
1942,46.891,-0.2120000000000033
1943,46.817,-0.07399999999999807
1944,46.9,0.08299999999999841
1945,46.936,0.036000000000001364
1946,46.944,0.008000000000002672
1947,46.917,-0.027000000000001023
1948,46.796,-0.12100000000000222
1949,46.323,-0.472999999999999
1950,47.142,0.8190000000000026
1951,46.623,-0.5190000000000055
1952,46.842,0.2190000000000012
1953,46.668,-0.1739999999999995
1954,46.576,-0.09199999999999875
1955,47.142,0.5660000000000025
1956,46.491,-0.6510000000000034
1957,47.093,0.6020000000000039
1958,46.673,-0.4200000000000017
1959,46.105,-0.568000000000005
1960,46.921,0.8160000000000025
1961,46.91,-0.011000000000002785
1962,46.697,-0.21299999999999386
1963,46.442,-0.25500000000000256
1964,46.885,0.44299999999999784
1965,46.98,0.09499999999999886
1966,46.815,-0.16499999999999915
1967,46.442,-0.37299999999999756
1968,46.884,0.44200000000000017
1969,47.146,0.26200000000000045
1970,46.417,-0.7289999999999992
1971,46.84,0.4230000000000018
1972,46.921,0.08099999999999596
1973,46.816,-0.10499999999999687
1974,46.84,0.02400000000000091
1975,47.264,0.4239999999999995
1976,47.241,-0.02300000000000324
1977,46.854,-0.38700000000000045
1978,45.923,-0.9309999999999974
1979,45.855,-0.06800000000000495
1980,46.309,0.4540000000000006
1981,46.757,0.4480000000000004
1982,46.37,-0.38700000000000045
1983,47.251,0.8810000000000002
1984,46.395,-0.8559999999999945
1985,46.851,0.45599999999999596
1986,46.417,-0.4339999999999975
1987,46.383,-0.03399999999999892
1988,46.888,0.5049999999999955
1989,46.559,-0.3290000000000006
1990,46.609,0.05000000000000426
1991,46.725,0.11599999999999966
1992,46.724,-0.0010000000000047748
1993,46.697,-0.026999999999993918
1994,46.679,-0.018000000000000682
1995,46.642,-0.036999999999999034
1996,46.581,-0.06099999999999994
1997,47.01,0.42899999999999494
1998,46.629,-0.3810000000000002
1999,46.642,0.01300000000000523
2000,46.737,0.09499999999999886
2001,46.868,0.13100000000000023
2002,46.833,-0.035000000000003695
2003,46.14,-0.6929999999999978
2004,46.797,0.6569999999999965
2005,46.83,0.03300000000000125
2006,46.833,0.0030000000000001137
2007,46.702,-0.13100000000000023
2008,47.055,0.35300000000000153
2009,46.81,-0.24499999999999744
2010,46.796,-0.014000000000002899
2011,47.301,0.5050000000000026
2012,47.509,0.2079999999999984
2013,46.604,-0.9050000000000011
2014,46.396,-0.2079999999999984
2015,46.896,0.5
2016,46.736,-0.1600000000000037
2017,46.713,-0.022999999999996135
2018,46.633,-0.0799999999999983
2019,46.549,-0.08400000000000318
2020,46.725,0.17600000000000193
2021,47.243,0.5180000000000007
2022,46.946,-0.29700000000000415
2023,46.566,-0.37999999999999545
2024,47.157,0.590999999999994
2025,47.311,0.15400000000000347
2026,47.227,-0.08400000000000318
2027,47.194,-0.032999999999994145
2028,46.786,-0.40800000000000125
2029,47.301,0.5150000000000006
2030,46.772,-0.5290000000000035
2031,47.262,0.490000000000002
2032,47.534,0.27199999999999847
2033,47.264,-0.269999999999996
2034,47.323,0.0589999999999975
2035,47.033,-0.28999999999999915
2036,46.966,-0.06700000000000017
2037,46.976,0.00999999999999801
2038,47.191,0.2150000000000034
2039,47.215,0.02400000000000091
2040,46.844,-0.3710000000000022
2041,47.171,0.3269999999999982
2042,47.157,-0.014000000000002899
2043,47.215,0.058000000000006935
2044,47.145,-0.07000000000000028
2045,47.157,0.01199999999999335
2046,46.913,-0.24399999999999977
2047,46.995,0.08200000000000074
2048,46.864,-0.13100000000000023
2049,46.816,-0.047999999999994714
2050,46.889,0.0730000000000004
2051,46.642,-0.2469999999999999
2052,46.628,-0.014000000000002899
2053,47.167,0.5390000000000015
2054,46.762,-0.40500000000000114
2055,47.219,0.45700000000000074
2056,46.667,-0.5519999999999996
2057,47.095,0.42799999999999727
2058,47.253,0.15800000000000125
2059,47.338,0.08500000000000085
2060,47.167,-0.17099999999999937
2061,47.072,-0.09499999999999886
2062,47.212,0.14000000000000057
2063,47.095,-0.11700000000000443
2064,47.657,0.5619999999999976
2065,47.702,0.045000000000001705
2066,47.046,-0.6559999999999988
2067,46.78,-0.26599999999999824
2068,46.602,-0.17800000000000438
2069,47.36,0.7580000000000027
2070,47.513,0.1529999999999987
2071,47.172,-0.3410000000000011
2072,47.139,-0.032999999999994145
2073,47.186,0.046999999999997044
2074,47.514,0.32800000000000296
2075,47.453,-0.06099999999999994
2076,47.357,-0.09600000000000364
2077,47.428,0.07099999999999795
2078,47.44,0.012000000000000455
2079,47.193,-0.2469999999999999
2080,47.382,0.18900000000000006
2081,47.1,-0.2819999999999965
2082,47.253,0.1529999999999987
2083,47.287,0.03399999999999892
2084,47.333,0.045999999999999375
2085,47.287,-0.045999999999999375
2086,46.934,-0.35300000000000153
2087,46.795,-0.1389999999999958
2088,46.872,0.07699999999999818
2089,47.099,0.22699999999999676
2090,47.005,-0.09399999999999409
2091,46.937,-0.06800000000000495
2092,46.959,0.02200000000000557
2093,46.731,-0.22800000000000153
2094,47.053,0.3219999999999956
2095,46.935,-0.117999999999995
2096,46.793,-0.142000000000003
2097,47.088,0.2950000000000017
2098,46.902,-0.18599999999999994
2099,46.793,-0.10900000000000176
2100,46.83,0.036999999999999034
2101,46.84,0.010000000000005116
2102,46.609,-0.23100000000000165
2103,46.609,0.0
2104,46.586,-0.02300000000000324
2105,47.356,0.7700000000000031
2106,47.319,-0.036999999999999034
2107,46.502,-0.8170000000000002
2108,47.111,0.6089999999999947
2109,46.955,-0.1559999999999988
2110,47.05,0.09499999999999886
2111,47.026,-0.023999999999993804
2112,46.766,-0.2600000000000051
2113,46.729,-0.036999999999999034
2114,46.766,0.036999999999999034
2115,47.06,0.29400000000000404
2116,46.884,-0.17600000000000193
2117,46.864,-0.020000000000003126
2118,47.053,0.18900000000000006
2119,47.35,0.29700000000000415
2120,46.536,-0.8140000000000001
2121,46.511,-0.02499999999999858
2122,46.497,-0.014000000000002899
2123,47.352,0.8549999999999969
2124,46.929,-0.4229999999999947
2125,47.062,0.13299999999999557
2126,46.372,-0.6899999999999977
2127,46.438,0.0660000000000025
2128,47.046,0.607999999999997
2129,46.806,-0.240000000000002
2130,47.243,0.4370000000000047
2131,46.917,-0.3260000000000005
2132,46.964,0.046999999999997044
2133,46.823,-0.14099999999999824
2134,46.764,-0.0589999999999975
2135,46.922,0.15799999999999415
2136,47.337,0.41500000000000625
2137,46.764,-0.5730000000000004
2138,46.811,0.046999999999997044
2139,47.264,0.45300000000000296
2140,46.96,-0.30400000000000205
2141,46.983,0.022999999999996135
2142,47.043,0.060000000000002274
2143,46.747,-0.2959999999999994
2144,46.969,0.2220000000000013
2145,47.006,0.036999999999999034
2146,46.591,-0.41499999999999915
2147,46.806,0.2149999999999963
2148,46.686,-0.11999999999999744
2149,46.709,0.02300000000000324
2150,46.496,-0.21300000000000097
2151,46.481,-0.015000000000000568
2152,47.202,0.7209999999999965
2153,47.238,0.036000000000001364
2154,47.226,-0.012000000000000455
2155,46.376,-0.8500000000000014
2156,46.351,-0.02499999999999858
2157,46.446,0.09499999999999886
2158,46.378,-0.06799999999999784
2159,46.401,0.02300000000000324
2160,46.491,0.0899999999999963
2161,46.423,-0.06799999999999784
2162,46.409,-0.014000000000002899
2163,46.551,0.142000000000003
2164,46.955,0.40399999999999636
2165,46.241,-0.7139999999999986
2166,46.596,0.3549999999999969
2167,46.115,-0.48099999999999454
2168,46.657,0.5419999999999945
2169,46.668,0.011000000000002785
2170,47.139,0.47100000000000364
2171,46.835,-0.30400000000000205
2172,46.608,-0.22700000000000387
2173,45.897,-0.7109999999999985
2174,46.633,0.7360000000000042
2175,46.894,0.2609999999999957
2176,46.405,-0.4889999999999972
2177,46.872,0.46699999999999875
2178,46.348,-0.5240000000000009
2179,46.409,0.06099999999999994
2180,46.5,0.09100000000000108
2181,46.371,-0.12899999999999778
2182,46.322,-0.04899999999999949
2183,46.775,0.45299999999999585
2184,46.916,0.14099999999999824
2185,46.892,-0.023999999999993804
2186,46.167,-0.7250000000000014
2187,46.605,0.4379999999999953
2188,46.548,-0.056999999999995055
2189,46.593,0.045000000000001705
2190,46.262,-0.33100000000000307
2191,46.869,0.6069999999999993
2192,45.8,-1.0690000000000026
2193,46.75,0.9500000000000028
2194,46.299,-0.4510000000000005
2195,46.263,-0.036000000000001364
2196,47.148,0.8850000000000051
2197,46.657,-0.49100000000000676
2198,46.713,0.05600000000000449
2199,45.938,-0.7749999999999986
2200,46.798,0.8599999999999994
2201,46.477,-0.32100000000000506
2202,46.757,0.28000000000000114
2203,46.584,-0.1729999999999947
2204,46.77,0.18599999999999994
