VS1,PS1,PS2,PS3,PS5,PS6,FS1,FS2,TS1,TS2,TS3,TS4,EPS1,CE,CP,SE
0.5248357076505616,95.85502494538964,98.0279544665814,91.4746932354916,85.37567350794372,82.33508322849991,23.802381371506016,18.752819052195033,39.278262446662744,42.3868085206892,42.09219244212261,46.33855287628592,0.7588032256514,58.88776250647844,10.121828611851358,68.08244308762644
0.49308678494144076,97.19909479901516,91.3113387032895,88.42664475069056,83.71178337662424,78.3464428510144,19.878678372370757,16.195896891284978,40.176820872139395,43.09098042518597,43.1396149892205,45.0620744234636,0.7640445274275407,59.73987941289276,9.454895796600285,67.29498262111855
0.5323844269050346,103.7364680256163,98.47842368042264,90.11497929173927,85.36689250909686,77.54540334973308,18.583186466179075,16.26067383745061,39.453319915412735,44.012270445700764,43.586394466578355,46.21662497540462,0.9024906047892963,63.33813905165266,9.507230199639535,66.83282322042484
0.5761514928204012,103.05185132716733,100.4225514352198,95.11380745042919,86.62989408710916,79.98987662776715,16.972571214774344,20.25086956882954,39.72834488967395,43.02370954610698,45.88768765734019,44.97424731635972,0.8000341409478742,58.114883988416246,9.515128140182663,70.82599782427559
0.4882923312638332,99.89549203017926,96.65373961289481,90.76439627207961,85.1465802109771,79.48944613242521,16.39372064748811,15.621176214265343,41.67345209029854,42.24930859564173,44.55655312453376,47.1008213984226,0.839106500076573,63.229557581419705,10.05526765873697,69.57186460454427
0.488293152152541,100.58663691654391,102.50718325023226,90.18574619262459,85.12177507361164,78.64031585201818,16.83172811398902,21.285345906511928,41.34046105179035,43.04508847408475,42.66451843090011,47.061370964873134,0.7604550309166224,59.35594369101588,9.686842361908496,70.75881079521022
0.5789606407753696,106.38832447894212,91.90484320358571,84.56057543608033,82.89402493657974,82.08916234237014,20.534253302022968,16.19875853070426,38.7004187630724,42.14488783309689,44.48603628941764,46.532006198821946,0.7610073526889181,62.65086421819016,10.24703195948776,71.38094537224302
0.5383717364576455,97.04214305582084,90.02138118675433,92.98501426410888,83.01129724734716,82.86591562571154,21.017450046459867,19.276783851216766,40.82973241787917,42.02390304328495,42.45269601106163,46.36166106124702,0.8540992404624972,57.18636998100492,8.572686668547805,70.53123398634507
0.47652628070325237,102.7354869058502,87.88511900438289,92.5819367245643,80.79218418460091,80.26522065887555,16.837618595935734,17.342763048502032,40.811396554491594,41.64858576428627,45.082691053887075,47.761188124867374,0.7325211894224234,61.1718084023293,9.571574067436101,71.31552635230075
0.5271280021792982,98.98903673783053,100.98417724595673,98.65301889322184,90.24873022956082,84.43259024316579,21.79007662815223,19.206374862164687,38.85173671124738,43.56341335883211,43.52887534818212,45.999686327388225,0.7792393116047365,58.526459728104754,9.436973019544475,69.86093542751546
0.4768291153593769,98.9115939838639,97.61746262541624,88.76888706018799,81.26841029382615,76.57493265759949,19.033877896633122,16.911771995771616,40.81877764375486,41.181571334058,43.90636381126083,44.8181258745792,0.8017013705536117,57.169465616151626,9.871829660813754,67.62601322338851
0.4767135123214872,105.49388425993595,94.77766131635818,90.87660131065576,82.92128440661227,79.41902162216084,20.2935860239711,17.67441418785541,41.53793191841255,43.53236772467812,45.32579664754219,46.4494739128323,0.8055686300920026,60.43706808482189,9.730976120754931,72.1156283616416
0.5120981135783017,104.12708174494014,96.11987450527928,90.99753473484301,82.8447782032924,77.84953303819158,23.22444125651085,18.081838350791443,38.87745519375559,42.49986412374037,42.71283643141575,48.086047049537115,0.7910453357491922,62.01894357719194,10.398921889947884,68.82177573443775
0.4043359877671101,104.06754818000319,90.4980438108065,96.3098131190539,87.68477313083332,74.40039014878082,21.793678631731062,15.995625088437055,39.08249717898573,40.60069382519806,42.602881814887006,44.98524050681415,0.8197909890547962,58.310117122813004,9.070331614169971,68.12880740247515
0.41375410837434834,106.52739403577165,104.7830079184673,89.61881787045219,84.11515096512392,79.7519579424719,19.462938704188335,19.481648690840252,41.0176614668435,42.36764929299142,43.416400673653996,45.63853723330602,0.8346427877908906,57.0019680790832,10.022745738165376,69.6441642483912
0.4718856235379514,100.1050192081638,95.51688472790092,91.11608610308136,88.7432262180212,79.63475747485015,18.217615549169427,16.97357286705683,40.27149531082565,39.89997349234837,45.03837885101932,46.416446038101455,0.8367318772729665,59.81631047133009,10.279168211605853,68.17437816140698
0.4493584439832788,103.40976485647482,95.43757917841957,92.43158603886616,82.9795281272684,84.54034922972639,15.69636919734139,17.542800169319964,40.55147627523952,42.625508016831034,42.48065392452316,45.94609515099426,0.7507098095666087,59.825129342445635,10.928323718280977,69.16513923602113
0.5157123666297637,98.44866621703272,97.90306649559477,90.74643649262543,85.8369824866714,81.89243505366433,18.56169336151516,16.011301250782974,40.340589216400495,42.88523148298899,41.16784440188943,45.01769641962269,0.7857922451035602,61.096639255109,9.759117014453263,70.68810784312693
0.45459879622393945,101.62083176244221,96.92403692694685,88.21426554179789,82.49395884022073,76.92743952701238,19.57773952234461,12.875332682409379,40.390695920928145,41.40764404434795,43.548841141591,47.12185785623047,0.8597381430938469,61.89918914272898,10.162229302176259,70.69668347849225
0.42938481493323544,99.34928472816158,95.89553609711652,90.77635997159324,91.43544738332017,85.56227769900256,18.02564094569763,17.61794447479966,38.67352787168892,42.12354769595558,44.551740799910924,48.32004072201726,0.8447323593786936,59.88116963745501,9.098068603718817,68.20433986714875
0.5732824384460777,100.48497982496359,91.83810217821875,94.29452699943909,81.43720474291146,83.66310108657606,19.73748606581539,22.82523084322583,41.04731770662145,43.95415743375029,45.20026174973883,46.19613145902391,0.7313570274259469,63.711006629588525,8.804021897843487,69.02458925410251
0.48871118497567323,102.97578512718457,96.88587342854399,85.89393880235576,85.92946213068109,81.74629311040584,20.153703765917538,19.569208575796047,41.169589992427774,41.49425329573806,43.5368386379146,45.095931710264,0.8175739950176101,60.44846948907058,10.42238718789085,72.14866600954049
0.5033764102343962,95.90889658383264,102.52809798590013,90.5318786965875,86.9013306427963,79.3205477034505,19.550288036383844,17.96147924053121,39.77060925593197,40.9410924129434,43.588573392884,44.451039474946526,0.7010887375312596,59.3071469879862,9.997219853175965,70.99280023546788
0.42876259068932715,110.4619363784273,100.38168018461991,87.19951674024331,86.24139729235449,77.12168228982956,18.69999483835308,17.474218341583466,39.956523050186135,43.4816634024626,45.15390073425575,46.25797598122118,0.8023467451030185,56.77686528179434,10.589256344899212,74.15013007869709
0.47278086377374084,94.96991309250149,101.37274650655759,94.78018651569937,84.44413702336688,78.88337967178684,20.337309343933455,18.044931785624094,38.46889249744428,43.9625871905308,42.13025830030458,47.103877343316256,0.8948883508372989,59.47468095936767,9.313298555515125,72.36025634748306
0.5055461294854933,93.92905693606134,92.95513729427526,83.9072523808649,84.61053790079973,83.26624585911256,20.883881299138817,19.09423823035042,40.514254756017834,42.00369567184785,43.61147922481699,46.47516774649538,0.7526053641365508,59.32722610917773,10.259951069764377,72.28858613711988
0.4424503211288848,105.79055436750033,91.04158071896568,87.76431261091365,85.13143441593733,85.65375891780383,17.819201845114307,15.63837436938231,40.57205744171414,43.011463035408354,44.19042388992506,45.99759615908115,0.7582838477254209,61.92060959256294,10.934408920271927,67.2242628990884
0.5187849009172836,103.95831346981468,94.4968523196014,91.50884750025809,84.55899399511453,84.62973058481657,22.82186475949254,20.228643389337744,39.937808983000686,43.34147591553088,44.449218721285035,45.4107283482107,0.838201489078643,60.92496724813371,10.209852804178633,71.52772070326685
0.46996806550405973,103.12059908526078,95.22289964915478,96.26209611693736,87.89163735038473,78.53345173464118,19.802823735431478,19.430762630882487,41.124353359870504,41.25751576746162,43.49019330680912,44.90783636728191,0.7228599242395177,57.641261756734764,10.138290752795525,69.89378639660617
0.48541531251033615,103.1417275463214,99.3767660738838,89.73699895570805,91.63156900477405,76.64114770013296,20.037699245889694,19.43637145141587,39.66592276902006,41.51469416463213,44.034441011705844,46.834751326324884,0.7683622485057481,60.344508772822074,10.004278040412174,68.8980363929235
0.46991466938853016,99.93876613576543,88.23014148114072,87.77920189322721,83.3275246449765,80.42265874073361,21.416428846513114,18.876951477619453,40.5646059258936,43.23087451315474,41.51167264658701,46.913771621385585,0.8298220568790877,61.34306234345811,9.214559271437043,70.33603068106505
0.5926139092254469,95.51372814257084,101.11820127784246,97.52462827776236,80.89059106126277,74.69468190331145,20.466432262527004,18.03923331538798,38.98033566130788,43.68501427870851,43.34175158766615,44.454270213309265,0.7682857076155298,63.056062718775664,10.677786467855174,71.89042306922296
0.4993251387631033,100.37902279096863,94.36796840568404,84.20794439833503,84.73515385494623,80.96950314255434,21.90627326782649,19.34572247193364,39.97644784912576,42.56288086017435,44.453508712554466,47.58983897818069,0.7882015006394515,61.77500793482812,9.694571180097467,71.00166318200843
0.44711445355220497,96.61419144243945,93.29247572021032,81.20477617351968,92.73912801296295,79.55719224110399,20.57424833040365,19.183628267482757,39.825645742097166,41.120185646497944,43.01770596574532,46.574071220894,0.8372092855157518,61.52169330862296,10.25224162819151,68.24305239731588
0.5411272456051595,104.87559866708875,90.95158249895933,91.76005780021333,82.5889762960908,78.60189049439528,18.775125250719125,17.29191857811795,40.22530792204094,43.98706111169944,44.0589842215896,47.3995946451458,0.8210773041768281,60.12017198923033,9.218482846714373,71.48491782718524
0.4389578175014489,99.2647130924893,88.38057331253692,87.99178310258955,89.9173504163322,75.21589079819961,20.723007050412203,16.8527964542062,39.63047307116664,41.46902910218804,44.4468725008027,44.65787225151489,0.8133409198147702,60.7766240108469,9.41027016774611,68.72482491584807
0.5104431797502378,95.87251401603744,98.29268233584766,85.91506873147715,90.03310244222932,81.54080031970915,17.712547585358678,18.203712590523974,39.86852740432833,41.664862218828546,43.65745079914223,44.63417584458456,0.7830438860364981,62.49900980141232,10.717543699611118,70.43336623792857
0.40201649380601123,98.39307079173503,95.29327186875362,92.8334257891974,83.33923527487602,78.40189748101426,20.217119411553046,21.098040302990373,40.82604717144151,42.34233783448962,44.17046377099657,45.851030690232705,0.8185030557634478,57.3344452050407,9.82634885552108,69.39329986504573
0.43359069755507845,102.06465727137812,89.84015640103578,90.9752028550848,86.70694923755583,76.49024949286914,19.933540018711078,15.521785848692199,39.563235762761785,43.55416042071477,43.03726743471539,46.5027844268952,0.7938133659950122,59.30112134556609,10.726637738021273,69.56226749652875
0.5098430617934562,97.18137723598012,89.81968491174554,87.74368547705309,89.88518986938561,71.38321336015505,19.58376628545492,15.06494946849512,38.393422899261324,42.85397597655222,43.79338872030395,47.796360822926964,0.8228902804962893,58.454862502487515,9.96088467047074,71.53248595008102
0.5369233289997706,95.88889802216784,93.6568612028395,84.87878240531643,83.86261677703754,79.91745528484809,19.74292497712214,18.329521682473032,41.74958390420542,42.41486550036191,44.61021616958922,46.70607891381513,0.7751533987441012,60.758306237452246,9.079051113521071,67.91961256036821
0.5085684140594985,101.21843605745956,101.67608610115757,93.48982931312058,84.38925891969292,85.31675479000923,16.236301909004723,18.101775403712036,41.38145407869049,42.463288530118106,44.15697296096843,45.757318723187964,0.7908715512810229,62.460444351301575,10.44603379986586,73.89039014855386
0.49421758588058795,101.22483285554361,93.96163459454559,92.60080471183464,83.25495725815406,84.9837776436436,18.902550184518077,18.346683328740816,38.70773730489438,42.04351466864347,43.413468730436065,44.973630792334106,0.7505021103723993,58.80605142655785,9.705053841122195,66.35782786141101
0.48494481522053556,97.46528412314436,88.98742818752757,89.60329654488247,81.9557298079214,78.62871123024118,20.18568980228223,18.487906395817,40.68970780524519,42.55813951451851,44.22421640429079,47.23000057271915,0.7982496194996882,55.21939126506113,10.349344406758522,68.80466463349029
0.42607390048162863,97.64480847190839,94.01702774365623,97.38654798419066,83.05216736480197,78.19336381891466,20.319712783994802,17.55359549073039,39.49702522944866,39.470439922305694,44.714609790636615,45.035294574249285,0.7594499568185578,59.17555850995106,10.012605433770041,70.74042377988349
0.46400778958026456,101.16024968678818,93.90910572100931,85.71966093469538,81.32817919971323,81.40632276822507,17.944649718148085,20.979726877204165,40.26348721533106,41.7033925409302,41.95005872142252,47.62846855477232,0.7442976774919003,61.82694746403482,9.228440886028565,71.16862833287063
0.47696806145201065,92.75957829251338,84.21245342823372,83.89789931630105,85.10225040477768,77.00484368243512,22.531415681729403,14.798192043046969,40.29422412901349,42.24132193491678,45.159074064955895,45.71561535039349,0.8129330573927694,61.07525980589976,10.082147382685285,69.79904855885658
0.5528561113109458,92.96268112811723,94.78282053392876,87.23236772047503,82.69008030682407,80.9053756994584,18.267650303571,16.343005950439508,39.76559219968368,40.84898591638049,43.66374526131893,47.59058207261785,0.810636988792883,60.85637249562115,11.0981115710764,69.88521859399691
0.5171809144784231,96.40777889373783,94.07626187916529,89.81765593457801,85.70135773537224,82.29824083515408,21.938914401053474,17.793490479701905,39.216234334413606,42.38632331781156,44.42548993324023,46.67893129005928,0.8391436867474287,59.44001339625104,10.24649322925723,70.82110017065523
0.4118479922318633,98.93276424144076,97.78482545925367,90.97335779729077,80.33231306138912,83.68079967165292,20.85438872374337,14.713622377691665,39.30945894768374,41.79552877901388,45.19724692364523,45.863004510557545,0.7784437215212451,57.441938527560424,9.971241123497268,69.53786104508464
0.5162041984697398,101.55453782799002,102.39582437978137,89.03505576857468,85.99264069664338,79.69953777056014,18.707545380312393,17.648291191135858,39.08380808451876,43.75547569831549,42.62832630276954,45.480603628173874,0.8204026423418378,61.03058864324893,10.537671700978448,72.78636251586981
0.48074588597918416,107.37678108474776,99.50626011819102,91.40822158605718,87.50058688482677,79.3889787494691,23.550621785219025,21.322940331456035,39.16817779176956,43.573019725214856,43.290558997572454,45.659092122653924,0.8275398786136832,58.33143637993075,10.105334232601555,71.6786982284632
0.4661538999847021,104.2882981160101,93.92444523778067,84.99384230323822,79.01879307228563,77.36605223973032,17.61272633648704,18.041772976591922,39.932821709950645,41.53419443088184,43.711451304124296,46.42831669237524,0.8222386903915798,64.36819346676091,10.104767115131397,71.74564870201127
0.5305838144420434,99.20030735018287,90.57389636503332,95.77505841629304,86.12216970954272,77.51935893788043,21.838308347220003,18.461401811437366,39.28424001088925,41.849162288433305,43.21624647887557,46.07715649621772,0.758717315859893,61.141014416709034,9.45418741392045,68.06768655325916
0.5515499761247975,99.90491896048655,105.29343921299944,89.67139528642973,88.68300697741988,79.32056332429542,22.001164636085957,15.47967046965484,40.68205206571262,41.92605243439161,45.734936575836805,45.4061885919313,0.8074681741135595,58.8387033948921,10.116924012894799,69.8412231511886
0.5465640059558099,94.98735317681096,95.23687373605796,94.4691833263525,81.37107694392638,81.10209652044854,18.65875958184671,16.767277183921045,41.487246155335924,41.54834052384038,43.14322790617321,45.83436858968237,0.8182070148027332,58.77722950522274,10.517721708208473,69.39906810255859
0.4580391238388681,99.90743432003805,95.05571716765178,91.37090138551082,90.01771716051312,82.74075387869975,22.784930600128657,17.249607239352127,39.419946758629955,42.19502498402813,43.44445322051313,46.07857702971915,0.8003589233453972,59.814111586772825,9.581968923949988,67.98879724862107
0.4845393812074393,98.5567068053993,94.90349965155998,91.82701287661513,86.25705702809813,77.59046314795897,19.499906970802094,17.36456980648753,40.23940450053538,41.24171793111241,44.20438903160298,43.87126590558519,0.6956761170814458,59.5209961559565,10.712247910623473,70.72032836789154
0.5165631715701782,101.61359280169044,95.79233904307142,92.27906912092881,82.88496443272477,84.47806570687857,20.577387258559714,20.563287590007537,40.499685110302934,40.869384665062476,42.79785047392391,46.4581681147887,0.8080244811986741,62.23366755105991,9.954146987927437,68.92470848444037
0.548777256356118,95.86384528223839,94.42255835230424,91.79083424006926,84.83269276702688,79.18662919687229,20.52064367754244,19.11538212145025,40.472002270919276,42.62271122390027,43.60431928824374,45.020278775283195,0.9106265519698622,60.37283233948809,9.55611524423073,71.31080765970047
0.4760412881077355,102.59673257120586,92.70535197247905,92.57089103947017,86.67498073756516,79.93589811695469,19.731382517058904,15.777084086125935,40.075955267916086,42.629529584221814,44.31745326125017,44.846667596794255,0.7819980365621509,58.53673652218294,10.498816038460122,67.85961687421134
0.49071705116680914,107.66369456501289,92.81256423503844,95.31661012052973,85.22801617423724,77.75836496255653,21.621616546319565,18.49300955686401,40.74268241835972,41.19568424034001,43.66713959561749,44.31265565288929,0.763596145107234,63.78088137031156,9.856602882130865,73.43808122568365
0.4446832512996986,99.45619925771571,94.868986919136,90.78608467880588,86.6162679773391,72.72727921918117,21.586977441104427,18.99644349699357,40.482248952680656,42.8953554307626,43.90661314110005,44.20610750213211,0.8186674279855699,60.098616663040445,10.379757443743054,68.20733468281588
0.44018966879596644,102.0085586104947,92.82630091546494,92.83601503035405,82.2379792207619,82.65213618908315,16.502936053523637,20.280298077042534,38.7623375776727,41.36842227083467,43.47066788755163,44.64455249688771,0.8156189105233286,61.5376793519378,9.85412068387073,70.43860467440088
0.54062629111971,103.45071995855557,92.14861686929135,89.64105722285109,85.50808247210823,82.2105316912773,22.608680485756306,21.161081373136746,40.86915606438927,42.25316523803798,42.485529690819234,45.29097904236951,0.8596367582708208,58.78354698511048,9.970086928235048,71.58371862077614
0.5678120014285412,97.99389764057082,95.42572091076758,95.76046886179789,80.75885650928505,79.15601732864536,16.675016023928652,15.969811616344263,40.88729083726674,42.82034401261246,44.32159321133924,47.953259137526565,0.7371065922045557,60.72623125548905,10.246780102167145,68.85871913959977
0.4963994939209833,101.12046240905208,93.98009113031658,87.29443079176292,84.66632181595389,80.20097215167462,22.065092408683313,16.378284977579323,39.23671389582142,41.966387435296284,45.754933071647244,45.474120324104796,0.8365690126287497,60.62221998228639,10.145448528795002,71.7049372868659
0.5501766448946012,100.06296200390898,101.01597195433075,97.20376173164327,82.28827707560563,81.5478176531123,22.253410273655167,15.484844282170767,40.0379378354476,42.45474091214113,44.01840163078344,46.17775010626803,0.8295211030625732,56.220701415807696,9.00223410977413,67.54163280439917
0.5180818012523817,100.48838049274416,84.39612076642796,89.83936819742263,82.7934101722307,75.31236242934037,17.818067139569603,17.531960281786038,40.68332899281107,41.48357035611243,44.22526411724755,46.40048138650633,0.7928926731529727,64.03055022092128,9.439378129952804,72.90423539836512
0.46774401226974377,96.13495108072267,99.36602740768984,84.27689959152781,88.70827952563131,78.41284196796111,19.17837142409083,18.93271674889267,39.790686180420636,41.8035334165719,44.69272275511686,46.13106518621585,0.8169343658960846,62.58128892184509,10.464704992395408,70.02829852993152
0.5180697802754207,100.12255087129472,99.98434076999051,90.51241765964316,88.2739303617828,82.38279403886548,17.788590663028128,19.974669033178202,41.072978047766014,41.79414056911966,42.7306695034533,45.922556539274005,0.8514728740799179,59.20560936770802,9.933931705549226,68.80717718406224
0.5769018283232985,102.48999145622724,86.7064390703674,87.27579337010047,86.82741436272153,76.23713173049225,19.57015793942253,17.848097952714955,42.36387249461936,41.25342165345976,45.70251465812961,44.804706236400754,0.8436157690014225,57.79546051908829,9.73813434861429,69.40163645514514
0.4982086980445024,107.2557180389752,93.6292496236786,93.36257419595489,81.72306170598226,80.88067379649989,19.38393143162852,17.360304953490314,39.21401396736502,41.82322583688422,44.202328796422805,47.45092754827921,0.7428490343963137,60.695123227607105,9.320712992371263,71.61783853878543
0.5782321827907003,104.79635413042604,93.51423653601684,87.38950408279044,84.0507746509156,75.93025458612979,21.55932106453868,18.30351598449748,38.618955396846225,40.451381701136256,45.63185689908911,47.80719664363789,0.8410079093377743,60.173395398828795,9.460131839362075,68.83108941629912
0.36901274479551277,110.76591228755778,89.36995322112871,88.21526626714088,88.63929309993755,81.39928994730057,22.620617492239216,16.329714196739953,40.303818595604874,41.50884625285789,43.26696700447601,44.317341305877314,0.7967655697483741,60.711337897126455,8.989100680019027,68.50128462115444
0.5410951252187612,96.16326218555976,91.8887332496365,82.44183707621788,85.42515074091972,79.89307555310755,22.791367621579912,22.179077443389545,40.721562505126144,41.71512450663033,45.818061922557824,44.97597140911362,0.8036437049007759,60.383154792388176,9.949359640649234,69.55692680483253
0.5043523534119085,104.36160318360339,90.55769661813669,88.1907747230037,91.95798861994508,75.15460455228347,18.875663946843396,14.784677945763882,39.76913362615523,41.74382024750462,44.775155494034784,45.720189657622996,0.8036598495500847,61.01248197861185,9.700781209709476,67.64607577446006
0.4850496324767066,100.91671002869175,102.00908177369449,80.30448269348418,86.17995351818311,83.49421806337152,19.581556252510943,18.369481157791448,41.45326066332103,41.75850255412922,44.55304008585236,45.03546220508981,0.7924878505600871,62.89461139878361,9.516706054507342,73.64108781588364
0.5045880388267752,110.94901466608836,98.74271357258985,83.66438870605711,85.57614734947009,77.79622526960586,16.633123615558098,22.04721243845928,38.66139420027675,41.93823580013987,44.23402445435315,46.505965553455866,0.8595853748553532,61.136206410257294,9.965938287416023,68.86721081757055
0.4006215542699554,95.95850857322424,100.08622037997664,93.0416586245772,84.07265060739249,77.56924268895686,18.388259867007623,18.013599689119996,40.69291862303161,42.47944151808606,43.75147138192555,45.271727797593385,0.7958141020075394,57.900689002180115,10.181985315426369,71.66323357236081
0.4890164056081244,95.80139078909612,97.88668825617295,93.14320063460333,85.40062271434685,80.60170759169283,21.929703266194917,17.619921929997012,39.39413917924111,42.87451707413252,45.20053165847387,48.1650560678066,0.7440226935808416,62.7251257054249,11.046598966104973,70.41894016729555
0.5178556285755873,97.0030367727799,90.48379291513109,91.70183024713985,84.54259049085837,83.44591204828615,23.231165647096464,17.285109154379146,41.7193779062073,41.35023477315173,44.14035986984805,47.190548594343596,0.7803235072015136,63.28122912697658,9.244058290218394,68.03093189903606
0.5738947022370758,89.38052137845096,92.90191893488091,86.13209542748315,87.12432603006577,76.95253454306481,17.531302256240156,17.639216636475183,41.992515353168116,40.79679914461086,42.03293029641285,46.21257403063221,0.8089347358405238,66.30411346902417,10.57969052165026,69.98809058157454
0.4740864890863176,97.3712248915962,96.95749824491168,89.80915457543207,87.87010695038376,80.18503954954392,18.81507148169421,20.74569694935306,39.233343412216655,40.9579555877569,42.882813538293,47.026986263319735,0.8614607392148526,57.7530119335208,10.486550780507535,71.5680055586215
0.4595753198553406,96.20433669223151,90.11148876443222,89.98558984363773,82.64203161847615,81.28644950099172,19.947188486082148,13.576276177340986,39.45044286409142,41.51279707880507,43.81415424780725,47.10590042435731,0.8301547342474417,60.48576402630055,9.61045363031165,69.62347732982738
0.4749121478207732,100.75196893238103,97.85199372068955,85.36654124322983,81.00630113932667,82.07931682178943,20.560322317639212,21.06686740259265,40.8595878869798,41.64807868218349,44.309998983165556,45.43605251194176,0.7574732360626478,55.83580259362203,10.101617977293015,72.38622589170205
0.5457701058851037,101.70877987888579,94.03869840736746,96.0135932070686,79.49138388069011,80.52932466583168,18.380792960156707,15.15208569509971,39.61286935021049,41.23000393380254,43.9434115111001,45.18378275545803,0.9242594958339446,61.10629831275842,9.771183375331193,72.04303078556373
0.5164375554829842,109.38085419607943,93.50071676980161,93.50944916230269,86.52397398073764,78.89891648275004,20.84812208892818,17.46669534153117,39.95458878206776,40.703883335750106,45.218970789793666,46.078143062969644,0.8132387655488991,58.903599403666455,10.092844290209369,71.83782970931667
0.47351198981164805,104.75211919093024,97.84383987281396,89.11614330468134,81.68990018147838,77.51722933805384,19.052321305858168,17.141511159402675,40.02538842054241,41.54387917252581,42.04889813596137,46.86163612449794,0.8637695368999507,63.84689158964991,10.754565506702276,69.080686455454
0.5256633716556678,97.11548172168798,96.77705324594416,90.10754335597812,78.54132822114255,80.25843164913913,19.971095458243443,19.17710653954144,38.08032684380235,42.181426620113974,44.14358793650516,46.13906039865342,0.7924142783211385,58.450770059962835,10.302803116315657,67.84031510443702
0.5048538774674021,95.50792664325822,93.55613533672368,90.8335312317902,86.16573581359289,76.78358296404318,21.0925684960074,14.803751296232505,39.98616225390576,42.595029465835566,42.182020774612845,44.423003517809,0.8266679622352725,56.62163392406548,10.254304186616721,68.77282478927441
0.5484322495266445,102.45959585753253,99.63731921345699,81.83306052630283,92.47899855229838,71.23594854951618,20.012844539621877,18.924345332163885,39.310272225935826,41.44257694689168,44.75971229548417,45.19717555604916,0.8419734252259203,59.05747251859496,9.78484534002268,70.39248188133344
0.46489734530613236,93.3988339648968,90.67574668960042,89.01129046991761,84.98178726538032,81.309679412473,19.12722821894686,22.048619246573704,39.50687717760023,41.58700217785657,43.905541285557995,45.92602713640562,0.8609097355877129,56.04902445756572,9.257971667537833,71.09157342706472
0.4836168926701116,109.15729382927177,97.46374242777705,87.2720630080088,87.51547232335493,82.71180452325859,19.780780392148337,15.273651990814379,41.443632003468814,41.073301691152686,44.41960997202412,45.92433439567417,0.8528684152689113,61.50219890901462,9.895765894729797,65.6568571904791
0.4803945923433921,105.89720060360644,97.37240503187354,85.99351996042034,85.2454880756427,72.91120269337449,19.82327408158933,18.379412335220792,38.743493105720745,41.968560829625225,43.13611703941024,47.97254217678981,0.843609850003649,55.86983390748736,10.603304077431957,69.9837735967765
0.42682425259339407,97.65412173947648,93.76181424274404,88.87559882845618,84.70333104042658,76.97080788587019,19.259977940235746,16.67603564440678,40.81320518674798,41.15157136580918,45.27946493165775,44.614012057601,0.7842456634402946,60.056915162366316,9.236416071705175,70.31617845064636
0.5148060138532288,91.43432735454562,96.30453208896847,97.19074610739808,87.7572294489633,81.85746278301559,19.482407874665796,18.85177441238607,39.72103706966819,42.5731278132412,45.041724664058854,46.50558924183588,0.771412697902197,55.844376360287605,9.472455315911652,69.4449114873689
0.5130527636089944,106.76936187082707,89.99554569445878,92.56337144506804,84.12917636743404,86.1724864091351,23.197294341009435,18.038295554831503,39.720239831504166,40.21413350806589,44.58354430301189,47.48911310832829,0.8166303755162099,59.35940439092671,10.063133868117035,72.58254767803176
0.500255672832123,99.42730077373692,98.6961080768276,87.71528404086881,85.80217694221571,80.06238112302623,21.121838895882476,16.71702618191138,40.79037189605171,41.64037032754754,43.87048275313656,48.2714497454228,0.8466564036170535,63.28675631160907,9.50767260757637,70.84356014850174
0.48827064333124265,106.1890815598673,94.26039145422804,92.29033112542463,85.96509341858804,77.8159911763126,19.40903936394168,18.975744569742147,40.34005129456889,42.301107339191745,44.579857285295134,45.59560257681604,0.7888639649611697,60.72129578287159,9.603738276442394,72.62038381616179
0.42923146289747927,92.02786170602816,92.90910791792385,95.59742174634401,82.99572863907085,79.45131067668548,21.39390880902147,21.608696219573485,40.570612997219534,42.183834516322506,43.293107432012654,46.4914294527202,0.8532585982857194,58.27301279007013,9.78820070913591,69.56807895929954
0.478967733861732,97.00312488523113,99.19603690334756,93.69853473165108,87.97612704860957,84.12462925744455,19.33236102048798,17.6181924165454,40.96818466053286,44.69303366398049,44.85555565902071,46.569760357198646,0.872630837274309,59.93759302212183,9.317191297904925,71.87495498501384
0.4828642741736615,100.02621849859092,92.18262523782896,90.2385214796807,84.47512072991377,78.0621074626264,22.34624927517328,19.439515884296362,39.66869161681668,42.349800024567905,45.64948089432392,46.19548173155329,0.7541839540463291,60.03603374408889,9.512939076891815,73.27013278905504
0.4598861365389191,100.2349029688237,89.36615481454577,87.41225288917771,82.73276452152146,77.60242398004924,20.73928438439619,15.413454084257673,39.38776326549225,40.99594540315799,45.07061055997919,45.90115479876069,0.758153964810186,60.94526069168681,10.351713958393654,72.62338689854532
0.49193571441669953,97.74967264260378,88.77348330590439,92.79289325445436,86.60952953071121,78.5517694334539,19.78539571199154,16.087127246363984,38.9148494734422,41.904535752910924,43.27039753019259,46.435975389500044,0.7929812470547333,57.26628327343835,9.346315108884518,67.81571681314253
0.5202025428407269,103.11424966173749,97.42403980538256,91.57394154168699,82.30459605462688,77.14001417522387,20.895433851620556,18.944812555760755,39.17458947002105,40.22375366653355,44.3614173172731,43.46775391478032,0.8153806334094599,61.18513454769466,9.20106393275258,69.49264784491524
0.5943092950605265,94.66189785308703,89.87828259001486,93.58077288011093,85.08454347210738,80.36801094798439,16.858247695863,20.96823205707193,42.94909442530872,41.91940025070324,42.70685845624135,46.68206949006263,0.7737716493116475,54.59121673679445,9.684987510233054,69.3096705891004
0.508728890641592,99.28810257489353,102.01917672793746,92.54068720672788,84.97264301006739,84.87403537540868,17.74646506218039,18.71122669757132,41.244679580736786,41.16694394299924,44.572390311175674,46.12617790366197,0.8676101339433573,58.740230895272376,10.365977751254922,70.97850907015265
0.5128775195361382,100.60147815855949,86.67228236846512,94.19821086127735,88.25768669749473,80.96923781934808,17.61214998720189,17.373883938953693,38.648925633791976,42.91539027556016,44.45060341286254,45.777525103221734,0.8212033430759226,59.02345231509691,9.901539096001555,71.37270711002907
0.49627770421169165,102.57219417029374,101.78582547316016,87.85905915375773,86.42409469863986,79.24293949362114,20.285886189527414,17.99858281084671,38.67754204325643,41.450459725404464,42.130183660467836,48.046862195719555,0.801972352412037,61.26665365214248,9.767709460942191,68.32221465194853
0.4040614392350479,103.55807439044445,95.84406986881048,95.2695762625373,84.92491912376457,79.12456619325337,23.465029998970184,15.499184532060564,40.48186606171849,41.88323408420475,42.83821615608764,45.32506598120945,0.7282045238065736,60.04526170535374,10.022179398757803,70.13567702783388
0.49867430622753917,94.37678954081065,94.61314755251843,90.7903984187696,87.45329889760086,75.31042757391003,24.462600292385265,19.209030652710734,40.54726479737797,41.364442158595594,43.716861103256235,45.59692401093497,0.7342092091786246,57.188873892287425,9.127146283570173,65.96014533568773
0.5030115104970513,92.32942914632189,92.8203236527642,98.30104349050106,89.17062264705194,82.64932933144148,21.276102202881514,19.76466612464682,40.54888383531736,43.738851351853334,43.69914025285917,47.991553302204736,0.8140504625140904,58.03001374836597,10.247352826887516,72.88389001160378
0.6231621056242643,106.38838410949255,96.59654445740829,87.24324872764173,86.67343091905559,79.76648840896159,21.001688949888916,17.09581933433384,39.7450442064463,41.67875723388209,42.790523064581194,45.16793869515014,0.6933702186922582,60.39736001909481,10.191717515701821,68.97525151864662
0.4903819517609439,101.66157005989795,94.8494611903006,96.94385521266099,85.03105785953014,79.45856025922812,16.397884531694523,17.059915704480996,39.8745457399971,43.8325570434792,44.38897872935218,45.44988471706346,0.8506318704822037,59.84186531627089,9.79534576295214,70.111727879689
0.5150773671166806,96.25756731721724,99.41320752806608,90.79164313385058,81.06449130294952,89.57932270353459,18.914652400531956,18.5317564593041,40.32787952415936,42.814151762118264,44.251473608940515,45.85297457656915,0.7920923077813841,58.84175178072851,10.502962255898208,69.38070057202388
0.4982644115147378,107.75575987761262,95.45691059464816,87.3943279855422,81.80465901077389,80.89625872509706,18.42443249618352,17.12656052791881,40.08589300629333,42.482066727335386,43.80573086802148,46.84073448212955,0.9621546484797368,59.03833242097604,9.43625195052348,72.29205515002683
0.44156609811902336,100.57837317146429,95.60120704584752,88.0644566637827,84.084325886936,77.74462684971445,18.75830480349777,17.867734770748356,37.78069962725247,42.36873314731752,43.24420849984164,46.207802507353314,0.9153958125308056,61.39233599431858,10.563954496626785,64.32498711720524
0.557141140725751,105.89648592031914,93.54555115114458,88.71861076722271,83.17146339352215,78.72092721138337,19.66371236283042,22.19944357833303,39.770200369424806,42.39379729821625,45.048707126416566,44.70737465284774,0.7909275465376242,58.96461485426157,10.077246832797625,69.96677931534818
0.5375966516343387,100.33759240705055,94.77221750511573,91.69666378560767,84.43908609104366,83.44533712759026,19.055818844605746,17.505948598508006,39.14859356573969,40.07232742065439,45.655407113088295,45.467831436872814,0.7946831498734342,59.823817511941854,9.831723705060913,69.7883624850046
0.5395515973521523,110.30373962440993,96.23120707556824,92.091341952142,85.16994977469132,80.3398112316133,16.041400379248426,17.283319695957555,40.17521141890851,41.72111660584925,43.516438516153464,45.39264556678779,0.8497790757001016,64.33987317616109,9.990063182315843,69.09272722481663
0.45453062726026305,108.77670421221602,88.1593264293735,87.70519998424568,86.58907826307019,75.6851660650479,21.495820512235067,16.704916388729682,42.985259002603414,42.84515797118432,43.38783308284518,45.92277895477695,0.8851586304959019,57.15263472623215,9.946367617094529,73.45245309127127
0.570139715546805,98.75517925760464,89.60725831157714,89.90258163095606,84.78850366582273,82.7576868037256,17.85451394852039,19.488383942999874,40.3674816654743,41.951102816525896,44.491207665412,46.42584365862983,0.7180985471281992,56.29631453685068,10.610141448208859,68.22534108228845
0.42990744686038596,104.85785475477178,97.97305637609087,98.56908143444745,86.4595049314786,77.99556774338302,20.4784937282223,17.637551653563794,39.686470313827606,40.59481015319643,43.64197062025301,46.418205755887975,0.7106812267322657,61.56717932959722,9.461660436264493,71.54359235447133
0.5293428546900135,103.22687974792574,95.68346175251176,96.91017268040285,85.19342324443036,85.61989332865264,24.148165339499947,16.701253923357147,40.92180150197725,41.94759554942253,43.86060279933677,44.223988245951595,0.768898259722281,58.64271387741179,9.6187403804267,70.71250557741217
0.609522781290499,106.84315778766174,94.26406665458929,91.74529467869613,79.07360030093838,83.24014419714395,18.161230816827153,20.642608064546025,40.48268788720921,43.70410551625549,44.739653151724674,47.063940987560855,0.8291368791586933,59.36352494451476,10.51815144603624,72.52303850507103
0.45047318374346557,95.17538269709948,95.07373573226157,90.1520139126728,82.18199381854373,78.65803431302375,14.939424954507341,20.839206009027276,40.42009449045184,43.24689171553472,42.09064391249271,46.25256884599662,0.82484367952538,58.43768724373777,9.70223253240807,68.66562183044499
0.4716851135198614,103.43025729999219,96.39032682144668,90.48012530687305,84.56773733283515,83.84304908520534,19.42799155623978,16.79915286852259,40.60685059321567,41.937995990633965,45.31830232485267,47.38453204759391,0.8534885727491925,59.48039971846497,10.450266538665796,68.53406220175248
0.504982568254382,105.29212243424794,92.84096127876255,92.45407189092167,81.37091577147667,80.20356653158221,22.20191926999714,14.266920097278767,42.05654356482954,42.95144927705809,44.07268052432934,46.44419832729067,0.7400151235817346,63.197076224192685,10.849717991504354,72.1921398149548
0.47482621729419006,91.20630256788442,91.88678109839076,85.90882973920638,86.79978618998861,82.55832102536665,23.916694908441187,20.015027379673846,38.869111564674085,41.633492979631946,43.58850685543782,47.10132295773576,0.6841928068515561,61.60425691723624,9.799102486529183,70.85064261666022
0.42246682844669337,94.08370743667112,95.78338102039072,88.97049385030662,89.5922524970311,81.45419845188343,17.540900811095167,16.630740348479993,40.473632076811455,40.29612841317328,43.91076584577855,46.466545311450126,0.8429007097651073,61.724447023773955,10.340681163287652,66.91012530664648
0.5034281487403014,89.8038391111995,91.08650888953987,83.32566370448964,88.65628555509196,77.46093003502737,20.993398446473044,19.58125119832554,39.073618870018464,41.075534011870445,43.96242935502052,47.34622575620275,0.7585901863517384,57.16754588841471,9.423153859330071,68.92138997107345
0.44688481431369476,98.65296582777721,96.63301102285789,91.59689249042111,84.35967138720937,78.06935050304762,19.069379086439895,14.059792364576328,40.55551264634225,43.562888768508195,42.26879869655507,46.52225063601778,0.6990756067805681,57.69769252689426,10.377366649033904,70.77276530769612
0.5236796215317591,103.58771127897981,88.18966558304864,92.58878375881096,89.47217841054986,83.08988245274348,19.788103291391728,19.785194676598618,39.081313488513906,41.7260069181707,45.49493822745323,45.9020847535571,0.8072531872979691,54.321842681029146,10.099711992993383,71.67552844309319
0.45402878828830984,107.51178526048014,99.11662254930258,88.0672541508025,85.44600237160634,78.99567400368038,25.28868669403407,15.577656141438437,39.582633186394915,41.75661602062498,44.04132563227062,48.27243472044688,0.8396587844109339,58.38123835783449,10.236519141080107,68.6415386936141
0.577496720250877,100.37047390209888,96.89038992965217,96.29594705316013,83.98874208664589,78.78905461027401,16.994059343209692,19.46152823813305,39.704910085762094,41.700161803725116,44.443002130447375,46.889037122279895,0.7938971433939361,61.91340637277132,9.677213963982302,64.17148802036611
0.46083733538318816,108.14307772785646,96.02411893725551,85.09693734799063,83.15979200937718,77.13463226195194,20.50747932298915,18.02854613567287,40.97581671934471,43.90413658957301,44.95154977057404,46.57374442100441,0.7771075806908756,61.03389303149674,9.169458292216413,71.04644637147406
0.4838969241897162,93.09949270892554,98.93076393578205,84.14250047916072,84.09259094053562,81.27079719678038,20.935386343530865,16.09212116120671,40.918454443942416,43.62595891536206,42.9788375424397,44.72369558346166,0.7920318883927047,59.556973474095756,10.251626032374752,67.55935862011205
0.5406758608684835,91.48308780322422,101.6618977778503,90.8978072742399,83.83546954437631,86.18757475772944,22.171572649878694,17.185927374146438,38.754282623553614,44.218780233448136,44.47347189903523,44.71169238253646,0.781470861879961,59.955399432563894,8.968298423760272,65.96532240375518
0.43845678417830225,99.72226150551691,99.05748026007252,94.18839321044862,85.51124866712647,76.79740125723718,20.19596630694179,19.3726369139134,40.05493411099985,41.84095478959995,43.73235890910121,46.29271548214185,0.7325976444029917,58.62222891484919,9.841324753878732,64.33534815003172
0.5113729967302064,101.92032724469654,87.63650307467341,96.73571076583147,85.4817219431496,80.07265837001827,20.616101079008203,18.211788906230467,39.29042014525083,42.295624488747094,44.84677077521649,46.14552119776824,0.7642659661504785,60.40951776480357,10.470590933209985,71.62796172039548
0.5653571377141214,99.83652625952953,89.8816921330572,88.16446294852425,85.00913806046024,84.23666166624629,19.216702865156417,19.168825960944968,38.741495089324665,40.483357450579206,41.872772579648505,45.385877434991684,0.8260639952506907,61.53175655896123,10.095948867936517,70.25723490080993
0.4196258382719386,89.66278949980062,92.50072568921729,94.31472333372518,86.31081450923905,79.76107582626285,20.538253882490213,21.95288116903097,39.78298294957563,43.47693442611828,43.90090569975873,46.14098269961206,0.816083927068825,56.76822642517905,10.974171322394907,69.5486872385755
0.5092316929266152,99.55439980243605,95.10436420084334,89.84596612199717,88.57193882435902,81.35711538874921,19.31361544900518,14.871516776577897,39.69151721154418,40.832220448732066,43.39717934421604,47.588626928043595,0.8084029902983411,60.59929537567469,10.512554576290887,72.77804872592553
0.5129941397124211,93.47765249747573,97.07063608187649,89.30949080023672,87.84866240632397,76.81281941555936,21.243143779712103,21.23442514993725,42.42671648634552,42.21677556376263,44.432262950634154,46.6954024745503,0.750242575907331,61.86486974190933,9.673050805837212,71.27464936604615
0.5390911435888656,103.3483627441502,92.09702474738614,93.53463974994669,80.54530609465029,81.28492129162295,19.260779327912733,18.208711875046426,40.4329598253607,40.90269747236716,44.4700441873682,44.85899149024726,0.7909248418932167,59.16979942207326,10.01365668992572,73.23260008544383
0.4381524644560959,101.83299123048424,95.74706705790831,92.60929151365367,77.33823659529413,79.43856720498636,20.754200787804372,16.202431903353745,38.62238249924576,41.411133173261305,43.29237410517798,45.88849117285706,0.6911467476778573,61.40140122424117,9.976314648727781,67.214529055666
0.4339771693457862,95.30060106836322,91.97846827058672,83.69443137206301,87.80295973371783,82.95718998703958,19.941474372630044,15.33937274852202,39.43522599582906,41.1627375689503,43.287826135823956,45.19503351914744,0.8089238331942695,65.6293088889451,9.208911618326937,69.93089875209208
0.5260970782808448,97.43066541331653,92.55392878803221,95.90616139890358,80.89936390475374,83.56215815469426,22.252100501544337,17.621759218445934,41.0213832954294,41.39212473932418,43.88933463144267,45.612300083591435,0.8714428853906784,59.79131441402622,9.529800541757824,66.76657325010397
0.5148492336616594,94.70393239055524,89.37335561260711,95.52036541658981,84.32570379432195,87.76869092605584,19.897212552823028,19.843300223848917,42.088442772869925,41.460877296851024,43.103357772684795,45.58638433437036,0.7262933933978948,60.786614100010645,9.71961954651007,69.54123533628906
0.5125246425172938,99.68660451363414,91.30706701555638,87.49774919396188,81.48966092182192,81.73889951964073,16.453935063586236,17.744901759244932,38.41401668776204,41.45173120507492,44.84198369545213,45.522354417395995,0.7707036163341123,58.523885832677216,8.981889748572032,69.50276829246664
0.5173224104748488,104.77571160250619,89.59326157753466,91.58321413374964,79.59405868725995,80.9773889497465,22.523843001427984,21.022309860494694,38.12007561486095,42.83333391178031,43.63079279955255,44.744864628026605,0.8164553389355065,60.3625023252041,10.02374673412582,71.25322727452614
0.4659987639210755,95.07136976832228,91.09650698809067,91.97612074513096,86.62438818461436,80.583152904732,18.188535398274762,15.097648619896882,41.87096517537178,40.89513720693748,41.09301178067836,45.87234531848181,0.8626421317213743,60.92054324996461,9.87546407767348,70.09112776228379
0.5116126848580502,102.52023257758923,99.21456718643135,91.04269506329562,87.27746548090794,78.94050112156793,18.69246732270236,17.97582210430789,40.3896141773709,42.22054142701387,43.62517794337819,45.43939236315269,0.7775887691849925,60.38968468054028,9.163553049344213,71.24681427655983
0.5146536236649341,97.3487119081378,91.20240444467223,87.79877938461831,83.27046879781985,81.01545153038508,18.808677411913017,15.495213111173761,39.131707268123634,43.21795915230556,42.96145617915603,43.07055130999773,0.7653874835367053,57.96060936058229,10.202106432638667,71.4068802662778
0.4642824290986816,96.03563583868828,105.52952825934956,87.3135065282478,77.22687312356527,79.11379576958291,22.748876186341633,18.727263765249937,40.534629086122436,41.4868036354866,42.368724184539055,48.05297202450166,0.7015538428791959,60.4127235426509,10.35793637234548,74.30985735476628
0.5932887255572379,99.46484820022721,96.97327160352356,89.89778371603421,83.36126665524255,80.50538292880884,15.728651572042608,19.7737747801946,37.36425226098312,41.282081109252395,42.76257336177743,47.08876965421667,0.8051719064654054,62.924391877435276,10.113517239432445,69.36940668942775
0.5236916460455894,94.82378838790314,95.7393444947795,94.69091607703746,86.17541201620764,83.95279260682388,26.27549706731999,17.158476412637892,40.00337550659716,41.76947537481975,44.10940847183297,45.623699275075005,0.9021038020071872,60.897271529029055,9.837965912395514,68.11795459866724
0.44043482513986754,97.23175347326409,91.56656887927515,92.17440061837773,80.56326529367762,76.98037230416108,22.112113618132103,12.791572286745732,40.32782117284309,43.17972520836071,45.32864082824823,46.0188190497406,0.8138679230982339,61.92397437814368,10.295721075875928,70.49216723063282
0.5328276804316915,94.01061053705575,97.80123951763596,88.51754267165558,85.55007975933746,83.41963568338714,20.44647782825832,18.39789629359299,40.92427013953783,42.194107630953354,44.31318447386498,44.82834565268244,0.7988860510408143,59.525976059974745,10.340110180238346,68.39543994572091
0.4512659164886339,109.82362566458195,92.6974486950489,93.08679484259338,84.95407045248102,83.9513452020196,19.890211998767427,18.873477103467017,38.986104047707464,41.4687857053924,43.39349661178426,47.695722877810866,0.8161041155383493,61.49980047884742,10.153701784859845,72.96392153687307
0.5393542301871226,100.17631775985865,95.48803925858145,78.60582951747969,86.73787449880327,79.64579441902676,20.571108149715315,18.808589509923394,40.08568716140336,42.48387665118804,44.4559041951707,47.89728869477311,0.7994453998025699,60.55853567643305,9.58769387478262,69.43356392210953
0.5579297789503702,96.50137246003708,105.24033815307519,94.59506280148841,85.35874110524246,73.63443530297421,21.04224485675868,20.471564383644306,39.07457537394041,40.89770785016358,43.54090968978101,46.15669372824652,0.7593492813869935,58.09817854062553,10.13830038275559,68.86884726425203
0.45896588408241445,101.0698995536711,94.6157604011014,83.0411448848876,82.08079317735533,78.1765340387167,21.290431171900114,15.857892640701902,40.255383755674316,42.681359510442945,43.30539963083685,47.02353064418534,0.8411639957838853,60.63704200959775,10.59774032541274,69.05736855769777
0.5481688064622161,99.43835975154585,99.5970933051427,88.55023623438747,88.58971450499348,83.89098363968333,21.111208932006896,19.3604322109009,39.104653677636975,42.408607307701764,42.845637331767016,46.17528677893392,0.8112880761555877,58.01660667311938,9.701685470694136,71.43683484694328
0.5206390463468249,98.89515200233389,92.18729429949644,85.52132042149543,84.5244112809191,79.93139581310335,20.1791613625105,20.38501502495595,39.59189916083978,41.692191528861116,42.24817119324828,44.66327456112407,0.8008806625966829,58.73423945023042,11.048969669566215,69.68450603353703
0.5411030079997246,103.07083350021712,94.86004603801216,84.82127409711637,84.9180863814702,77.00209330311527,19.605323159385346,14.442824831986966,39.00418460520977,41.161414201552766,43.61007629344056,45.58817663103634,0.7512316986360875,60.37865661458475,9.737184533007309,68.71666635973924
0.5948396491326974,103.78753855023652,102.08320254254204,94.64330714951407,82.20019612278041,78.48567523631534,19.697453432692978,18.639303651837956,40.65113624182366,41.11331907771654,44.158053489920135,46.131927966771954,0.865175396596738,60.594488546760246,10.016203506670069,73.33070383524706
0.4877305941998565,97.34749426194736,92.49213176884894,88.12919519475244,83.67015324642547,82.52186007951366,19.610183439294637,16.991640337984656,40.85845111665667,42.53481733634591,43.90337632998511,45.54545228125656,0.8332351372666555,57.62153506984574,9.663757201996832,68.2876603186765
0.4623131917821255,97.1209087967766,102.24979423198772,91.38601552692286,82.3455918579193,81.64020070460414,22.267540193734128,17.83695465379671,39.765379430042586,43.228980502489065,43.58403307205264,45.78134672256496,0.772353958131635,62.10797154236575,10.11163541796013,70.07113214806598
0.45552427851872385,98.62474151424178,97.8310077418219,89.81231768448326,84.48116182022973,79.28320370249092,21.187113444561724,18.695352967076673,40.03823799496003,41.36269225297121,43.054253939303216,45.90860044249089,0.8500912426840969,61.14401255660095,9.128889153682362,71.30461230322047
0.4592094857517281,88.49039417632207,92.75013289642293,91.90816330889248,90.13512544042703,78.89952676455594,14.119222730671439,17.025542871772895,38.55140858536645,42.45838670355148,44.60824619168497,45.91912150213454,0.7751214580807397,58.59054312877823,9.72697910059164,66.73732977916585
0.49614491452929477,92.42404468900725,97.52963095622208,90.30728756424102,80.88429657120594,78.82472555286853,21.31180155305952,16.648583841676775,39.70032335199321,39.91297298139793,42.68286808005342,46.052258490497486,0.7608998253744482,56.92483040710165,9.453939399825716,70.96052100281184
0.5170575987408322,106.83437133722262,98.89021779850692,84.86803110324573,80.15931580636978,77.23276944650449,20.38947238943755,18.06830483497605,39.94979538295826,41.4153822693428,44.77602791384348,44.939394933603396,0.7620148441259857,59.71019084183714,10.067669173946145,67.8897846490391
0.513834539966501,108.22483856750642,97.48723984886878,93.98506727778856,89.41351098248083,84.84612706840832,19.962582487108204,15.825508122274394,42.620793091029974,41.9689410671291,42.99778298107328,45.282983850872064,0.7114465723455955,59.108112572277676,10.497223687754454,71.64556556166801
0.5413591624518012,98.75481980221811,88.71910112043817,88.02497366735474,84.3720289685444,79.03303859236598,19.22296309382223,15.82834974222963,38.88803297422584,41.090316583018165,43.24756476264697,44.71541573430003,0.8235771190209104,60.22628091410605,10.323003093557276,68.07469797616204
0.5006500945938953,102.88278481527882,92.09145129670053,83.773672405361,82.99278178402025,83.65147556247649,22.24822543997203,19.358746565913005,41.464177238752434,41.063493625210405,42.533214809384326,46.9778155496862,0.7084427560830825,59.27376667768887,8.814170319570554,71.38553806369772
0.5726767038578658,101.55625077271768,94.00992545779398,88.28753935613635,88.11971406218822,84.56394815576735,21.895052924245714,15.702411929682688,40.99685877346581,41.332220443531114,43.49859785311436,43.89435305815967,0.738577808436712,55.98508627850998,11.02103482646394,72.21166613258943
0.4867671583381022,115.3944040422762,94.70226628359981,96.00303916253725,83.1831533807894,82.99493269444388,18.45424466435278,19.332625001818425,40.28063640449014,42.29219272832637,44.97531245847798,47.15359034331693,0.6962205995460734,59.223306123397684,10.147639970310435,71.72287305126561
0.6360084583294809,105.59787455717289,97.48268839020271,93.40088696845397,90.47802914064081,78.70513906184586,20.814104574249072,18.9251825857079,41.758620484195134,41.81267098159363,44.515628088443954,47.38634939726284,0.7956965153604554,59.38876177786337,9.6117504297535,70.5026332964762
0.5312833673882503,99.36041204259617,95.71080400373302,88.60539146236856,87.03377761401781,81.21119027100983,18.05668653091743,14.548386542418807,40.37210547260686,39.761768766675026,44.978422112028035,45.69781941301738,0.7924839769864065,61.26732204954812,10.07856395949547,69.5373981141406
0.4571421221791859,95.22229779699788,89.65862256515959,88.60296918272628,83.5362657755629,79.92741318082726,17.24076367042214,16.64487069532869,40.38915919566793,39.87929984736493,44.52214254593394,43.3968629121727,0.7836651893406819,58.6036006507779,10.088094911251346,68.84716084733031
0.4464553750969444,91.96776839871214,96.52079140402385,88.71345979513048,91.47192463979651,77.28889441780962,18.74656555082007,20.388218806094745,39.946879346982456,41.39313482214283,42.89633017146963,45.638689438032706,0.7478711152664712,63.35734934674513,9.666575641524219,72.94206938163421
0.5241236207621592,101.01731817933612,97.4423429811353,98.30699193424337,83.18285523098999,80.97307784516481,21.72478694476552,16.037668937720635,41.223568882418625,42.457686586053555,43.66921077567244,45.93581583871118,0.741388312328168,56.176718898696485,10.098958333671037,68.60100955966472
0.48882686073370746,96.21824627357849,97.23916179172416,91.52774180892621,87.22628611602792,76.46288062652059,21.906250090752174,17.071191475381223,41.096469233810886,39.252495157274765,43.21980087088254,44.989401780071084,0.8232184931773288,62.62233499560525,9.696263856189846,67.92586785286001
0.5357000247046046,92.88873145201163,99.32312290221849,91.72016658876427,85.89787774121947,83.5630381653847,21.026170840194585,18.924121786503793,39.37432271250379,41.50026982384837,45.33057490403904,45.48478160619176,0.7724724034145757,59.55136205824379,9.797819003654988,71.33073787006566
0.5236618812286773,96.76713557878736,98.33568861819562,94.12113381612737,88.9052238681964,78.60614810810482,21.450191573695996,19.56678101856519,38.680752805401234,41.47375214348258,42.80321135357369,47.53019519886335,0.8158179160768073,61.719169744687115,9.656860432122457,68.40772639362702
0.49635855436715637,94.59225998192802,96.83672031691374,90.95515663610605,89.68453359018056,80.60347896761851,21.032356574229915,17.496922227911007,39.797019362604345,43.388337778208445,44.893697689389114,46.664927162301744,0.7557375656937889,60.15960296811747,9.283664355130174,68.09987300506775
0.45766031409657976,108.43570817536282,94.71933715416542,88.96383141671718,85.0960124471973,80.84986361463842,18.717036809554095,16.804979610616716,39.199961435602354,41.61497818828714,44.89295387010877,45.0754358856219,0.8090531371385542,62.27911107205094,10.072918235107691,67.11279147566047
0.42425763876570677,104.40819878474726,88.35615626593604,89.21460060366009,82.73974638896145,79.22328507888777,20.86384508934788,20.844739723397016,39.93647542538464,42.382988984740926,45.82962020171609,44.40240083040457,0.8651639018658033,59.22527607089438,10.292649718258168,69.03418032107896
0.47767425239664896,99.96013679341691,96.71847287653034,89.71359496234375,86.37991642881735,81.76008140442582,21.600819050455364,21.477799327595157,41.23743813468414,42.14125714008746,43.5903134073705,45.67298268239023,0.8293082900196392,57.80275914964437,10.257441798038187,69.83456995220702
0.5428199397161736,107.39972069445012,95.83075074865245,89.85111105396064,82.96685389074368,78.57528903013242,21.508582659627148,19.95771610156359,39.54269834491321,39.8694335201928,44.71232215958016,45.78654322064956,0.7793793090891761,62.84100857454213,10.409962626317617,70.4861834553214
0.5107046872065102,100.38684153823809,96.0863153487815,92.91051817454792,91.04016174257987,82.61389189237173,22.377826742949285,18.170636285130048,39.95717661868842,42.76820721663174,46.28165183653884,46.49619918736332,0.8128599485177964,59.77303870823572,10.162170105007434,71.90261248859896
0.4377130610644006,95.69357899335868,89.89300569671876,90.2077835432292,85.4096059932482,75.96206095925976,21.416607694402128,16.383468556718146,40.0580227348084,42.21539650545629,43.382358323066306,45.464683287432344,0.7879667412734894,60.44311694724842,9.733637250891547,71.05379584733159
0.5086590462925591,107.61562038634828,90.67577383836695,92.93056030886231,83.90403534606368,80.37913873863924,20.702896415083167,16.339111186886868,40.848430882205285,42.50826863967459,42.46495975246764,46.51149957536186,0.8003940092347365,62.46950382808959,10.419831932215594,69.61825556089364
0.5192658689864419,102.69455021842329,99.21261141333162,89.67713367956567,85.55404091759472,85.81678699717486,22.140300476632856,19.045028210531516,37.753110666015395,45.926237706436325,42.119989966092234,47.935154040060226,0.7837194473925748,57.93608951581113,9.321241230079032,69.60360864724056
0.45580712818994334,94.81376922836772,94.84177938457339,90.31454076126437,80.95862113141091,76.99900602618328,19.94695748150188,18.836796441777366,39.3932997052347,39.91588706050141,44.71271202886133,46.81550102244426,0.7917832397057305,61.19098179527852,9.54966430874376,71.02031493783036
0.5076862552972764,99.04830660958196,97.7260027894905,82.00719726187157,82.08515788446805,77.96676508842545,18.236250697544563,20.80319718589286,40.21128369227947,43.72469664976111,42.11684979194142,45.951911492669225,0.8106046676537088,58.82021048707422,9.517899964288377,72.54514032585713
0.5029104359223,95.62190873307621,95.11327350452184,93.66531069880993,88.60124172383328,81.54172354897675,19.67386607211247,19.30090018507228,41.200078956426864,41.71255248059965,43.627680947062075,45.816849528946705,0.7503320650209025,59.735661288711256,10.540028029569655,70.2526283989664
0.44285148510846883,93.08600134517832,95.11902455798298,91.38595390359197,83.0293171630858,80.5387453458188,18.5101947103871,14.993839396480364,39.508097552493794,42.28732890440301,44.43731318703896,45.64332686582013,0.7492060586505012,60.14455793076858,10.471394257070038,69.06173829157918
0.5178893680174141,104.63088773765821,98.753135223904,93.99204043943861,81.85926705195418,81.05189029782068,18.649643450051236,20.103895235445837,38.12344729395812,41.95448775469876,44.18517553682992,47.18064091245215,0.7305728723084395,56.99955627710613,10.243652618522498,68.01426799782891
0.5280392263184117,109.54708320235065,92.9358210871305,78.41497848722524,86.60995825758185,81.467561390443,19.710962658568963,16.003878745371175,40.61971144596614,41.57576366660196,44.42544486418417,45.3726865540487,0.7199864447748145,58.44232591435913,10.535964932605898,67.10958947117555
0.5541525621587639,93.00716213090429,95.38448310776393,98.3534988191229,88.55711246398899,81.90416440568531,18.415160158000077,17.232057456095298,39.36463761117437,41.43016707176124,44.22228985580085,46.04522270899998,0.7391358653889761,62.70214578482628,9.560358608794006,71.33253934408705
0.5526901026017451,102.81484618345286,93.15089884517982,89.4416414873793,87.1568599319952,83.32909952586867,19.38407694072192,18.50040041250339,38.81033334090964,42.32950873557301,45.278865813313395,46.05119790188108,0.8079731253402065,61.77238237716959,10.17429755993049,71.15595704727912
0.43111653160214547,96.74678715439086,93.26201509027074,94.43273126695007,87.98814305741745,81.22945597078554,16.21277066609243,21.991334979567927,39.37565461028677,40.48282630332832,43.0476836192612,45.498215807188465,0.7553606242254058,59.87472084534553,9.937412785808418,71.15472705021332
0.45310874800424383,97.56437308117651,93.76331150612545,85.84037629149788,82.72961473429162,79.27622703614438,20.426587414745878,24.219837112010723,39.81547464234415,42.750579167521764,43.32300486154147,44.627534452115896,0.8256807232115548,60.48624691702579,10.423441051942458,69.7426811072959
0.5257517633604329,97.03803037880566,95.88853508653486,92.45109562025029,80.73456799977447,82.0177211036082,20.00241095072445,19.213446118272365,39.39525533546179,41.58380559511475,43.227340554729174,46.322974503617665,0.8017356874376281,59.411514988727085,9.942387883723901,72.8138694917835
0.5256892975456104,95.68004615160092,93.08500551334609,85.78633774730538,89.50400095586646,85.69964580468564,18.365822737863617,17.633606762559225,37.79443394290093,40.86993066095964,44.83019181186261,45.938996028144615,0.7015747893280974,62.71316677165596,9.80752855579496,69.03176301083036
0.5257523843153024,100.24260813972414,100.02302450229408,87.50492415721678,84.0319604834736,79.60209876085229,21.31849133686481,19.0690112969611,40.89706619688713,41.549987142004184,44.90039858839506,46.50024046943657,0.8327487792110846,59.59929484441167,10.270454259280495,71.91053847441441
0.6926365745327361,95.84524941794481,91.42157079112198,97.65612541546714,84.24750095063486,77.07641208598808,21.875140275253116,19.775310851747673,41.27487504127872,43.25714921686257,44.45122531931851,45.46639969356083,0.8405399322795856,60.463684184269695,10.438084583595616,69.9225142100209
0.5285445255346584,101.3522841288992,94.25251342335456,89.23727039694661,88.98458242554717,83.32124200786092,16.78488027126205,17.358664748885616,40.65152199133951,41.46466491298378,45.18349366688993,47.22082129881305,0.7503068662582574,62.292060288284134,9.6658274025766,68.78329847064133
0.5567782820090299,99.74880945275432,93.2410757669033,90.8697314927189,86.66869002820198,79.6388565081392,18.47455044286757,21.590422711824644,38.862314329575185,42.35845361820962,42.82195913262362,45.123226218788155,0.8210095771447496,58.445257030308184,9.969462164323811,71.18506061463552
0.5477000881746601,98.80525976566796,100.78791153741493,93.48027092275501,86.36766331624483,73.4819913619579,18.461715300425404,18.460141518382805,39.79850846605248,41.26904372428453,45.667224111551135,47.712040284017895,0.75717508812954,63.11757836899379,9.470779683179174,70.81927223736798
0.5325695625652899,95.462181689792,95.7862191060463,91.98272755189042,91.49500703470325,82.54226503145127,18.12019379778227,18.995486178182787,39.993478684770544,42.75792184992362,45.52323862171226,44.25236349017174,0.8048835188374168,56.939077180513245,8.75096949125353,70.71394551853385
0.4842365377679827,97.11614334715834,99.12737815787455,90.60167562057431,83.06944530885957,78.39401544213823,21.658949683863497,19.331848504108923,40.59879438956191,42.68550773879021,44.735621997245744,46.43477006455689,0.7367750796522518,63.2592842622256,10.100229815706864,70.1625568441124
0.5379484610246634,103.77695612912878,89.05775850785211,91.4598440098649,87.78352038424372,79.72840015308752,19.612347722454395,18.843173221228913,40.66834048871808,43.84860883329641,45.78179890877106,46.47543068252662,0.7103446773732712,59.25464883209605,10.304452678127316,69.92421383656634
0.46135873927312143,102.5045859381219,96.06820106347703,99.6136623409531,85.17103937469125,80.99594099170704,19.47097031737878,19.677881000939223,39.26582620122151,41.82443605450079,42.343376792322225,45.204442932059116,0.7808591405193516,59.51460250434943,10.131033404543363,74.77674398574088
0.48815906966299955,95.11222377600724,98.55852318249374,89.76952481186567,85.80577683658977,80.5714990393372,15.992275271186493,16.765493626906153,40.08199555641356,42.66865480475791,43.47555186373735,46.42439393786101,0.7938135526862582,56.21997965763411,9.025219141122816,72.36851329039234
0.47573182260854485,100.49666152714613,95.3291359571017,90.80439618685988,89.58540527923759,82.12835545141712,21.270836060418453,16.883396492107938,40.45728040461524,42.098067539538945,43.264696539318045,47.27951866976016,0.7801160153192699,59.09041056524462,9.824575284961762,71.44565378997102
0.5040937069693161,103.75693561685894,99.26192150026141,94.20261758403045,86.52350726886887,78.69354088829047,17.521483210293056,15.79969153405661,41.455822322146766,43.29587178186301,44.72147932375734,43.78318116064594,0.7407984720888721,57.92038693794623,8.89082611997446,70.22359831640678
0.6157329283336754,91.65297359439315,92.9308461995985,94.42210373183194,86.6148882371489,81.53931739452825,20.119865260532656,18.879002461240454,40.70450653982472,41.28116761239127,42.94985926039786,46.502744807490814,0.7800050468934432,58.78470730925306,10.684850553827092,72.01431440119333
0.4066367403704126,102.71680096189968,100.63738976074232,94.74812122224152,88.2175220119294,79.22135996724825,20.554753875916383,19.557873007024227,40.78905668737552,42.74500531287728,44.75749514933749,43.506729179669925,0.8134647376290367,59.72537806842224,9.456972708940956,71.03598955278291
0.5343130095187256,96.68688120527077,104.195592494477,92.55492088811674,83.90514181137135,82.21643144266251,22.7213171916773,18.915545732303773,40.08382662792936,41.80530270388332,45.370536143996716,45.03433519647679,0.7977553484938732,61.91558322894581,10.627701804729949,70.05240950554807
0.4193642064405174,102.8529933429658,93.54864575824136,85.42798034907807,82.48237099798298,81.84610245203916,17.382359201761776,21.348984866695076,41.410459145203504,41.9358118228915,44.695202900084,47.62916636490095,0.8091250515299607,60.41520670280125,10.472934821842072,69.39287134946817
0.47640340671052833,96.18370421728741,93.21798991439691,96.53372612920438,81.8655724179369,77.19368389386621,13.96097568835835,17.988807962341905,40.409762795959494,42.09175248444837,44.2837510236615,45.41821796660795,0.7664942399772884,60.61535330680223,9.54970482373197,69.83816532467462
0.5544475298483683,90.9755894966774,100.8135379084708,85.41461842792525,79.100930231872,83.2579463485251,20.36769908950739,19.337483311185025,39.13891208982643,42.25224039642668,43.01212665909925,44.826120035591025,0.858585895735808,57.808961222308874,9.433607524366128,63.65914852824389
0.5032140009547731,91.86228781058419,101.31828858292285,91.21054186095613,91.16862138982097,78.39210966465785,23.601022363021706,15.816598247721371,41.40336997012519,41.88377095687804,43.153149033874634,45.802062271015316,0.741191333172261,58.238491820794536,10.175185108193169,70.42120167859528
0.4461127611035347,100.24042473330691,92.90855989138693,86.98289659992257,81.69037490283495,82.42417339484344,22.477892705878876,17.225800595051197,40.69790327253903,42.214713183170524,45.249618905296664,48.06790633816355,0.8243780148543359,63.597450036702625,9.577837981408464,69.02304783977928
0.4642348145370016,101.2986125086074,93.31925273161657,89.74344661362802,84.33623912924268,81.10186194020402,20.41931883054925,19.391075515131554,39.55695597887152,43.578118057562186,44.77934900390533,44.168317752793975,0.8590945546479981,58.52959793047351,10.051242321079103,73.18533999656577
0.5339798874467337,95.47841687447796,93.87286156455797,91.31504964121392,84.16956010033324,85.51455103038536,19.016727628735904,19.69820422148629,39.520507032600754,42.985449685615215,43.96098048062245,44.94869008836066,0.8240454046374448,63.312416504114594,9.758586204596542,70.03868814162351
0.4634816684141432,103.19296229388686,89.62219795586289,91.2854288618011,85.9222200934273,79.32960205288444,21.61424519327462,17.412066104671634,40.29657554514076,42.8691545924969,43.58209045423411,47.49743168317963,0.7898737886467585,59.51387760223827,9.109420792767184,67.62207316093007
0.5108229294790988,91.6923996886552,91.32539221406321,91.68768301694114,87.4472116376179,78.9520496116454,18.052907600591062,17.856801496283865,40.46318479526759,41.54446047397613,41.974192126888624,47.85770234353773,0.773585147666851,60.004575872287006,8.88476599043777,69.90023969174376
0.5022785919951906,99.66960100676341,90.98343693299172,96.45484507623459,87.58142046507923,79.9417411823368,20.95271553871244,14.964252506638381,40.197292265631205,41.110759171771676,42.92914758131556,45.89656877570972,0.8518043825523128,62.14073032045986,10.113342124247298,67.907757829875
0.46741998261970913,93.94491900118771,91.92880973958349,91.81413720605592,83.25076768429318,79.09046065149717,21.010940318333255,17.28594159838678,40.31130867344289,42.95530055823775,45.91141908713972,44.76094729747336,0.7288512537369164,62.54378484387731,9.719221126834688,70.94681483142493
0.6071972044662663,96.7408194609892,94.86126045045287,89.02337345883741,84.49863485864077,82.39982570582615,22.12041981499776,19.780766327039572,41.69995737457638,42.87604679252979,42.71954442899753,48.095843501809156,0.7514937869810179,59.77837487944183,9.723455091542935,70.58189472867898
0.5316959511159005,100.23699335658208,95.93685893014609,93.85634867315343,85.8477398514649,75.15106817469024,25.519320077822155,19.15041003221313,41.07154315223489,43.47267067575098,44.18947982122108,47.5944423917492,0.780122111725414,59.22351389295692,10.347931919546893,71.91567926221653
0.39874287066711966,95.69793317358024,101.20200197125631,94.75788195569856,84.25392662144935,76.83895274256093,20.784831934357534,19.00133144276242,40.19063559126502,41.39601937403077,45.0074439731952,46.67894698776223,0.8618826878756,59.888159102955576,10.586721138316223,68.41823641661087
0.5093227157384714,98.07722227885087,91.00658383704484,85.08956873945203,89.82203672805997,76.79659123526243,18.982072748585004,18.09954737436192,40.941310580767485,41.77045134463965,42.745077331997706,45.18759765106258,0.8189883818020448,60.675915056464234,9.863727639319096,70.0680161924563
0.4669106767615806,105.0314640460722,98.93728959390633,92.38960027939943,86.47292485491475,82.85092277592072,19.948851375616012,18.014126317256352,38.96747609647246,40.360515837474566,44.184710474781085,45.95097065916196,0.7515977120744878,61.78260737373951,9.829700646545069,67.26995640914673
0.5426216667398112,97.11554065238425,94.14404462309797,92.8046909692436,87.20463335814945,85.13184011774578,16.461848190221765,16.679357721053105,40.39792704994681,41.607528893939126,44.937915537510655,45.83963991895517,0.7844846147307548,60.0084597179883,10.250071516556941,71.40298956384943
0.460373963078365,104.1784605603257,94.80214516139027,88.80974598656003,86.98864380600224,79.68665234438758,18.610573737821884,19.39765684040507,41.80930634973311,42.996570510579446,44.01249932190725,46.33085130461558,0.7692838427951854,61.237772596046305,9.321532215150212,71.03774236088024
0.49426317792665503,94.35146572671191,97.69927796866642,95.50282725324648,88.52042157245597,79.49353483042997,19.18143512377379,18.84194588877878,39.78195410460763,41.5335046207718,46.86840305566677,47.451001438131335,0.7645105503883233,63.276719464541884,10.111576527373849,70.99161004205514
0.5252493639490229,102.64902088957642,90.5091119137508,89.3997776518699,85.54306467611111,80.21015648933954,18.951823204130815,18.9840376959856,39.15236607138092,42.640479795200825,42.331400741121804,46.8794170411374,0.848944477927839,60.76261922452957,10.275942985911078,70.00323806271388
0.5432877597085061,107.2078431032895,96.52963898473621,90.50230581388617,81.10950415613246,83.48563490782458,20.304709744067445,16.947930314664838,39.34791111140694,41.80949689400219,45.05872852988388,44.922623923015244,0.7314128435368248,60.623305712009554,10.340115104208815,70.82954578157758
0.4399851796472112,87.64177749936356,95.66580883285222,89.30771270286452,86.19906385525792,77.21794059742828,18.3551601352356,13.693314160257511,38.91036696265761,42.32405702822156,43.82719826260354,47.37649645001954,0.8804390427867187,56.962178349819865,9.031623648748768,73.20867821661719
0.4832749382079526,96.01552372264761,96.9698050560326,90.06231619032587,83.04592931862452,80.71510694820435,22.242061334648945,20.19430542350739,39.215238091872294,40.85230861018433,44.77192015483668,46.31313214001315,0.8414114845092312,54.73853972634187,9.61932236509553,69.42981148591598
0.4762527344419522,102.8853606359027,96.15667457563127,85.6148996524192,83.41414995475073,82.92559288934729,20.000414129836393,17.04232508798319,39.62949190140997,42.0852094496339,44.44130715169925,46.68706579585891,0.8545430835301849,60.77675145846034,9.560868373588267,70.27729036742016
0.4673335383713144,98.98477306978504,104.82120055964357,84.23979646962282,86.75909205626527,81.50328250981954,19.981399357722772,16.274448471913757,38.59443298082136,39.00886402909928,43.26684380289,47.4665408592786,0.7768530243987372,59.81035153743826,10.049943477204607,67.82774740163718
0.5882727120140548,101.85572936685655,92.44904006299474,96.37802025289989,88.71484921430091,80.56874484979623,19.344210566974166,19.386957823827988,40.015618333949604,41.813103841838014,44.228996392459344,44.88841975048645,0.7925029640460446,58.97043465017052,10.240372289883991,68.26347807680334
0.5202490855480478,96.9800740664209,92.87601217999273,86.61215460672669,85.06381473020818,83.00313827770142,20.31038136771796,17.21597472016174,40.90227717378665,40.36952675628486,42.142098548601716,45.964174421293535,0.7283424092737645,60.48706040837269,10.74835520372299,70.19562658618662
0.4369558022832477,100.4329489373645,92.50743789430095,86.03443060217477,85.92649903779689,71.89030312100229,21.65019652933527,20.119872768093245,39.09224381985308,43.205994516546816,44.60324750057139,45.46854544864078,0.7737668796466599,59.87919254160618,9.752517259815964,72.20786709340382
0.5458930973527388,99.2216138230396,92.77809152335898,81.38643954558515,90.10664483390572,82.03362595859272,18.265739568578198,19.234011899153394,41.519283923641765,42.77740735276451,44.298158465990525,44.432140574634545,0.8246827423821576,62.255560501267794,9.751213750845393,69.48743835149685
0.6061078098506316,105.83891030829903,92.45045149077393,87.44415300924199,85.7222595384657,78.03777295061772,18.683767021849487,19.367138646400957,40.510792088527595,42.46667098196608,44.6386601686431,46.34670997760492,0.8648031530890699,60.172221736517955,10.574836009439373,69.52816694137576
0.5516232630275574,101.27210421650607,99.7560661244302,84.70764082637001,92.80504934254118,74.50810130943063,19.392547942446672,15.268088577598931,41.03058058562406,43.52100622715938,45.05811832508715,48.51155655158443,0.7446421591598774,58.506153429859665,10.148288469265152,69.18622951099125
0.4240315017022993,101.68801331037601,100.68201699195942,96.56806064054548,86.69652893689464,81.53360779857495,17.308258153053572,20.4238879707728,39.34216544614786,41.05108347917516,44.36761984020971,44.159922255494244,0.7817247031507367,61.98033247791858,10.633825755593987,68.93048665831135
0.4757882963566874,97.94061516938767,92.7170148250021,94.03926835737053,79.71771172253254,84.12097563548888,18.361484280557004,18.52250106246771,40.85452522706662,43.74736319791556,44.148089419798275,45.96771938895053,0.792435038988374,59.565737850107595,10.144364001504918,70.58994291141764
0.5633455574593311,97.56196887963753,91.67057770758308,87.2473986192891,87.2600248633136,79.58765445611692,19.047558252910683,17.261445721507595,38.90806609960469,42.932191564260386,43.11893166333871,46.64054293507478,0.7302105398903758,61.053073367344616,9.421441690643364,67.00548470964272
0.46461652671906095,97.8372090609019,96.88566222554562,99.00974322137724,86.14347515464833,82.85862364160882,21.748778361425455,18.286776934684504,40.89024750083651,41.76344471278105,43.28777923635095,46.123078201656185,0.8295674620879201,59.0451785876144,9.333435822611097,72.56187915333345
0.5221909714073114,101.97226071189148,92.79110782287611,93.92706194796638,88.86925826224824,84.83683477396593,20.52512265800385,14.44752953420336,40.17183933979353,43.13562014718294,45.18673462017733,45.88687194748426,0.7638004834128695,58.70034622900513,9.224243875470535,68.66915540374107
0.5387317026714669,97.89507759589868,97.53172727102205,88.7006744659655,87.01954405380988,83.94474336075214,20.38717982273509,18.817305622961342,40.55325121998479,40.89370648758837,45.436335405705975,44.70078363655418,0.7902304824411488,60.16833646037139,10.331025917379236,71.44380697087628
0.4536534764210959,101.44887428448206,95.8116920834052,80.0023771405057,84.58463204804868,84.91989358811418,21.701795924335944,15.941256983635856,38.82440539437515,41.175485838472326,43.761889563687944,46.23278674294016,0.7774025314044062,60.02565728708737,10.594298411543503,67.46000280521224
0.49702373219691,110.37700399322719,88.93702354001107,99.16377029036296,81.3271052911319,82.22638247321568,19.725256423201206,15.294659428312931,39.104930157723395,41.3914102767603,44.046002747253276,45.24323602298407,0.7605330747140163,60.95965407073366,10.92468107069319,71.33768026109243
0.33793663299654636,104.35562351715846,101.19002080532024,84.44171013294562,84.37293022814193,80.22630091670477,20.78092969985778,14.955281627564219,40.597228218253385,41.47102229193599,43.09538562500624,43.81007829502145,0.7996477507259723,59.46270849338052,10.42155266616162,71.34388921562899
0.4487806179332855,98.3698823391608,102.18351069238209,83.41840501217243,82.4484386373721,75.1941025643085,19.793556494135007,20.22537674997985,39.0516519957758,40.943442357239746,45.17275684526744,47.194592220513734,0.7892195210715989,56.327280432459204,10.581419288767492,70.7684041440118
0.487371592430342,106.00606961081972,92.54884523806246,94.09028172803856,83.25842965058584,79.26181253561015,20.530724698799258,16.741473212614423,40.46320629209912,43.223083067095324,44.66541682369178,46.95838581984204,0.7814071058860668,59.13445223282322,9.709991833673158,68.01114295640042
0.4376108409017575,97.95962313489224,93.44919376025607,99.7590096253571,86.76573521326183,77.47026021405142,18.834482684776837,21.067455419833,38.63286219353975,41.741145599630165,45.94121743646375,46.05166097685108,0.7635769189159829,61.58763693428763,9.421792091628072,70.49909637919616
0.5816205651965818,89.80937732411073,96.14346156289962,95.53709127404207,90.00971351305422,86.51282815249344,15.122365683447143,16.928397073895404,40.84817421266667,42.35250496835688,43.121676922820264,46.2290746882057,0.8159762335391478,59.405247841513784,10.425039666208777,67.63388763053122
0.42849293110196834,94.95956844541298,96.3378271599481,92.25563648020943,86.18401458946894,79.47234256270299,19.73144167562739,14.585284084814106,38.76747668523149,41.42964863358632,43.621992100981785,47.07431801271556,0.8826808634246143,59.5072331949709,10.208840376119701,69.49447348980763
0.4779977756651508,90.64604039487072,97.63417709069132,92.37901736666115,81.41235081389445,80.36961442035346,22.84549627219988,15.766951120102682,40.55229993767952,40.17939669945148,44.23144592252557,46.224339656778085,0.8069943616419564,61.972753011811875,10.053722187170447,72.05882620191065
0.5065370288643045,98.24243257979346,103.0408181550654,93.41366223512124,86.33380800466043,81.6544561281214,21.852430804483184,20.471623240013876,40.625630933646,42.27005735839142,44.64648953772577,46.90401755476132,0.8498059107455564,58.576053545482154,10.193685740316495,71.59340385414148
0.5720636644533058,100.09209189594776,94.2922110900238,93.03571435914706,88.58989445993696,80.13080733911737,21.93079496918234,17.688203644126666,39.303228181570425,40.08774502458022,43.78433236245237,45.70251779912615,0.7304889037423269,56.9143935635142,10.161592741229104,70.03036588508087
0.42820689244102805,108.38218656137641,91.80681102184619,91.1247656958775,83.17065128704185,85.08515312129227,22.472261443612435,16.903425407018798,40.582026567084725,41.93136595391453,43.1270389095463,47.31198373857394,0.8078880719646885,59.67873776094901,10.641908429926781,68.05038684815432
0.5581581876077479,101.63463686882082,89.48272308794189,90.4168044158075,84.59794849998124,78.13205191479665,20.177315181922875,18.320036451705576,40.26044226333356,40.63168496116719,44.881407528923575,46.32078572593269,0.7451315840514467,59.03165209750252,10.647492792408478,71.29117542434838
0.5005116530509793,98.90449735595568,92.07627984023232,89.74962748840191,85.0440645841876,80.58382236571173,20.39463141481119,19.00356547233509,39.46115814380726,43.98727599923081,44.72113536254558,46.19405194360587,0.726153753623405,58.067507360493494,10.272110176170173,70.03876247539606
0.45092456744760245,104.14702790591744,94.8674921085048,86.9841416445333,82.64530506075329,77.77258824290585,18.7646962091313,20.234797631804923,38.99144531592379,42.91136272217472,43.083725899436274,44.72993891128797,0.7630314296270482,59.64924308820262,10.422901436281464,65.35936880353916
0.5231051737131636,88.94432345496057,102.17823145407115,88.8772996925329,86.94484130153158,76.03993246633789,19.3678542879459,20.896998459785852,38.03737430832742,42.10575379127148,45.3554428011055,46.28695585430171,0.8595949667206787,60.983011294493565,10.257031276212388,71.56525965263303
0.5099529847786735,101.17807279054283,92.92955480385531,83.22817274321847,84.63715555417666,78.16469272728415,21.231542299542284,17.28046270842183,40.3496500472997,43.26370667765467,45.170198709196605,45.16804508250555,0.8475007914334823,59.98142287686437,9.76941513398269,69.95153433226062
0.46998915614206027,103.85432596943484,95.89515180655559,89.606641492821,86.25859733172108,79.88888960885477,22.407768874337634,15.347904627835923,38.435197228637946,41.153684022534264,44.134296497247796,45.361717273471506,0.8121502361027201,60.613962145372476,10.37828233745657,72.40490249596614
0.5034901042495009,92.60706877110078,94.934308415709,86.04563557139633,82.3375234665937,78.71209332644823,19.721107448638,17.173069677753446,40.09534419944131,42.54347937867009,44.07959786237603,45.18462437168388,0.7233649720055035,63.626815397030846,9.30275246557037,67.8094589623144
0.480734320156912,105.71877021603464,99.75357309379234,85.58564273113691,83.68762509902977,77.92273706037844,19.099621470297176,18.52056101316577,39.736551783917754,42.19981043371871,44.55405777111591,44.933765068100776,0.7901859674306032,59.31424227688487,10.526945776147942,63.646592373608
0.5056758672625624,101.69248203747208,105.10772970349448,90.71957660461392,87.16714407348331,75.7810476089845,20.001055917713195,16.07248214757878,40.679142775438194,42.26402008133367,43.13829692974374,48.124771403016965,0.8150850004450868,60.55669726928934,9.402738530116983,70.55816771669038
0.5331065337260523,97.923560430496,92.87652490831871,95.5680091453784,83.8815005437247,79.75068328211391,21.20241349785823,16.085698170209913,39.697954500510136,43.27235350010677,44.03003147916408,47.3313390619884,0.80877681147893,58.98157327480173,10.142901643397366,70.58312735336395
0.5793008408072676,103.16390933053142,93.04224222992711,93.67326642400926,90.18089155370022,75.485838877907,17.112290367732918,18.687575763099773,39.67055221365291,42.7324921027798,41.84761645539082,47.92036750214426,0.7078103208259627,58.307280560226054,9.57742302078692,66.6186567447871
0.43810922505865757,111.35346428902199,99.17664350827629,83.71799758550729,83.8010914431562,82.28016789106881,15.407638093725524,17.902695296859097,40.7318707042883,42.28872366282502,44.876455645502936,44.777104980444435,0.7554841075990064,58.83018469316446,10.276694491537214,68.04300090826679
0.6066516687328134,100.90933127529247,97.72756595850525,86.04148745371864,85.67405417725566,80.24731925880351,18.898926301016832,18.065593990823174,40.33505802908412,40.34511256377171,42.43850677755814,46.071253749910895,0.7967961117925643,59.042482856956624,9.983037387036045,75.5104354874398
0.4023956100238749,101.24110293150169,102.38682930294414,93.76308475195286,87.79777249561927,75.6273455016052,17.558575148171684,16.48300933059986,40.31615595718278,41.03995370472054,45.503419828428996,44.70649237479591,0.8268145454758595,60.71895159509425,9.202622020918334,69.38877877169239
0.4924107452482208,97.70319550229878,97.33571274130385,86.07005042584676,80.74490280120091,79.07237276885041,18.983719604705378,17.539198571588464,40.469267589808524,41.877291066404275,43.66987990603355,45.30430512280294,0.6901936089450027,64.69815157340152,10.21034981550924,71.46191795275243
0.5294158603242288,95.75077815267605,93.56283163685177,89.1014674000119,79.71757356405767,77.74353078322825,19.704439362365058,16.15153371146339,38.4644278767929,42.093372374276655,43.788333018068826,45.08187301658342,0.7918938012260072,58.56791312744832,9.711039611583645,68.69868034526323
0.5140495933867516,104.15167908272123,97.36261932276923,92.2002083960982,80.42303105628972,80.95752353125754,19.093503181953974,19.780396822249575,40.75678867998698,40.869796275326074,43.37226609391549,47.23958400644156,0.8071524384939477,59.16674938876908,10.440573360406685,65.8193942022937
0.4688650240089703,95.71958087045566,99.43481432233163,86.12662218054545,88.78775231028155,84.02135133806944,22.90493506894149,20.070498669447506,40.6124687940136,44.41167667557842,43.711961126077924,45.60377032189824,0.8424805994258107,59.873753973777504,10.000662844367204,69.6594835064082
0.4895938874821362,100.35783118609696,98.28192872478945,90.42150202458384,83.34442556232266,74.37448259106277,20.65348952920464,14.307624275523812,38.983316871423504,43.51639405525357,45.41853134514804,47.06837933369402,0.8346428792118719,60.7915976974195,10.19771049269402,69.46879087942779
0.47534995326705837,97.61171276617442,97.02909612442919,84.66389802032718,92.67459785700476,80.34507823744225,20.600948719221655,16.14097827961518,39.7559195263258,42.602118320392485,41.51219134346492,46.604120889588515,0.8291285659404403,60.52710162390957,9.521215522492394,69.20024352266326
0.4705317621527894,102.39489912873196,99.26669875835661,87.59452942419514,83.30725720402783,79.51960161330008,21.244414288086805,15.006941489819841,39.96069271237237,42.07203686128374,45.276965386088186,48.30363875210479,0.7600029746649033,62.56819158789624,9.705333884286318,69.77071832898721
0.5424801048510512,101.66831052643474,99.67718236178268,91.27912773657015,85.5536539095911,82.0140202293514,17.72233376443846,16.699952131186205,39.86550321559827,41.78779103009885,44.33802348110171,44.52055577686028,0.7045998931438346,55.147215858929584,9.770680681949457,70.52853654329127
0.5178507742982523,105.18769972128949,100.52863596415011,83.62802506587332,89.62632985770362,80.63958988471306,22.078223574840536,17.83312406041928,40.33385996656853,41.048081539977765,42.79297835214278,47.2592332397868,0.78034736214693,55.226140259608655,10.428351240121279,69.69976609749239
0.4653545202369673,97.44991800572626,97.59483955035857,91.7618989518416,91.01827866447736,77.74409200478354,19.84847142692908,15.10070956060294,41.43136678183119,42.07748051851886,42.92468760695076,47.146440870400724,0.850081591260428,59.008243655979705,10.838688543902744,67.47198766410527
0.5449799937716625,98.65062532353315,94.33152767873258,89.92144880429328,91.18451072990919,79.04283819300015,21.340961234482425,16.156280373749375,41.08176672767283,42.257752540142754,45.676393027208206,45.02662116197297,0.8696727263762216,62.19460037508742,9.597414124128562,70.97236958312388
0.5153649760438305,95.10618142108846,95.58685474573329,92.20995981766859,88.62509869177943,77.61192242958953,17.85628553391969,15.992085255837003,38.6877808065686,40.75823942451838,43.054493120057266,47.00713333647316,0.8355274551148894,56.868703936788805,10.53842407232884,66.10125648935515
0.540643105941948,97.77853369961944,99.82603586603342,90.89565653625864,88.07218757743439,83.2280214157958,16.89248246796787,18.414534658797887,40.62206999030605,42.3341764172449,42.846649489404044,46.33614496302623,0.8214670411400867,53.98473532061249,8.91516129113715,65.8992850854316
0.5314814420961806,101.88650246522425,91.73225731605106,95.45656171989538,86.77758084760355,80.06393494601582,21.63577931605006,18.1386886740725,41.32893331953541,41.844740951175254,45.13731454236473,45.772523740046594,0.8189819824192983,61.14235881243842,9.402905299453856,71.47836098940314
