cycle,CP,CP_delta
0,2.184,0.0
1,1.414,-0.7700000000000002
2,1.159,-0.2549999999999999
3,1.101,-0.05800000000000005
4,1.086,-0.014999999999999902
5,1.083,-0.0030000000000001137
6,1.11,0.027000000000000135
7,1.102,-0.008000000000000007
8,1.103,0.0009999999999998899
9,1.122,0.019000000000000128
10,1.14,0.017999999999999794
11,1.159,0.019000000000000128
12,1.158,-0.001000000000000112
13,1.182,0.02400000000000002
14,1.182,0.0
15,1.218,0.03600000000000003
16,1.204,-0.014000000000000012
17,1.234,0.030000000000000027
18,1.25,0.016000000000000014
19,1.222,-0.028000000000000025
20,1.266,0.04400000000000004
21,1.273,0.006999999999999895
22,1.273,0.0
23,1.289,0.016000000000000014
24,1.312,0.02300000000000013
25,1.313,0.0009999999999998899
26,1.346,0.03300000000000014
27,1.376,0.029999999999999805
28,1.378,0.0020000000000000018
29,1.35,-0.027999999999999803
30,1.414,0.06399999999999983
31,1.413,-0.0009999999999998899
32,1.39,-0.02300000000000013
33,1.448,0.05800000000000005
34,1.425,-0.02299999999999991
35,1.449,0.02400000000000002
36,1.443,-0.006000000000000005
37,1.424,-0.019000000000000128
38,1.431,0.007000000000000117
39,1.416,-0.015000000000000124
40,1.511,0.09499999999999997
41,1.49,-0.020999999999999908
42,1.463,-0.026999999999999913
43,1.463,0.0
44,1.48,0.016999999999999904
45,1.49,0.010000000000000009
46,1.505,0.014999999999999902
47,1.511,0.006000000000000005
48,1.505,-0.006000000000000005
49,1.506,0.001000000000000112
50,1.507,0.0009999999999998899
51,1.526,0.019000000000000128
52,1.507,-0.019000000000000128
53,1.522,0.015000000000000124
54,1.523,0.0009999999999998899
55,1.539,0.016000000000000014
56,1.517,-0.02200000000000002
57,1.51,-0.006999999999999895
58,1.578,0.06800000000000006
59,1.543,-0.03500000000000014
60,1.547,0.0040000000000000036
61,1.545,-0.0020000000000000018
62,1.591,0.04600000000000004
63,1.535,-0.05600000000000005
64,1.586,0.051000000000000156
65,1.644,0.05799999999999983
66,1.561,-0.08299999999999996
67,1.523,-0.038000000000000034
68,1.537,0.014000000000000012
69,1.562,0.025000000000000133
70,1.537,-0.025000000000000133
71,1.518,-0.018999999999999906
72,1.503,-0.015000000000000124
73,1.479,-0.0239999999999998
74,1.536,0.05699999999999994
75,1.562,0.026000000000000023
76,1.518,-0.04400000000000004
77,1.613,0.09499999999999997
78,1.569,-0.04400000000000004
79,1.566,-0.0029999999999998916
80,1.582,0.016000000000000014
81,1.529,-0.05300000000000016
82,1.529,0.0
83,1.55,0.02100000000000013
84,1.567,0.016999999999999904
85,1.556,-0.010999999999999899
86,1.531,-0.025000000000000133
87,1.521,-0.010000000000000009
88,1.593,0.07200000000000006
89,1.652,0.05899999999999994
90,1.585,-0.06699999999999995
91,1.636,0.050999999999999934
92,1.596,-0.039999999999999813
93,1.596,0.0
94,1.584,-0.01200000000000001
95,1.616,0.03200000000000003
96,1.623,0.006999999999999895
97,1.538,-0.08499999999999996
98,1.52,-0.018000000000000016
99,1.52,0.0
100,1.513,-0.007000000000000117
101,1.512,-0.0009999999999998899
102,1.521,0.008999999999999897
103,1.497,-0.0239999999999998
104,1.58,0.08299999999999996
105,1.504,-0.07600000000000007
106,1.528,0.02400000000000002
107,1.514,-0.014000000000000012
108,1.505,-0.009000000000000119
109,1.565,0.06000000000000005
110,1.513,-0.052000000000000046
111,1.543,0.030000000000000027
112,1.494,-0.04899999999999993
113,1.5,0.006000000000000005
114,1.523,0.02299999999999991
115,1.509,-0.014000000000000012
116,1.547,0.038000000000000034
117,1.526,-0.020999999999999908
118,1.514,-0.01200000000000001
119,1.528,0.014000000000000012
120,1.507,-0.02100000000000013
121,1.531,0.02400000000000002
122,1.541,0.010000000000000009
123,1.532,-0.008999999999999897
124,1.525,-0.007000000000000117
125,1.526,0.001000000000000112
126,1.522,-0.0040000000000000036
127,1.533,0.010999999999999899
128,1.526,-0.006999999999999895
129,1.524,-0.0020000000000000018
130,1.52,-0.0040000000000000036
131,1.509,-0.01100000000000012
132,1.506,-0.0029999999999998916
133,1.529,0.02299999999999991
134,1.533,0.0040000000000000036
135,1.516,-0.016999999999999904
136,1.525,0.008999999999999897
137,1.541,0.016000000000000014
138,1.533,-0.008000000000000007
139,1.526,-0.006999999999999895
140,1.522,-0.0040000000000000036
141,1.527,0.004999999999999893
142,1.55,0.02300000000000013
143,1.541,-0.009000000000000119
144,1.534,-0.006999999999999895
145,1.588,0.05400000000000005
146,1.546,-0.04200000000000004
147,1.532,-0.014000000000000012
148,1.526,-0.006000000000000005
149,1.559,0.03299999999999992
150,1.549,-0.010000000000000009
151,1.548,-0.0009999999999998899
152,1.528,-0.020000000000000018
153,1.548,0.020000000000000018
154,1.564,0.016000000000000014
155,1.527,-0.037000000000000144
156,1.544,0.017000000000000126
157,1.558,0.014000000000000012
158,1.545,-0.013000000000000123
159,1.57,0.025000000000000133
160,1.558,-0.01200000000000001
161,1.548,-0.010000000000000009
162,1.544,-0.0040000000000000036
163,1.599,0.05499999999999994
164,1.566,-0.03299999999999992
165,1.552,-0.014000000000000012
166,1.555,0.0029999999999998916
167,1.531,-0.02400000000000002
168,1.588,0.05700000000000016
169,1.55,-0.038000000000000034
170,1.57,0.020000000000000018
171,1.563,-0.007000000000000117
172,1.551,-0.01200000000000001
173,1.573,0.02200000000000002
174,1.551,-0.02200000000000002
175,1.575,0.02400000000000002
176,1.543,-0.03200000000000003
177,1.555,0.01200000000000001
178,1.542,-0.0129999999999999
179,1.551,0.008999999999999897
180,1.555,0.0040000000000000036
181,1.568,0.013000000000000123
182,1.541,-0.027000000000000135
183,1.547,0.006000000000000005
184,1.551,0.0040000000000000036
185,1.545,-0.006000000000000005
186,1.564,0.019000000000000128
187,1.553,-0.01100000000000012
188,1.576,0.02300000000000013
189,1.552,-0.02400000000000002
190,1.554,0.0020000000000000018
191,1.563,0.008999999999999897
192,1.541,-0.02200000000000002
193,1.561,0.020000000000000018
194,1.58,0.019000000000000128
195,1.56,-0.020000000000000018
196,1.542,-0.018000000000000016
197,1.548,0.006000000000000005
198,1.544,-0.0040000000000000036
199,1.558,0.014000000000000012
200,1.561,0.0029999999999998916
201,1.557,-0.0040000000000000036
202,1.564,0.007000000000000117
203,1.583,0.018999999999999906
204,1.543,-0.040000000000000036
205,1.54,-0.0029999999999998916
206,1.562,0.02200000000000002
207,1.552,-0.010000000000000009
208,1.541,-0.01100000000000012
209,1.545,0.0040000000000000036
210,1.566,0.02100000000000013
211,1.545,-0.02100000000000013
212,1.591,0.04600000000000004
213,1.55,-0.040999999999999925
214,1.529,-0.02100000000000013
215,1.55,0.02100000000000013
216,1.573,0.02299999999999991
217,1.53,-0.04299999999999993
218,1.549,0.018999999999999906
219,1.517,-0.03200000000000003
220,1.526,0.009000000000000119
221,1.547,0.020999999999999908
222,1.53,-0.016999999999999904
223,1.531,0.0009999999999998899
224,1.524,-0.006999999999999895
225,1.534,0.010000000000000009
226,1.534,0.0
227,1.494,-0.040000000000000036
228,1.524,0.030000000000000027
229,1.542,0.018000000000000016
230,1.53,-0.01200000000000001
231,1.515,-0.015000000000000124
232,1.556,0.04100000000000015
233,1.55,-0.006000000000000005
234,1.567,0.016999999999999904
235,1.566,-0.0009999999999998899
236,1.568,0.0020000000000000018
237,1.58,0.01200000000000001
238,1.542,-0.038000000000000034
239,1.551,0.008999999999999897
240,1.508,-0.04299999999999993
241,1.527,0.018999999999999906
242,1.527,0.0
243,1.529,0.0020000000000000018
244,1.526,-0.0029999999999998916
245,1.545,0.018999999999999906
246,1.555,0.010000000000000009
247,1.533,-0.02200000000000002
248,1.532,-0.0009999999999998899
249,1.555,0.02299999999999991
250,1.523,-0.03200000000000003
251,1.55,0.027000000000000135
252,1.577,0.026999999999999913
253,1.535,-0.04200000000000004
254,1.548,0.013000000000000123
255,1.57,0.02200000000000002
256,1.533,-0.037000000000000144
257,1.539,0.006000000000000005
258,1.575,0.03600000000000003
259,1.543,-0.03200000000000003
260,1.531,-0.01200000000000001
261,1.551,0.020000000000000018
262,1.548,-0.0029999999999998916
263,1.543,-0.0050000000000001155
264,1.536,-0.006999999999999895
265,1.521,-0.015000000000000124
266,1.569,0.04800000000000004
267,1.533,-0.03600000000000003
268,1.552,0.019000000000000128
269,1.544,-0.008000000000000007
270,1.54,-0.0040000000000000036
271,1.531,-0.009000000000000119
272,1.541,0.010000000000000009
273,1.557,0.016000000000000014
274,1.544,-0.0129999999999999
275,1.558,0.014000000000000012
276,1.547,-0.01100000000000012
277,1.54,-0.006999999999999895
278,1.517,-0.02300000000000013
279,1.536,0.019000000000000128
280,1.538,0.0020000000000000018
281,1.539,0.0009999999999998899
282,1.573,0.03400000000000003
283,1.533,-0.040000000000000036
284,1.525,-0.008000000000000007
285,1.538,0.013000000000000123
286,1.561,0.02299999999999991
287,1.541,-0.020000000000000018
288,1.562,0.02100000000000013
289,1.547,-0.015000000000000124
290,1.54,-0.006999999999999895
291,1.596,0.05600000000000005
292,1.542,-0.05400000000000005
293,1.544,0.0020000000000000018
294,1.555,0.010999999999999899
295,1.586,0.03100000000000014
296,1.555,-0.03100000000000014
297,1.551,-0.0040000000000000036
298,1.552,0.001000000000000112
299,1.582,0.030000000000000027
300,1.58,-0.0020000000000000018
301,1.588,0.008000000000000007
302,1.59,0.0020000000000000018
303,1.589,-0.001000000000000112
304,1.568,-0.020999999999999908
305,1.591,0.02299999999999991
306,1.568,-0.02299999999999991
307,1.587,0.018999999999999906
308,1.586,-0.0009999999999998899
309,1.617,0.030999999999999917
310,1.564,-0.052999999999999936
311,1.588,0.02400000000000002
312,1.597,0.008999999999999897
313,1.603,0.006000000000000005
314,1.59,-0.0129999999999999
315,1.571,-0.019000000000000128
316,1.585,0.014000000000000012
317,1.591,0.006000000000000005
318,1.591,0.0
319,1.612,0.02100000000000013
320,1.594,-0.018000000000000016
321,1.548,-0.04600000000000004
322,1.49,-0.05800000000000005
323,1.627,0.137
324,1.652,0.02499999999999991
325,1.608,-0.04399999999999982
326,1.613,0.004999999999999893
327,1.652,0.038999999999999924
328,1.634,-0.018000000000000016
329,1.649,0.015000000000000124
330,1.628,-0.02100000000000013
331,1.625,-0.0029999999999998916
332,1.666,0.040999999999999925
333,1.635,-0.030999999999999917
334,1.599,-0.03600000000000003
335,1.643,0.04400000000000004
336,1.647,0.0040000000000000036
337,1.547,-0.10000000000000009
338,1.643,0.09600000000000009
339,1.606,-0.03699999999999992
340,1.598,-0.008000000000000007
341,1.616,0.018000000000000016
342,1.632,0.015999999999999792
343,1.638,0.006000000000000005
344,1.603,-0.03499999999999992
345,1.629,0.026000000000000023
346,1.562,-0.06699999999999995
347,1.587,0.02499999999999991
348,1.634,0.04699999999999993
349,1.592,-0.041999999999999815
350,1.602,0.010000000000000009
351,1.578,-0.02400000000000002
352,1.609,0.030999999999999917
353,1.589,-0.020000000000000018
354,1.591,0.0020000000000000018
355,1.604,0.013000000000000123
356,1.606,0.0020000000000000018
357,1.595,-0.01100000000000012
358,1.617,0.02200000000000002
359,1.578,-0.038999999999999924
360,1.607,0.028999999999999915
361,1.622,0.015000000000000124
362,1.6,-0.02200000000000002
363,1.613,0.0129999999999999
364,1.626,0.0129999999999999
365,1.652,0.026000000000000023
366,1.654,0.0020000000000000018
367,1.607,-0.04699999999999993
368,1.635,0.028000000000000025
369,1.631,-0.0040000000000000036
370,1.651,0.020000000000000018
371,1.638,-0.013000000000000123
372,1.667,0.029000000000000137
373,1.646,-0.02100000000000013
374,1.614,-0.031999999999999806
375,1.659,0.04499999999999993
376,1.591,-0.06800000000000006
377,1.645,0.05400000000000005
378,1.553,-0.09200000000000008
379,1.522,-0.030999999999999917
380,1.631,0.10899999999999999
381,1.522,-0.10899999999999999
382,1.631,0.10899999999999999
383,1.521,-0.1100000000000001
384,1.493,-0.027999999999999803
385,1.547,0.053999999999999826
386,1.516,-0.030999999999999917
387,1.567,0.050999999999999934
388,1.506,-0.06099999999999994
389,1.602,0.09600000000000009
390,1.59,-0.01200000000000001
391,1.517,-0.07300000000000018
392,1.5,-0.016999999999999904
393,1.549,0.04899999999999993
394,1.487,-0.06199999999999983
395,1.51,0.02299999999999991
396,1.542,0.03200000000000003
397,1.506,-0.03600000000000003
398,1.477,-0.028999999999999915
399,1.495,0.018000000000000016
400,1.509,0.01399999999999979
401,1.527,0.018000000000000016
402,1.497,-0.029999999999999805
403,1.607,0.10999999999999988
404,1.494,-0.11299999999999999
405,1.51,0.016000000000000014
406,1.536,0.026000000000000023
407,1.514,-0.02200000000000002
408,1.585,0.07099999999999995
409,1.499,-0.08599999999999985
410,1.528,0.028999999999999915
411,1.527,-0.001000000000000112
412,1.508,-0.018999999999999906
413,1.54,0.03200000000000003
414,1.51,-0.030000000000000027
415,1.509,-0.001000000000000112
416,1.491,-0.017999999999999794
417,1.529,0.03799999999999981
418,1.487,-0.041999999999999815
419,1.501,0.01399999999999979
420,1.494,-0.006999999999999895
421,1.494,0.0
422,1.486,-0.008000000000000007
423,1.509,0.02299999999999991
424,1.516,0.007000000000000117
425,1.514,-0.0020000000000000018
426,1.489,-0.02499999999999991
427,1.485,-0.0040000000000000036
428,1.475,-0.010000000000000009
429,1.489,0.014000000000000012
430,1.478,-0.01100000000000012
431,1.474,-0.0040000000000000036
432,1.493,0.019000000000000128
433,1.473,-0.020000000000000018
434,1.501,0.027999999999999803
435,1.457,-0.04399999999999982
436,1.479,0.02200000000000002
437,1.467,-0.01200000000000001
438,1.477,0.010000000000000009
439,1.442,-0.03500000000000014
440,1.453,0.01100000000000012
441,1.479,0.026000000000000023
442,1.522,0.04299999999999993
443,1.553,0.030999999999999917
444,1.556,0.0030000000000001137
445,1.49,-0.06600000000000006
446,1.468,-0.02200000000000002
447,1.489,0.02100000000000013
448,1.477,-0.01200000000000001
449,1.546,0.06899999999999995
450,1.5,-0.04600000000000004
451,1.573,0.07299999999999995
452,1.504,-0.06899999999999995
453,1.534,0.030000000000000027
454,1.481,-0.052999999999999936
455,1.577,0.09599999999999986
456,1.615,0.038000000000000034
457,1.45,-0.16500000000000004
458,1.456,0.006000000000000005
459,1.479,0.02300000000000013
460,1.482,0.0029999999999998916
461,1.546,0.06400000000000006
462,1.504,-0.04200000000000004
463,1.502,-0.0020000000000000018
464,1.612,0.1100000000000001
465,1.514,-0.09800000000000009
466,1.537,0.02299999999999991
467,1.451,-0.08599999999999985
468,1.48,0.028999999999999915
469,1.462,-0.018000000000000016
470,1.576,0.1140000000000001
471,1.476,-0.10000000000000009
472,1.458,-0.018000000000000016
473,1.564,0.1060000000000001
474,1.482,-0.08200000000000007
475,1.497,0.015000000000000124
476,1.462,-0.03500000000000014
477,1.623,0.16100000000000003
478,1.576,-0.04699999999999993
479,1.633,0.05699999999999994
480,1.595,-0.038000000000000034
481,1.597,0.0020000000000000018
482,1.55,-0.04699999999999993
483,1.604,0.05400000000000005
484,1.597,-0.007000000000000117
485,1.629,0.03200000000000003
486,1.515,-0.1140000000000001
487,1.61,0.0950000000000002
488,1.508,-0.10200000000000009
489,1.518,0.010000000000000009
490,1.493,-0.02499999999999991
491,1.486,-0.007000000000000117
492,1.512,0.026000000000000023
493,1.508,-0.0040000000000000036
494,1.51,0.0020000000000000018
495,1.507,-0.0030000000000001137
496,1.463,-0.04399999999999982
497,1.497,0.03400000000000003
498,1.484,-0.013000000000000123
499,1.5,0.016000000000000014
500,1.501,0.0009999999999998899
501,1.554,0.05300000000000016
502,1.485,-0.06899999999999995
503,1.494,0.008999999999999897
504,1.512,0.018000000000000016
505,1.54,0.028000000000000025
506,1.531,-0.009000000000000119
507,1.528,-0.0029999999999998916
508,1.526,-0.0020000000000000018
509,1.506,-0.020000000000000018
510,1.541,0.03499999999999992
511,1.523,-0.018000000000000016
512,1.523,0.0
513,1.513,-0.010000000000000009
514,1.547,0.03400000000000003
515,1.523,-0.02400000000000002
516,1.544,0.02100000000000013
517,1.527,-0.017000000000000126
518,1.538,0.01100000000000012
519,1.523,-0.015000000000000124
520,1.562,0.039000000000000146
521,1.56,-0.0020000000000000018
522,1.534,-0.026000000000000023
523,1.536,0.0020000000000000018
524,1.544,0.008000000000000007
525,1.548,0.0040000000000000036
526,1.56,0.01200000000000001
527,1.554,-0.006000000000000005
528,1.534,-0.020000000000000018
529,1.535,0.0009999999999998899
530,1.509,-0.026000000000000023
531,1.509,0.0
532,1.525,0.016000000000000014
533,1.51,-0.014999999999999902
534,1.545,0.03499999999999992
535,1.527,-0.018000000000000016
536,1.508,-0.018999999999999906
537,1.519,0.010999999999999899
538,1.543,0.02400000000000002
539,1.54,-0.0029999999999998916
540,1.551,0.010999999999999899
541,1.54,-0.010999999999999899
542,1.532,-0.008000000000000007
543,1.523,-0.009000000000000119
544,1.547,0.02400000000000002
545,1.523,-0.02400000000000002
546,1.54,0.017000000000000126
547,1.527,-0.013000000000000123
548,1.519,-0.008000000000000007
549,1.525,0.006000000000000005
550,1.546,0.02100000000000013
551,1.527,-0.019000000000000128
552,1.553,0.026000000000000023
553,1.509,-0.04400000000000004
554,1.536,0.027000000000000135
555,1.515,-0.02100000000000013
556,1.56,0.04500000000000015
557,1.529,-0.03100000000000014
558,1.55,0.02100000000000013
559,1.509,-0.04100000000000015
560,1.517,0.008000000000000007
561,1.529,0.01200000000000001
562,1.502,-0.026999999999999913
563,1.493,-0.008999999999999897
564,1.501,0.007999999999999785
565,1.483,-0.017999999999999794
566,1.508,0.02499999999999991
567,1.49,-0.018000000000000016
568,1.485,-0.004999999999999893
569,1.491,0.006000000000000005
570,1.488,-0.0030000000000001137
571,1.466,-0.02200000000000002
572,1.513,0.04699999999999993
573,1.465,-0.04799999999999982
574,1.518,0.052999999999999936
575,1.526,0.008000000000000007
576,1.501,-0.025000000000000133
577,1.481,-0.019999999999999796
578,1.495,0.014000000000000012
579,1.477,-0.018000000000000016
580,1.49,0.0129999999999999
581,1.485,-0.004999999999999893
582,1.467,-0.018000000000000016
583,1.475,0.008000000000000007
584,1.481,0.006000000000000005
585,1.486,0.004999999999999893
586,1.487,0.001000000000000112
587,1.458,-0.029000000000000137
588,1.5,0.04200000000000004
589,1.503,0.0029999999999998916
590,1.482,-0.020999999999999908
591,1.475,-0.006999999999999895
592,1.507,0.031999999999999806
593,1.508,0.001000000000000112
594,1.466,-0.04200000000000004
595,1.488,0.02200000000000002
596,1.48,-0.008000000000000007
597,1.488,0.008000000000000007
598,1.478,-0.010000000000000009
599,1.482,0.0040000000000000036
600,1.481,-0.0009999999999998899
601,1.466,-0.015000000000000124
602,1.454,-0.01200000000000001
603,1.467,0.013000000000000123
604,1.481,0.014000000000000012
605,1.449,-0.03200000000000003
606,1.451,0.0020000000000000018
607,1.47,0.018999999999999906
608,1.47,0.0
609,1.474,0.0040000000000000036
610,1.454,-0.020000000000000018
611,1.577,0.123
612,1.473,-0.10399999999999987
613,1.609,0.1359999999999999
614,1.54,-0.06899999999999995
615,1.497,-0.04299999999999993
616,1.609,0.11199999999999988
617,1.5,-0.10899999999999999
618,1.525,0.02499999999999991
619,1.524,-0.0009999999999998899
620,1.486,-0.038000000000000034
621,1.483,-0.0029999999999998916
622,1.535,0.051999999999999824
623,1.526,-0.008999999999999897
624,1.504,-0.02200000000000002
625,1.541,0.03699999999999992
626,1.499,-0.041999999999999815
627,1.539,0.039999999999999813
628,1.516,-0.02299999999999991
629,1.496,-0.020000000000000018
630,1.519,0.02299999999999991
631,1.493,-0.0259999999999998
632,1.501,0.007999999999999785
633,1.503,0.0020000000000000018
634,1.472,-0.030999999999999917
635,1.531,0.05899999999999994
636,1.52,-0.010999999999999899
637,1.497,-0.02299999999999991
638,1.492,-0.0050000000000001155
639,1.504,0.01200000000000001
640,1.521,0.016999999999999904
641,1.52,-0.0009999999999998899
642,1.522,0.0020000000000000018
643,1.517,-0.0050000000000001155
644,1.499,-0.017999999999999794
645,1.518,0.018999999999999906
646,1.519,0.0009999999999998899
647,1.518,-0.0009999999999998899
648,1.52,0.0020000000000000018
649,1.516,-0.0040000000000000036
650,1.551,0.03499999999999992
651,1.521,-0.030000000000000027
652,1.545,0.02400000000000002
653,1.531,-0.014000000000000012
654,1.516,-0.014999999999999902
655,1.514,-0.0020000000000000018
656,1.53,0.016000000000000014
657,1.489,-0.040999999999999925
658,1.51,0.020999999999999908
659,1.526,0.016000000000000014
660,1.536,0.010000000000000009
661,1.506,-0.030000000000000027
662,1.529,0.02299999999999991
663,1.51,-0.018999999999999906
664,1.5,-0.010000000000000009
665,1.516,0.016000000000000014
666,1.53,0.014000000000000012
667,1.519,-0.01100000000000012
668,1.534,0.015000000000000124
669,1.51,-0.02400000000000002
670,1.496,-0.014000000000000012
671,1.531,0.03499999999999992
672,1.524,-0.006999999999999895
673,1.521,-0.0030000000000001137
674,1.518,-0.0029999999999998916
675,1.505,-0.013000000000000123
676,1.515,0.010000000000000009
677,1.495,-0.019999999999999796
678,1.474,-0.02100000000000013
679,1.519,0.04499999999999993
680,1.511,-0.008000000000000007
681,1.53,0.019000000000000128
682,1.481,-0.04899999999999993
683,1.492,0.010999999999999899
684,1.474,-0.018000000000000016
685,1.513,0.038999999999999924
686,1.513,0.0
687,1.514,0.001000000000000112
688,1.512,-0.0020000000000000018
689,1.514,0.0020000000000000018
690,1.547,0.03299999999999992
691,1.531,-0.016000000000000014
692,1.488,-0.04299999999999993
693,1.488,0.0
694,1.468,-0.020000000000000018
695,1.495,0.027000000000000135
696,1.49,-0.0050000000000001155
697,1.465,-0.02499999999999991
698,1.466,0.0009999999999998899
699,1.486,0.020000000000000018
700,1.462,-0.02400000000000002
701,1.465,0.0030000000000001137
702,1.494,0.028999999999999915
703,1.465,-0.028999999999999915
704,1.45,-0.015000000000000124
705,1.468,0.018000000000000016
706,1.492,0.02400000000000002
707,1.465,-0.026999999999999913
708,1.475,0.010000000000000009
709,1.485,0.010000000000000009
710,1.481,-0.0040000000000000036
711,1.487,0.006000000000000005
712,1.475,-0.01200000000000001
713,1.449,-0.026000000000000023
714,1.532,0.08299999999999996
715,1.469,-0.06299999999999994
716,1.571,0.10199999999999987
717,1.548,-0.02299999999999991
718,1.466,-0.08200000000000007
719,1.464,-0.0020000000000000018
720,1.533,0.06899999999999995
721,1.57,0.037000000000000144
722,1.579,0.008999999999999897
723,1.565,-0.014000000000000012
724,1.548,-0.016999999999999904
725,1.591,0.04299999999999993
726,1.603,0.01200000000000001
727,1.59,-0.0129999999999999
728,1.479,-0.11099999999999999
729,1.589,0.10999999999999988
730,1.568,-0.020999999999999908
731,1.56,-0.008000000000000007
732,1.565,0.004999999999999893
733,2.062,0.4969999999999999
734,2.154,0.09200000000000008
735,2.141,-0.0129999999999999
736,2.145,0.0040000000000000036
737,2.114,-0.03100000000000014
738,2.058,-0.05600000000000005
739,1.982,-0.07599999999999985
740,1.989,0.007000000000000117
741,1.945,-0.04400000000000004
742,1.917,-0.028000000000000025
743,1.886,-0.03100000000000014
744,1.859,-0.026999999999999913
745,1.835,-0.02400000000000002
746,1.841,0.006000000000000005
747,1.82,-0.020999999999999908
748,1.804,-0.016000000000000014
749,1.809,0.004999999999999893
750,1.778,-0.030999999999999917
751,1.791,0.0129999999999999
752,1.795,0.0040000000000000036
753,1.792,-0.0029999999999998916
754,1.78,-0.01200000000000001
755,1.783,0.0029999999999998916
756,1.75,-0.03299999999999992
757,1.759,0.008999999999999897
758,1.746,-0.0129999999999999
759,1.734,-0.01200000000000001
760,1.751,0.016999999999999904
761,1.726,-0.02499999999999991
762,1.748,0.02200000000000002
763,1.731,-0.016999999999999904
764,1.739,0.008000000000000007
765,1.727,-0.01200000000000001
766,1.749,0.02200000000000002
767,1.731,-0.018000000000000016
768,1.759,0.027999999999999803
769,1.715,-0.04399999999999982
770,1.719,0.0040000000000000036
771,1.717,-0.0020000000000000018
772,1.717,0.0
773,1.73,0.0129999999999999
774,1.743,0.013000000000000123
775,1.721,-0.02200000000000002
776,1.718,-0.0030000000000001137
777,1.708,-0.010000000000000009
778,1.708,0.0
779,1.712,0.0040000000000000036
780,1.715,0.0030000000000001137
781,1.719,0.0040000000000000036
782,1.701,-0.018000000000000016
783,1.738,0.03699999999999992
784,1.715,-0.02299999999999991
785,1.702,-0.013000000000000123
786,1.745,0.04300000000000015
787,1.74,-0.0050000000000001155
788,1.712,-0.028000000000000025
789,1.725,0.013000000000000123
790,1.719,-0.006000000000000005
791,1.726,0.006999999999999895
792,1.718,-0.008000000000000007
793,1.718,0.0
794,1.71,-0.008000000000000007
795,1.71,0.0
796,1.709,-0.0009999999999998899
797,1.711,0.0020000000000000018
798,1.735,0.02400000000000002
799,1.708,-0.027000000000000135
800,1.692,-0.016000000000000014
801,1.731,0.039000000000000146
802,1.713,-0.018000000000000016
803,1.711,-0.0020000000000000018
804,1.706,-0.0050000000000001155
805,1.713,0.007000000000000117
806,1.703,-0.010000000000000009
807,1.709,0.006000000000000005
808,1.703,-0.006000000000000005
809,1.69,-0.013000000000000123
810,1.701,0.01100000000000012
811,1.725,0.02400000000000002
812,1.7,-0.025000000000000133
813,1.694,-0.006000000000000005
814,1.707,0.013000000000000123
815,1.7,-0.007000000000000117
816,1.688,-0.01200000000000001
817,1.69,0.0020000000000000018
818,1.698,0.008000000000000007
819,1.717,0.019000000000000128
820,1.703,-0.014000000000000012
821,1.715,0.01200000000000001
822,1.701,-0.014000000000000012
823,1.706,0.004999999999999893
824,1.712,0.006000000000000005
825,1.715,0.0030000000000001137
826,1.687,-0.028000000000000025
827,1.687,0.0
828,1.714,0.026999999999999913
829,1.711,-0.0029999999999998916
830,1.721,0.010000000000000009
831,1.711,-0.010000000000000009
832,1.69,-0.02100000000000013
833,1.714,0.02400000000000002
834,1.694,-0.020000000000000018
835,1.713,0.019000000000000128
836,1.711,-0.0020000000000000018
837,1.718,0.006999999999999895
838,1.702,-0.016000000000000014
839,1.714,0.01200000000000001
840,1.715,0.001000000000000112
841,1.722,0.006999999999999895
842,1.697,-0.02499999999999991
843,1.72,0.02299999999999991
844,1.692,-0.028000000000000025
845,1.709,0.017000000000000126
846,1.715,0.006000000000000005
847,1.697,-0.018000000000000016
848,1.717,0.020000000000000018
849,1.714,-0.0030000000000001137
850,1.715,0.001000000000000112
851,1.719,0.0040000000000000036
852,1.696,-0.02300000000000013
853,1.709,0.013000000000000123
854,1.723,0.014000000000000012
855,1.714,-0.009000000000000119
856,1.724,0.010000000000000009
857,1.707,-0.016999999999999904
858,1.691,-0.016000000000000014
859,1.702,0.010999999999999899
860,1.701,-0.0009999999999998899
861,1.677,-0.02400000000000002
862,1.696,0.018999999999999906
863,1.716,0.020000000000000018
864,1.714,-0.0020000000000000018
865,1.712,-0.0020000000000000018
866,1.713,0.001000000000000112
867,1.712,-0.001000000000000112
868,1.717,0.0050000000000001155
869,1.719,0.0020000000000000018
870,1.715,-0.0040000000000000036
871,1.708,-0.007000000000000117
872,1.744,0.03600000000000003
873,1.716,-0.028000000000000025
874,1.733,0.017000000000000126
875,1.713,-0.020000000000000018
876,1.719,0.006000000000000005
877,1.7,-0.019000000000000128
878,1.722,0.02200000000000002
879,1.732,0.010000000000000009
880,1.718,-0.014000000000000012
881,1.722,0.0040000000000000036
882,1.688,-0.03400000000000003
883,1.713,0.025000000000000133
884,1.714,0.0009999999999998899
885,1.718,0.0040000000000000036
886,1.712,-0.006000000000000005
887,1.721,0.009000000000000119
888,1.71,-0.01100000000000012
889,1.729,0.019000000000000128
890,1.732,0.0029999999999998916
891,1.717,-0.014999999999999902
892,1.721,0.0040000000000000036
893,1.72,-0.001000000000000112
894,1.708,-0.01200000000000001
895,1.732,0.02400000000000002
896,1.726,-0.006000000000000005
897,1.721,-0.004999999999999893
898,1.727,0.006000000000000005
899,1.718,-0.009000000000000119
900,1.72,0.0020000000000000018
901,1.736,0.016000000000000014
902,1.711,-0.02499999999999991
903,1.712,0.0009999999999998899
904,1.733,0.02100000000000013
905,1.714,-0.019000000000000128
906,1.726,0.01200000000000001
907,1.718,-0.008000000000000007
908,1.72,0.0020000000000000018
909,1.717,-0.0029999999999998916
910,1.724,0.006999999999999895
911,1.714,-0.010000000000000009
912,1.72,0.006000000000000005
913,1.716,-0.0040000000000000036
914,1.72,0.0040000000000000036
915,1.718,-0.0020000000000000018
916,1.717,-0.0009999999999998899
917,1.719,0.0020000000000000018
918,1.718,-0.001000000000000112
919,1.717,-0.0009999999999998899
920,1.718,0.0009999999999998899
921,1.72,0.0020000000000000018
922,1.737,0.017000000000000126
923,1.697,-0.040000000000000036
924,1.722,0.02499999999999991
925,1.719,-0.0029999999999998916
926,1.715,-0.0040000000000000036
927,1.713,-0.0020000000000000018
928,1.709,-0.0040000000000000036
929,1.732,0.02299999999999991
930,1.715,-0.016999999999999904
931,1.696,-0.019000000000000128
932,1.715,0.019000000000000128
933,1.698,-0.017000000000000126
934,1.718,0.020000000000000018
935,1.693,-0.02499999999999991
936,1.684,-0.009000000000000119
937,1.717,0.03300000000000014
938,1.691,-0.026000000000000023
939,1.691,0.0
940,1.715,0.02400000000000002
941,1.717,0.0020000000000000018
942,1.715,-0.0020000000000000018
943,1.718,0.0029999999999998916
944,1.695,-0.02299999999999991
945,1.683,-0.01200000000000001
946,1.674,-0.009000000000000119
947,1.701,0.027000000000000135
948,1.676,-0.025000000000000133
949,1.685,0.009000000000000119
950,1.728,0.04299999999999993
951,1.72,-0.008000000000000007
952,1.68,-0.040000000000000036
953,1.717,0.037000000000000144
954,1.702,-0.015000000000000124
955,1.724,0.02200000000000002
956,1.701,-0.02299999999999991
957,1.672,-0.029000000000000137
958,1.701,0.029000000000000137
959,1.722,0.020999999999999908
960,1.699,-0.02299999999999991
961,1.697,-0.0020000000000000018
962,1.692,-0.0050000000000001155
963,1.702,0.010000000000000009
964,1.696,-0.006000000000000005
965,1.719,0.02300000000000013
966,1.697,-0.02200000000000002
967,1.717,0.020000000000000018
968,1.695,-0.02200000000000002
969,1.693,-0.0020000000000000018
970,1.72,0.026999999999999913
971,1.7,-0.020000000000000018
972,1.718,0.018000000000000016
973,1.715,-0.0029999999999998916
974,1.715,0.0
975,1.721,0.006000000000000005
976,1.702,-0.019000000000000128
977,1.693,-0.008999999999999897
978,1.726,0.03299999999999992
979,1.7,-0.026000000000000023
980,1.718,0.018000000000000016
981,1.706,-0.01200000000000001
982,1.718,0.01200000000000001
983,1.701,-0.016999999999999904
984,1.699,-0.0020000000000000018
985,1.703,0.0040000000000000036
986,1.719,0.016000000000000014
987,1.718,-0.001000000000000112
988,1.718,0.0
989,1.721,0.0030000000000001137
990,1.699,-0.02200000000000002
991,1.695,-0.0040000000000000036
992,1.706,0.010999999999999899
993,1.721,0.015000000000000124
994,1.68,-0.04100000000000015
995,1.697,0.017000000000000126
996,1.739,0.04200000000000004
997,1.728,-0.01100000000000012
998,1.726,-0.0020000000000000018
999,1.726,0.0
1000,1.725,-0.0009999999999998899
1001,1.717,-0.008000000000000007
1002,1.738,0.020999999999999908
1003,1.739,0.001000000000000112
1004,1.743,0.0040000000000000036
1005,1.749,0.006000000000000005
1006,1.741,-0.008000000000000007
1007,1.721,-0.020000000000000018
1008,1.716,-0.0050000000000001155
1009,1.72,0.0040000000000000036
1010,1.716,-0.0040000000000000036
1011,1.713,-0.0029999999999998916
1012,1.726,0.0129999999999999
1013,1.719,-0.006999999999999895
1014,1.743,0.02400000000000002
1015,1.703,-0.040000000000000036
1016,1.717,0.014000000000000012
1017,1.728,0.010999999999999899
1018,1.714,-0.014000000000000012
1019,1.724,0.010000000000000009
1020,1.723,-0.0009999999999998899
1021,1.745,0.02200000000000002
1022,1.723,-0.02200000000000002
1023,1.732,0.008999999999999897
1024,1.724,-0.008000000000000007
1025,1.759,0.03499999999999992
1026,1.742,-0.016999999999999904
1027,1.767,0.02499999999999991
1028,1.746,-0.020999999999999908
1029,1.747,0.001000000000000112
1030,1.745,-0.0020000000000000018
1031,1.759,0.01399999999999979
1032,1.761,0.0020000000000000018
1033,1.743,-0.017999999999999794
1034,1.739,-0.0040000000000000036
1035,1.722,-0.017000000000000126
1036,1.784,0.062000000000000055
1037,1.768,-0.016000000000000014
1038,1.765,-0.0030000000000001137
1039,1.758,-0.006999999999999895
1040,1.759,0.0009999999999998899
1041,1.722,-0.03699999999999992
1042,1.735,0.013000000000000123
1043,1.726,-0.009000000000000119
1044,1.743,0.017000000000000126
1045,1.764,0.020999999999999908
1046,1.745,-0.018999999999999906
1047,1.759,0.01399999999999979
1048,1.746,-0.0129999999999999
1049,1.742,-0.0040000000000000036
1050,1.756,0.014000000000000012
1051,1.747,-0.008999999999999897
1052,1.759,0.011999999999999789
1053,1.786,0.027000000000000135
1054,1.734,-0.052000000000000046
1055,1.742,0.008000000000000007
1056,1.773,0.030999999999999917
1057,1.761,-0.01200000000000001
1058,1.763,0.0020000000000000018
1059,1.738,-0.02499999999999991
1060,1.738,0.0
1061,1.764,0.026000000000000023
1062,1.76,-0.0040000000000000036
1063,1.758,-0.0020000000000000018
1064,1.782,0.02400000000000002
1065,1.761,-0.02100000000000013
1066,1.766,0.0050000000000001155
1067,1.748,-0.018000000000000016
1068,1.739,-0.008999999999999897
1069,1.741,0.0020000000000000018
1070,1.744,0.0029999999999998916
1071,1.746,0.0020000000000000018
1072,1.754,0.008000000000000007
1073,1.733,-0.020999999999999908
1074,1.726,-0.007000000000000117
1075,1.744,0.018000000000000016
1076,1.745,0.001000000000000112
1077,1.716,-0.029000000000000137
1078,1.762,0.04600000000000004
1079,1.743,-0.018999999999999906
1080,1.754,0.010999999999999899
1081,1.762,0.008000000000000007
1082,1.753,-0.009000000000000119
1083,1.751,-0.0020000000000000018
1084,1.72,-0.030999999999999917
1085,1.72,0.0
1086,1.722,0.0020000000000000018
1087,1.723,0.001000000000000112
1088,1.725,0.0020000000000000018
1089,1.742,0.016999999999999904
1090,1.766,0.02400000000000002
1091,1.727,-0.038999999999999924
1092,1.7,-0.027000000000000135
1093,1.749,0.049000000000000155
1094,1.75,0.0009999999999998899
1095,1.736,-0.014000000000000012
1096,1.73,-0.006000000000000005
1097,1.709,-0.020999999999999908
1098,1.727,0.018000000000000016
1099,1.754,0.026999999999999913
1100,1.726,-0.028000000000000025
1101,1.724,-0.0020000000000000018
1102,1.745,0.02100000000000013
1103,1.743,-0.0020000000000000018
1104,1.739,-0.0040000000000000036
1105,1.74,0.0009999999999998899
1106,1.743,0.0030000000000001137
1107,1.742,-0.001000000000000112
1108,1.744,0.0020000000000000018
1109,1.744,0.0
1110,1.75,0.006000000000000005
1111,1.741,-0.008999999999999897
1112,1.721,-0.020000000000000018
1113,1.725,0.0040000000000000036
1114,1.761,0.03599999999999981
1115,1.743,-0.017999999999999794
1116,1.761,0.017999999999999794
1117,1.722,-0.038999999999999924
1118,1.721,-0.0009999999999998899
1119,1.763,0.041999999999999815
1120,1.741,-0.021999999999999797
1121,1.723,-0.018000000000000016
1122,1.723,0.0
1123,1.726,0.0029999999999998916
1124,1.745,0.019000000000000128
1125,1.743,-0.0020000000000000018
1126,1.739,-0.0040000000000000036
1127,1.722,-0.017000000000000126
1128,1.723,0.001000000000000112
1129,1.75,0.026999999999999913
1130,1.721,-0.028999999999999915
1131,1.768,0.04699999999999993
1132,1.756,-0.01200000000000001
1133,1.745,-0.010999999999999899
1134,1.745,0.0
1135,1.754,0.008999999999999897
1136,1.744,-0.010000000000000009
1137,1.744,0.0
1138,1.753,0.008999999999999897
1139,1.739,-0.01399999999999979
1140,1.777,0.03799999999999981
1141,1.748,-0.028999999999999915
1142,1.744,-0.0040000000000000036
1143,1.737,-0.006999999999999895
1144,1.72,-0.017000000000000126
1145,1.775,0.05499999999999994
1146,1.746,-0.028999999999999915
1147,1.765,0.018999999999999906
1148,1.763,-0.0020000000000000018
1149,1.757,-0.006000000000000005
1150,1.74,-0.016999999999999904
1151,1.727,-0.0129999999999999
1152,1.726,-0.001000000000000112
1153,1.758,0.03200000000000003
1154,1.74,-0.018000000000000016
1155,1.773,0.03299999999999992
1156,1.754,-0.018999999999999906
1157,1.737,-0.016999999999999904
1158,1.745,0.008000000000000007
1159,1.723,-0.02200000000000002
1160,1.793,0.06999999999999984
1161,1.748,-0.04499999999999993
1162,1.766,0.018000000000000016
1163,1.781,0.014999999999999902
1164,1.764,-0.016999999999999904
1165,1.769,0.004999999999999893
1166,1.764,-0.004999999999999893
1167,1.769,0.004999999999999893
1168,1.783,0.014000000000000012
1169,1.789,0.006000000000000005
1170,1.77,-0.018999999999999906
1171,1.783,0.0129999999999999
1172,1.792,0.009000000000000119
1173,1.762,-0.030000000000000027
1174,1.802,0.040000000000000036
1175,1.825,0.02299999999999991
1176,1.79,-0.03499999999999992
1177,1.786,-0.0040000000000000036
1178,1.794,0.008000000000000007
1179,1.79,-0.0040000000000000036
1180,1.74,-0.050000000000000044
1181,1.761,0.020999999999999908
1182,1.782,0.02100000000000013
1183,1.777,-0.0050000000000001155
1184,1.781,0.0040000000000000036
1185,1.766,-0.014999999999999902
1186,1.761,-0.0050000000000001155
1187,1.81,0.049000000000000155
1188,1.779,-0.03100000000000014
1189,1.764,-0.014999999999999902
1190,1.763,-0.001000000000000112
1191,1.76,-0.0029999999999998916
1192,1.785,0.02499999999999991
1193,1.787,0.0020000000000000018
1194,1.789,0.0020000000000000018
1195,1.783,-0.006000000000000005
1196,1.756,-0.026999999999999913
1197,1.763,0.006999999999999895
1198,1.747,-0.015999999999999792
1199,1.759,0.011999999999999789
1200,1.742,-0.016999999999999904
1201,1.783,0.040999999999999925
1202,1.8,0.017000000000000126
1203,1.772,-0.028000000000000025
1204,1.784,0.01200000000000001
1205,1.792,0.008000000000000007
1206,1.769,-0.02300000000000013
1207,1.766,-0.0029999999999998916
1208,1.783,0.016999999999999904
1209,1.739,-0.04399999999999982
1210,1.746,0.006999999999999895
1211,1.72,-0.026000000000000023
1212,1.74,0.020000000000000018
1213,1.722,-0.018000000000000016
1214,1.747,0.025000000000000133
1215,1.741,-0.006000000000000005
1216,1.756,0.014999999999999902
1217,1.729,-0.026999999999999913
1218,1.765,0.03599999999999981
1219,1.742,-0.02299999999999991
1220,1.725,-0.016999999999999904
1221,1.74,0.014999999999999902
1222,1.764,0.02400000000000002
1223,1.722,-0.04200000000000004
1224,1.749,0.027000000000000135
1225,1.719,-0.030000000000000027
1226,1.722,0.0029999999999998916
1227,1.706,-0.016000000000000014
1228,1.72,0.014000000000000012
1229,1.709,-0.010999999999999899
1230,1.697,-0.01200000000000001
1231,1.745,0.04800000000000004
1232,1.783,0.03799999999999981
1233,1.765,-0.018000000000000016
1234,1.726,-0.038999999999999924
1235,1.744,0.018000000000000016
1236,1.79,0.04600000000000004
1237,1.752,-0.038000000000000034
1238,1.738,-0.014000000000000012
1239,1.744,0.006000000000000005
1240,1.723,-0.020999999999999908
1241,1.753,0.029999999999999805
1242,1.746,-0.006999999999999895
1243,1.716,-0.030000000000000027
1244,1.745,0.029000000000000137
1245,1.741,-0.0040000000000000036
1246,1.726,-0.015000000000000124
1247,1.745,0.019000000000000128
1248,1.743,-0.0020000000000000018
1249,1.764,0.020999999999999908
1250,1.74,-0.02400000000000002
1251,1.734,-0.006000000000000005
1252,1.758,0.02400000000000002
1253,1.766,0.008000000000000007
1254,1.718,-0.04800000000000004
1255,1.712,-0.006000000000000005
1256,1.744,0.03200000000000003
1257,1.763,0.018999999999999906
1258,1.762,-0.0009999999999998899
1259,1.744,-0.018000000000000016
1260,1.774,0.030000000000000027
1261,1.749,-0.02499999999999991
1262,1.723,-0.026000000000000023
1263,1.783,0.05999999999999983
1264,1.765,-0.018000000000000016
1265,1.762,-0.0029999999999998916
1266,1.739,-0.02299999999999991
1267,1.745,0.006000000000000005
1268,1.743,-0.0020000000000000018
1269,1.747,0.0040000000000000036
1270,1.725,-0.02200000000000002
1271,1.745,0.020000000000000018
1272,1.735,-0.010000000000000009
1273,1.73,-0.0050000000000001155
1274,1.748,0.018000000000000016
1275,1.728,-0.020000000000000018
1276,1.752,0.02400000000000002
1277,1.763,0.010999999999999899
1278,1.724,-0.038999999999999924
1279,1.724,0.0
1280,1.726,0.0020000000000000018
1281,1.758,0.03200000000000003
1282,1.74,-0.018000000000000016
1283,1.721,-0.018999999999999906
1284,1.724,0.0029999999999998916
1285,1.732,0.008000000000000007
1286,1.732,0.0
1287,1.721,-0.010999999999999899
1288,1.722,0.0009999999999998899
1289,1.737,0.015000000000000124
1290,1.713,-0.02400000000000002
1291,1.723,0.010000000000000009
1292,1.738,0.014999999999999902
1293,1.72,-0.018000000000000016
1294,1.737,0.017000000000000126
1295,1.749,0.01200000000000001
1296,1.743,-0.006000000000000005
1297,1.747,0.0040000000000000036
1298,1.749,0.0020000000000000018
1299,1.746,-0.0030000000000001137
1300,1.744,-0.0020000000000000018
1301,1.743,-0.0009999999999998899
1302,1.746,0.0029999999999998916
1303,1.764,0.018000000000000016
1304,1.777,0.0129999999999999
1305,1.745,-0.031999999999999806
1306,1.767,0.021999999999999797
1307,1.767,0.0
1308,1.766,-0.0009999999999998899
1309,1.771,0.004999999999999893
1310,1.749,-0.021999999999999797
1311,1.757,0.007999999999999785
1312,1.742,-0.014999999999999902
1313,1.751,0.008999999999999897
1314,1.739,-0.011999999999999789
1315,1.746,0.006999999999999895
1316,1.725,-0.020999999999999908
1317,1.733,0.008000000000000007
1318,1.736,0.0029999999999998916
1319,1.77,0.03400000000000003
1320,1.768,-0.0020000000000000018
1321,1.759,-0.009000000000000119
1322,1.775,0.016000000000000014
1323,1.766,-0.008999999999999897
1324,1.768,0.0020000000000000018
1325,1.749,-0.018999999999999906
1326,1.74,-0.009000000000000119
1327,1.746,0.006000000000000005
1328,1.768,0.02200000000000002
1329,1.772,0.0040000000000000036
1330,1.747,-0.02499999999999991
1331,1.77,0.02299999999999991
1332,1.771,0.0009999999999998899
1333,1.772,0.001000000000000112
1334,1.761,-0.01100000000000012
1335,1.739,-0.021999999999999797
1336,1.763,0.0239999999999998
1337,1.747,-0.015999999999999792
1338,1.749,0.0020000000000000018
1339,1.747,-0.0020000000000000018
1340,1.74,-0.007000000000000117
1341,1.747,0.007000000000000117
1342,1.766,0.018999999999999906
1343,1.746,-0.020000000000000018
1344,1.746,0.0
1345,1.724,-0.02200000000000002
1346,1.755,0.030999999999999917
1347,1.72,-0.03499999999999992
1348,1.72,0.0
1349,1.747,0.027000000000000135
1350,1.74,-0.007000000000000117
1351,1.716,-0.02400000000000002
1352,1.721,0.0050000000000001155
1353,1.729,0.008000000000000007
1354,1.725,-0.0040000000000000036
1355,1.749,0.02400000000000002
1356,1.735,-0.014000000000000012
1357,1.722,-0.013000000000000123
1358,1.713,-0.008999999999999897
1359,1.752,0.038999999999999924
1360,1.717,-0.03499999999999992
1361,1.706,-0.01100000000000012
1362,1.709,0.0030000000000001137
1363,1.736,0.026999999999999913
1364,1.765,0.028999999999999915
1365,1.764,-0.0009999999999998899
1366,1.786,0.02200000000000002
1367,1.775,-0.01100000000000012
1368,1.731,-0.04399999999999982
1369,1.768,0.03699999999999992
1370,1.774,0.006000000000000005
1371,1.749,-0.02499999999999991
1372,1.74,-0.009000000000000119
1373,1.746,0.006000000000000005
1374,1.727,-0.018999999999999906
1375,1.742,0.014999999999999902
1376,1.731,-0.010999999999999899
1377,1.722,-0.009000000000000119
1378,1.741,0.019000000000000128
1379,1.758,0.016999999999999904
1380,1.715,-0.04299999999999993
1381,1.719,0.0040000000000000036
1382,1.722,0.0029999999999998916
1383,1.725,0.0030000000000001137
1384,1.729,0.0040000000000000036
1385,1.755,0.0259999999999998
1386,1.733,-0.021999999999999797
1387,1.737,0.0040000000000000036
1388,1.741,0.0040000000000000036
1389,1.756,0.014999999999999902
1390,1.761,0.004999999999999893
1391,1.738,-0.02299999999999991
1392,1.749,0.01100000000000012
1393,1.722,-0.027000000000000135
1394,1.734,0.01200000000000001
1395,1.744,0.010000000000000009
1396,1.74,-0.0040000000000000036
1397,1.755,0.014999999999999902
1398,1.72,-0.03499999999999992
1399,1.749,0.029000000000000137
1400,1.735,-0.014000000000000012
1401,1.707,-0.028000000000000025
1402,1.727,0.020000000000000018
1403,1.746,0.018999999999999906
1404,1.726,-0.020000000000000018
1405,1.733,0.007000000000000117
1406,1.733,0.0
1407,1.723,-0.010000000000000009
1408,1.741,0.018000000000000016
1409,1.726,-0.015000000000000124
1410,1.717,-0.008999999999999897
1411,1.699,-0.018000000000000016
1412,1.734,0.03499999999999992
1413,1.745,0.01100000000000012
1414,1.745,0.0
1415,1.746,0.0009999999999998899
1416,1.739,-0.006999999999999895
1417,1.726,-0.013000000000000123
1418,1.731,0.0050000000000001155
1419,1.712,-0.019000000000000128
1420,1.697,-0.014999999999999902
1421,1.723,0.026000000000000023
1422,1.724,0.0009999999999998899
1423,1.725,0.001000000000000112
1424,1.721,-0.0040000000000000036
1425,1.717,-0.0040000000000000036
1426,1.721,0.0040000000000000036
1427,1.737,0.016000000000000014
1428,1.757,0.019999999999999796
1429,1.719,-0.03799999999999981
1430,1.72,0.0009999999999998899
1431,1.728,0.008000000000000007
1432,1.747,0.019000000000000128
1433,1.752,0.004999999999999893
1434,1.749,-0.0029999999999998916
1435,1.737,-0.01200000000000001
1436,1.763,0.0259999999999998
1437,1.746,-0.016999999999999904
1438,1.787,0.040999999999999925
1439,1.767,-0.020000000000000018
1440,1.761,-0.006000000000000005
1441,1.765,0.0040000000000000036
1442,1.756,-0.008999999999999897
1443,1.753,-0.0030000000000001137
1444,1.763,0.010000000000000009
1445,1.738,-0.02499999999999991
1446,1.748,0.010000000000000009
1447,1.736,-0.01200000000000001
1448,1.715,-0.020999999999999908
1449,1.748,0.03299999999999992
1450,1.746,-0.0020000000000000018
1451,1.748,0.0020000000000000018
1452,1.76,0.01200000000000001
1453,1.747,-0.0129999999999999
1454,1.767,0.019999999999999796
1455,1.747,-0.019999999999999796
1456,1.748,0.0009999999999998899
1457,1.752,0.0040000000000000036
1458,1.725,-0.026999999999999913
1459,1.723,-0.0020000000000000018
1460,1.773,0.04999999999999982
1461,1.747,-0.0259999999999998
1462,1.773,0.0259999999999998
1463,1.749,-0.0239999999999998
1464,1.745,-0.0040000000000000036
1465,2.7,0.9550000000000001
1466,2.839,0.1389999999999998
1467,2.824,-0.015000000000000124
1468,2.759,-0.06499999999999995
1469,2.728,-0.030999999999999694
1470,2.658,-0.07000000000000028
1471,2.595,-0.06299999999999972
1472,2.552,-0.04300000000000015
1473,2.502,-0.050000000000000266
1474,2.46,-0.041999999999999815
1475,2.458,-0.0019999999999997797
1476,2.385,-0.0730000000000004
1477,2.366,-0.018999999999999684
1478,2.339,-0.027000000000000135
1479,2.328,-0.01100000000000012
1480,2.284,-0.04400000000000004
1481,2.316,0.03200000000000003
1482,2.259,-0.05699999999999994
1483,2.249,-0.009999999999999787
1484,2.24,-0.008999999999999897
1485,2.226,-0.014000000000000234
1486,2.225,-0.0009999999999998899
1487,2.23,0.004999999999999893
1488,2.201,-0.028999999999999915
1489,2.209,0.008000000000000007
1490,2.184,-0.02499999999999991
1491,2.181,-0.0030000000000001137
1492,2.171,-0.010000000000000231
1493,2.186,0.015000000000000124
1494,2.159,-0.027000000000000135
1495,2.147,-0.01200000000000001
1496,2.148,0.001000000000000334
1497,2.13,-0.018000000000000238
1498,2.131,0.0009999999999998899
1499,2.134,0.0030000000000001137
1500,2.13,-0.0040000000000000036
1501,2.126,-0.0040000000000000036
1502,2.131,0.004999999999999893
1503,2.134,0.0030000000000001137
1504,2.137,0.0030000000000001137
1505,2.118,-0.019000000000000128
1506,2.109,-0.008999999999999897
1507,2.134,0.02499999999999991
1508,2.159,0.02499999999999991
1509,2.133,-0.0259999999999998
1510,2.129,-0.0040000000000000036
1511,2.141,0.01200000000000001
1512,2.135,-0.006000000000000227
1513,2.16,0.025000000000000355
1514,2.163,0.0029999999999996696
1515,2.169,0.006000000000000227
1516,2.159,-0.010000000000000231
1517,2.135,-0.02400000000000002
1518,2.158,0.02300000000000013
1519,2.166,0.008000000000000007
1520,2.14,-0.0259999999999998
1521,2.143,0.0029999999999996696
1522,2.168,0.025000000000000355
1523,2.144,-0.02400000000000002
1524,2.159,0.01499999999999968
1525,2.156,-0.0029999999999996696
1526,2.152,-0.0040000000000000036
1527,2.144,-0.008000000000000007
1528,2.16,0.016000000000000014
1529,2.15,-0.010000000000000231
1530,2.141,-0.008999999999999897
1531,2.122,-0.019000000000000128
1532,2.148,0.026000000000000245
1533,2.119,-0.028999999999999915
1534,2.125,0.005999999999999783
1535,2.173,0.04800000000000004
1536,2.121,-0.052000000000000046
1537,2.15,0.028999999999999915
1538,2.12,-0.029999999999999805
1539,2.143,0.022999999999999687
1540,2.173,0.03000000000000025
1541,2.117,-0.05600000000000005
1542,2.159,0.041999999999999815
1543,2.139,-0.020000000000000018
1544,2.148,0.009000000000000341
1545,2.154,0.005999999999999783
1546,2.14,-0.01399999999999979
1547,2.143,0.0029999999999996696
1548,2.175,0.03200000000000003
1549,2.144,-0.030999999999999694
1550,2.136,-0.008000000000000007
1551,2.154,0.017999999999999794
1552,2.146,-0.008000000000000007
1553,2.141,-0.004999999999999893
1554,2.141,0.0
1555,2.144,0.0030000000000001137
1556,2.146,0.0019999999999997797
1557,2.145,-0.0009999999999998899
1558,2.141,-0.0040000000000000036
1559,2.123,-0.017999999999999794
1560,2.145,0.021999999999999797
1561,2.143,-0.002000000000000224
1562,2.153,0.010000000000000231
1563,2.131,-0.02200000000000024
1564,2.118,-0.0129999999999999
1565,2.136,0.018000000000000238
1566,2.141,0.004999999999999893
1567,2.141,0.0
1568,2.126,-0.015000000000000124
1569,2.151,0.02499999999999991
1570,2.165,0.014000000000000234
1571,2.167,0.0019999999999997797
1572,2.138,-0.028999999999999915
1573,2.134,-0.0040000000000000036
1574,2.172,0.038000000000000256
1575,2.141,-0.03100000000000014
1576,2.135,-0.006000000000000227
1577,2.144,0.009000000000000341
1578,2.136,-0.008000000000000007
1579,2.155,0.018999999999999684
1580,2.176,0.02100000000000035
1581,2.164,-0.01200000000000001
1582,2.168,0.0040000000000000036
1583,2.166,-0.002000000000000224
1584,2.143,-0.02300000000000013
1585,2.141,-0.0019999999999997797
1586,2.164,0.02300000000000013
1587,2.139,-0.025000000000000355
1588,2.156,0.017000000000000348
1589,2.137,-0.019000000000000128
1590,2.152,0.015000000000000124
1591,2.138,-0.014000000000000234
1592,2.145,0.007000000000000117
1593,2.12,-0.02499999999999991
1594,2.132,0.01200000000000001
1595,2.135,0.0029999999999996696
1596,2.156,0.02100000000000035
1597,2.134,-0.02200000000000024
1598,2.133,-0.0009999999999998899
1599,2.147,0.01399999999999979
1600,2.152,0.0050000000000003375
1601,2.137,-0.015000000000000124
1602,2.128,-0.008999999999999897
1603,2.141,0.0129999999999999
1604,2.144,0.0030000000000001137
1605,2.132,-0.01200000000000001
1606,2.147,0.01499999999999968
1607,2.147,0.0
1608,2.148,0.001000000000000334
1609,2.152,0.0040000000000000036
1610,2.153,0.0009999999999998899
1611,2.15,-0.0030000000000001137
1612,2.152,0.002000000000000224
1613,2.135,-0.017000000000000348
1614,2.148,0.013000000000000345
1615,2.148,0.0
1616,2.15,0.0019999999999997797
1617,2.164,0.014000000000000234
1618,2.167,0.0029999999999996696
1619,2.151,-0.016000000000000014
1620,2.169,0.018000000000000238
1621,2.15,-0.019000000000000128
1622,2.148,-0.0019999999999997797
1623,2.154,0.005999999999999783
1624,2.149,-0.004999999999999893
1625,2.155,0.005999999999999783
1626,2.152,-0.0029999999999996696
1627,2.151,-0.001000000000000334
1628,2.176,0.025000000000000355
1629,2.153,-0.02300000000000013
1630,2.156,0.0030000000000001137
1631,2.157,0.0009999999999998899
1632,2.173,0.016000000000000014
1633,2.158,-0.015000000000000124
1634,2.173,0.015000000000000124
1635,2.168,-0.004999999999999893
1636,2.177,0.008999999999999897
1637,2.156,-0.020999999999999908
1638,2.178,0.021999999999999797
1639,2.184,0.006000000000000227
1640,2.148,-0.03600000000000003
1641,2.18,0.03200000000000003
1642,2.145,-0.03500000000000014
1643,2.157,0.01200000000000001
1644,2.149,-0.008000000000000007
1645,2.172,0.02300000000000013
1646,2.161,-0.01100000000000012
1647,2.146,-0.015000000000000124
1648,2.152,0.006000000000000227
1649,2.154,0.0019999999999997797
1650,2.168,0.014000000000000234
1651,2.147,-0.02100000000000035
1652,2.154,0.007000000000000117
1653,2.142,-0.01200000000000001
1654,2.154,0.01200000000000001
1655,2.145,-0.008999999999999897
1656,2.151,0.005999999999999783
1657,2.134,-0.016999999999999904
1658,2.127,-0.007000000000000117
1659,2.153,0.026000000000000245
1660,2.139,-0.014000000000000234
1661,2.153,0.014000000000000234
1662,2.147,-0.006000000000000227
1663,2.141,-0.005999999999999783
1664,2.146,0.004999999999999893
1665,2.141,-0.004999999999999893
1666,2.147,0.005999999999999783
1667,2.148,0.001000000000000334
1668,2.155,0.006999999999999673
1669,2.17,0.015000000000000124
1670,2.177,0.007000000000000117
1671,2.177,0.0
1672,2.174,-0.0030000000000001137
1673,2.164,-0.009999999999999787
1674,2.148,-0.016000000000000014
1675,2.142,-0.006000000000000227
1676,2.142,0.0
1677,2.151,0.008999999999999897
1678,2.147,-0.0040000000000000036
1679,2.145,-0.0019999999999997797
1680,2.152,0.007000000000000117
1681,2.144,-0.008000000000000007
1682,2.147,0.0029999999999996696
1683,2.143,-0.0040000000000000036
1684,2.166,0.02300000000000013
1685,2.169,0.0030000000000001137
1686,2.161,-0.008000000000000007
1687,2.148,-0.0129999999999999
1688,2.148,0.0
1689,2.173,0.02499999999999991
1690,2.172,-0.0009999999999998899
1691,2.172,0.0
1692,2.178,0.005999999999999783
1693,2.195,0.016999999999999904
1694,2.17,-0.02499999999999991
1695,2.166,-0.0040000000000000036
1696,2.171,0.004999999999999893
1697,2.164,-0.006999999999999673
1698,2.17,0.005999999999999783
1699,2.177,0.007000000000000117
1700,2.177,0.0
1701,2.18,0.0030000000000001137
1702,2.186,0.005999999999999783
1703,2.155,-0.03100000000000014
1704,2.194,0.039000000000000146
1705,2.162,-0.03200000000000003
1706,2.163,0.0009999999999998899
1707,2.18,0.017000000000000348
1708,2.185,0.004999999999999893
1709,2.141,-0.04400000000000004
1710,2.133,-0.008000000000000007
1711,2.162,0.028999999999999915
1712,2.189,0.027000000000000135
1713,2.177,-0.01200000000000001
1714,2.168,-0.008999999999999897
1715,2.166,-0.002000000000000224
1716,2.152,-0.01399999999999979
1717,2.148,-0.0040000000000000036
1718,2.167,0.018999999999999684
1719,2.174,0.007000000000000117
1720,2.169,-0.004999999999999893
1721,2.145,-0.02400000000000002
1722,2.148,0.0030000000000001137
1723,2.177,0.028999999999999915
1724,2.151,-0.026000000000000245
1725,2.193,0.04200000000000026
1726,2.145,-0.04800000000000004
1727,2.16,0.015000000000000124
1728,2.146,-0.014000000000000234
1729,2.142,-0.0040000000000000036
1730,2.167,0.02499999999999991
1731,2.164,-0.0029999999999996696
1732,2.161,-0.0030000000000001137
1733,2.161,0.0
1734,2.165,0.0040000000000000036
1735,2.168,0.0030000000000001137
1736,2.162,-0.006000000000000227
1737,2.164,0.002000000000000224
1738,2.165,0.0009999999999998899
1739,2.169,0.0040000000000000036
1740,2.14,-0.028999999999999915
1741,2.167,0.02699999999999969
1742,2.163,-0.0040000000000000036
1743,2.148,-0.01499999999999968
1744,2.164,0.016000000000000014
1745,2.163,-0.001000000000000334
1746,2.163,0.0
1747,2.141,-0.021999999999999797
1748,2.141,0.0
1749,2.169,0.028000000000000025
1750,2.135,-0.03400000000000025
1751,2.152,0.017000000000000348
1752,2.133,-0.019000000000000128
1753,2.141,0.008000000000000007
1754,2.132,-0.008999999999999897
1755,2.159,0.02699999999999969
1756,2.137,-0.021999999999999797
1757,2.144,0.007000000000000117
1758,2.164,0.020000000000000018
1759,2.158,-0.006000000000000227
1760,2.154,-0.0040000000000000036
1761,2.165,0.01100000000000012
1762,2.154,-0.01100000000000012
1763,2.157,0.0030000000000001137
1764,2.159,0.0019999999999997797
1765,2.178,0.019000000000000128
1766,2.154,-0.02400000000000002
1767,2.139,-0.015000000000000124
1768,2.151,0.01200000000000001
1769,2.145,-0.005999999999999783
1770,2.155,0.009999999999999787
1771,2.153,-0.0019999999999997797
1772,2.147,-0.006000000000000227
1773,2.165,0.018000000000000238
1774,2.167,0.0019999999999997797
1775,2.139,-0.028000000000000025
1776,2.167,0.028000000000000025
1777,2.155,-0.01200000000000001
1778,2.158,0.0030000000000001137
1779,2.161,0.0030000000000001137
1780,2.167,0.005999999999999783
1781,2.16,-0.006999999999999673
1782,2.169,0.008999999999999897
1783,2.183,0.01399999999999979
1784,2.192,0.009000000000000341
1785,2.18,-0.01200000000000001
1786,2.16,-0.020000000000000018
1787,2.189,0.028999999999999915
1788,2.159,-0.03000000000000025
1789,2.159,0.0
1790,2.159,0.0
1791,2.165,0.006000000000000227
1792,2.165,0.0
1793,2.142,-0.02300000000000013
1794,2.146,0.0040000000000000036
1795,2.161,0.015000000000000124
1796,2.167,0.005999999999999783
1797,2.176,0.009000000000000341
1798,2.142,-0.03400000000000025
1799,2.14,-0.0019999999999997797
1800,2.15,0.009999999999999787
1801,2.148,-0.0019999999999997797
1802,2.145,-0.0030000000000001137
1803,2.142,-0.0030000000000001137
1804,2.17,0.028000000000000025
1805,2.173,0.0030000000000001137
1806,2.143,-0.03000000000000025
1807,2.142,-0.0009999999999998899
1808,2.144,0.002000000000000224
1809,2.129,-0.015000000000000124
1810,2.115,-0.01399999999999979
1811,2.122,0.006999999999999673
1812,2.117,-0.004999999999999893
1813,2.123,0.006000000000000227
1814,2.124,0.0009999999999998899
1815,2.129,0.004999999999999893
1816,2.116,-0.0129999999999999
1817,2.095,-0.020999999999999908
1818,2.119,0.02400000000000002
1819,2.12,0.0009999999999998899
1820,2.12,0.0
1821,2.122,0.0019999999999997797
1822,2.119,-0.0029999999999996696
1823,2.09,-0.02900000000000036
1824,2.12,0.03000000000000025
1825,2.122,0.0019999999999997797
1826,2.118,-0.0040000000000000036
1827,2.142,0.02400000000000002
1828,2.117,-0.02499999999999991
1829,2.118,0.0009999999999998899
1830,2.099,-0.018999999999999684
1831,2.091,-0.008000000000000007
1832,2.127,0.03599999999999959
1833,2.139,0.01200000000000001
1834,2.12,-0.018999999999999684
1835,2.124,0.0040000000000000036
1836,2.121,-0.0030000000000001137
1837,2.115,-0.005999999999999783
1838,2.114,-0.001000000000000334
1839,2.115,0.001000000000000334
1840,2.114,-0.001000000000000334
1841,2.142,0.028000000000000025
1842,2.133,-0.008999999999999897
1843,2.119,-0.01399999999999979
1844,2.12,0.0009999999999998899
1845,2.113,-0.007000000000000117
1846,2.143,0.029999999999999805
1847,2.146,0.0030000000000001137
1848,2.116,-0.029999999999999805
1849,2.146,0.029999999999999805
1850,2.128,-0.017999999999999794
1851,2.13,0.0019999999999997797
1852,2.126,-0.0040000000000000036
1853,2.123,-0.0029999999999996696
1854,2.124,0.0009999999999998899
1855,2.136,0.01200000000000001
1856,2.12,-0.016000000000000014
1857,2.126,0.005999999999999783
1858,2.123,-0.0029999999999996696
1859,2.126,0.0029999999999996696
1860,2.138,0.01200000000000001
1861,2.138,0.0
1862,2.163,0.02499999999999991
1863,2.141,-0.021999999999999797
1864,2.141,0.0
1865,2.167,0.0259999999999998
1866,2.165,-0.0019999999999997797
1867,2.143,-0.02200000000000024
1868,2.169,0.026000000000000245
1869,2.135,-0.03400000000000025
1870,2.141,0.006000000000000227
1871,2.143,0.0019999999999997797
1872,2.167,0.02400000000000002
1873,2.121,-0.04599999999999982
1874,2.119,-0.0019999999999997797
1875,2.14,0.020999999999999908
1876,2.144,0.0040000000000000036
1877,2.169,0.02499999999999991
1878,2.145,-0.02400000000000002
1879,2.142,-0.0030000000000001137
1880,2.165,0.02300000000000013
1881,2.151,-0.014000000000000234
1882,2.164,0.013000000000000345
1883,2.16,-0.0040000000000000036
1884,2.136,-0.02400000000000002
1885,2.144,0.008000000000000007
1886,2.135,-0.009000000000000341
1887,2.131,-0.0040000000000000036
1888,2.134,0.0030000000000001137
1889,2.148,0.014000000000000234
1890,2.143,-0.0050000000000003375
1891,2.159,0.016000000000000014
1892,2.167,0.008000000000000007
1893,2.161,-0.005999999999999783
1894,2.171,0.009999999999999787
1895,2.16,-0.010999999999999677
1896,2.149,-0.01100000000000012
1897,2.166,0.016999999999999904
1898,2.159,-0.007000000000000117
1899,2.175,0.016000000000000014
1900,2.166,-0.008999999999999897
1901,2.163,-0.0030000000000001137
1902,2.135,-0.028000000000000025
1903,2.156,0.02100000000000035
1904,2.163,0.006999999999999673
1905,2.184,0.02100000000000035
1906,2.178,-0.006000000000000227
1907,2.161,-0.016999999999999904
1908,2.159,-0.002000000000000224
1909,2.141,-0.017999999999999794
1910,2.159,0.017999999999999794
1911,2.136,-0.022999999999999687
1912,2.158,0.021999999999999797
1913,2.135,-0.02300000000000013
1914,2.154,0.019000000000000128
1915,2.14,-0.01399999999999979
1916,2.138,-0.002000000000000224
1917,2.163,0.02499999999999991
1918,2.156,-0.006999999999999673
1919,2.157,0.0009999999999998899
1920,2.16,0.0030000000000001137
1921,2.164,0.0040000000000000036
1922,2.166,0.0019999999999997797
1923,2.165,-0.0009999999999998899
1924,2.165,0.0
1925,2.165,0.0
1926,2.169,0.0040000000000000036
1927,2.156,-0.0129999999999999
1928,2.164,0.008000000000000007
1929,2.158,-0.006000000000000227
1930,2.154,-0.0040000000000000036
1931,2.138,-0.016000000000000014
1932,2.169,0.03100000000000014
1933,2.165,-0.0040000000000000036
1934,2.157,-0.008000000000000007
1935,2.157,0.0
1936,2.166,0.008999999999999897
1937,2.164,-0.0019999999999997797
1938,2.161,-0.0030000000000001137
1939,2.167,0.005999999999999783
1940,2.14,-0.02699999999999969
1941,2.138,-0.002000000000000224
1942,2.115,-0.022999999999999687
1943,2.111,-0.0040000000000000036
1944,2.114,0.0029999999999996696
1945,2.126,0.01200000000000001
1946,2.132,0.006000000000000227
1947,2.12,-0.01200000000000001
1948,2.117,-0.0030000000000001137
1949,2.094,-0.02300000000000013
1950,2.141,0.04700000000000015
1951,2.121,-0.020000000000000018
1952,2.122,0.0009999999999998899
1953,2.121,-0.0009999999999998899
1954,2.111,-0.009999999999999787
1955,2.137,0.0259999999999998
1956,2.112,-0.02499999999999991
1957,2.135,0.022999999999999687
1958,2.12,-0.01499999999999968
1959,2.101,-0.019000000000000128
1960,2.14,0.039000000000000146
1961,2.138,-0.002000000000000224
1962,2.125,-0.0129999999999999
1963,2.119,-0.005999999999999783
1964,2.14,0.020999999999999908
1965,2.145,0.004999999999999893
1966,2.138,-0.007000000000000117
1967,2.122,-0.016000000000000014
1968,2.14,0.018000000000000238
1969,2.136,-0.0040000000000000036
1970,2.119,-0.016999999999999904
1971,2.138,0.018999999999999684
1972,2.138,0.0
1973,2.135,-0.0030000000000001137
1974,2.14,0.0050000000000003375
1975,2.142,0.0019999999999997797
1976,2.143,0.0009999999999998899
1977,2.144,0.001000000000000334
1978,2.095,-0.04899999999999993
1979,2.094,-0.001000000000000334
1980,2.11,0.016000000000000014
1981,2.135,0.02499999999999991
1982,2.118,-0.016999999999999904
1983,2.141,0.02300000000000013
1984,2.113,-0.028000000000000025
1985,2.133,0.020000000000000018
1986,2.114,-0.019000000000000128
1987,2.116,0.002000000000000224
1988,2.137,0.020999999999999908
1989,2.14,0.0030000000000001137
1990,2.145,0.004999999999999893
1991,2.145,0.0
1992,2.137,-0.008000000000000007
1993,2.143,0.005999999999999783
1994,2.141,-0.0019999999999997797
1995,2.137,-0.0040000000000000036
1996,2.137,0.0
1997,2.157,0.020000000000000018
1998,2.137,-0.020000000000000018
1999,2.142,0.004999999999999893
2000,2.132,-0.009999999999999787
2001,2.132,0.0
2002,2.134,0.0019999999999997797
2003,2.107,-0.02699999999999969
2004,2.132,0.02499999999999991
2005,2.135,0.0029999999999996696
2006,2.137,0.002000000000000224
2007,2.136,-0.0009999999999998899
2008,2.133,-0.0030000000000001137
2009,2.142,0.008999999999999897
2010,2.137,-0.004999999999999893
2011,2.159,0.021999999999999797
2012,2.178,0.019000000000000128
2013,2.132,-0.04599999999999982
2014,2.114,-0.018000000000000238
2015,2.15,0.03600000000000003
2016,2.142,-0.008000000000000007
2017,2.134,-0.008000000000000007
2018,2.132,-0.0019999999999997797
2019,2.114,-0.018000000000000238
2020,2.136,0.02200000000000024
2021,2.153,0.016999999999999904
2022,2.141,-0.01200000000000001
2023,2.124,-0.016999999999999904
2024,2.156,0.03200000000000003
2025,2.164,0.008000000000000007
2026,2.163,-0.001000000000000334
2027,2.158,-0.004999999999999893
2028,2.14,-0.017999999999999794
2029,2.158,0.017999999999999794
2030,2.132,-0.0259999999999998
2031,2.156,0.02400000000000002
2032,2.184,0.028000000000000025
2033,2.155,-0.02900000000000036
2034,2.163,0.008000000000000007
2035,2.162,-0.0009999999999998899
2036,2.146,-0.016000000000000014
2037,2.16,0.014000000000000234
2038,2.155,-0.0050000000000003375
2039,2.158,0.0030000000000001137
2040,2.134,-0.02400000000000002
2041,2.15,0.016000000000000014
2042,2.159,0.008999999999999897
2043,2.151,-0.008000000000000007
2044,2.155,0.0040000000000000036
2045,2.158,0.0030000000000001137
2046,2.154,-0.0040000000000000036
2047,2.164,0.010000000000000231
2048,2.159,-0.0050000000000003375
2049,2.15,-0.008999999999999897
2050,2.155,0.004999999999999893
2051,2.13,-0.02499999999999991
2052,2.135,0.004999999999999893
2053,2.161,0.026000000000000245
2054,2.137,-0.02400000000000002
2055,2.161,0.02400000000000002
2056,2.132,-0.028999999999999915
2057,2.163,0.030999999999999694
2058,2.158,-0.004999999999999893
2059,2.167,0.008999999999999897
2060,2.151,-0.016000000000000014
2061,2.155,0.0040000000000000036
2062,2.153,-0.0019999999999997797
2063,2.164,0.01100000000000012
2064,2.175,0.010999999999999677
2065,2.18,0.0050000000000003375
2066,2.15,-0.03000000000000025
2067,2.156,0.006000000000000227
2068,2.133,-0.02300000000000013
2069,2.184,0.051000000000000156
2070,2.187,0.0029999999999996696
2071,2.163,-0.02400000000000002
2072,2.159,-0.0040000000000000036
2073,2.159,0.0
2074,2.172,0.013000000000000345
2075,2.155,-0.017000000000000348
2076,2.16,0.0050000000000003375
2077,2.155,-0.0050000000000003375
2078,2.163,0.008000000000000007
2079,2.136,-0.02699999999999969
2080,2.159,0.022999999999999687
2081,2.143,-0.016000000000000014
2082,2.161,0.018000000000000238
2083,2.159,-0.002000000000000224
2084,2.16,0.001000000000000334
2085,2.152,-0.008000000000000007
2086,2.159,0.006999999999999673
2087,2.14,-0.018999999999999684
2088,2.158,0.017999999999999794
2089,2.157,-0.0009999999999998899
2090,2.162,0.004999999999999893
2091,2.161,-0.0009999999999998899
2092,2.159,-0.002000000000000224
2093,2.131,-0.028000000000000025
2094,2.155,0.02400000000000002
2095,2.144,-0.010999999999999677
2096,2.135,-0.009000000000000341
2097,2.162,0.027000000000000135
2098,2.143,-0.019000000000000128
2099,2.135,-0.008000000000000007
2100,2.139,0.0040000000000000036
2101,2.132,-0.006999999999999673
2102,2.144,0.01200000000000001
2103,2.145,0.0009999999999998899
2104,2.136,-0.008999999999999897
2105,2.175,0.0389999999999997
2106,2.168,-0.006999999999999673
2107,2.141,-0.027000000000000135
2108,2.169,0.028000000000000025
2109,2.163,-0.006000000000000227
2110,2.168,0.0050000000000003375
2111,2.167,-0.001000000000000334
2112,2.134,-0.03299999999999992
2113,2.142,0.008000000000000007
2114,2.139,-0.0030000000000001137
2115,2.165,0.026000000000000245
2116,2.143,-0.02200000000000024
2117,2.149,0.006000000000000227
2118,2.171,0.021999999999999797
2119,2.188,0.017000000000000348
2120,2.144,-0.04400000000000004
2121,2.14,-0.0040000000000000036
2122,2.144,0.0040000000000000036
2123,2.165,0.020999999999999908
2124,2.157,-0.008000000000000007
2125,2.174,0.016999999999999904
2126,2.135,-0.039000000000000146
2127,2.134,-0.0009999999999998899
2128,2.165,0.03100000000000014
2129,2.149,-0.016000000000000014
2130,2.163,0.01399999999999979
2131,2.163,0.0
2132,2.159,-0.0040000000000000036
2133,2.152,-0.006999999999999673
2134,2.141,-0.01100000000000012
2135,2.156,0.015000000000000124
2136,2.167,0.010999999999999677
2137,2.144,-0.022999999999999687
2138,2.136,-0.008000000000000007
2139,2.167,0.030999999999999694
2140,2.163,-0.0040000000000000036
2141,2.16,-0.0029999999999996696
2142,2.156,-0.0040000000000000036
2143,2.14,-0.016000000000000014
2144,2.164,0.02400000000000002
2145,2.165,0.0009999999999998899
2146,2.142,-0.02300000000000013
2147,2.142,0.0
2148,2.137,-0.004999999999999893
2149,2.139,0.0019999999999997797
2150,2.135,-0.0040000000000000036
2151,2.14,0.0050000000000003375
2152,2.168,0.028000000000000025
2153,2.164,-0.0040000000000000036
2154,2.171,0.006999999999999673
2155,2.135,-0.03600000000000003
2156,2.144,0.009000000000000341
2157,2.138,-0.006000000000000227
2158,2.139,0.0009999999999998899
2159,2.143,0.0040000000000000036
2160,2.142,-0.0009999999999998899
2161,2.136,-0.005999999999999783
2162,2.14,0.0040000000000000036
2163,2.147,0.006999999999999673
2164,2.163,0.016000000000000014
2165,2.145,-0.017999999999999794
2166,2.163,0.017999999999999794
2167,2.14,-0.022999999999999687
2168,2.166,0.0259999999999998
2169,2.169,0.0030000000000001137
2170,2.184,0.015000000000000124
2171,2.167,-0.017000000000000348
2172,2.162,-0.004999999999999893
2173,2.118,-0.04400000000000004
2174,2.161,0.04300000000000015
2175,2.165,0.0040000000000000036
2176,2.141,-0.02400000000000002
2177,2.168,0.027000000000000135
2178,2.142,-0.026000000000000245
2179,2.153,0.01100000000000012
2180,2.146,-0.007000000000000117
2181,2.143,-0.0030000000000001137
2182,2.142,-0.0009999999999998899
2183,2.157,0.015000000000000124
2184,2.168,0.01100000000000012
2185,2.161,-0.007000000000000117
2186,2.139,-0.02200000000000024
2187,2.168,0.02900000000000036
2188,2.161,-0.007000000000000117
2189,2.167,0.005999999999999783
2190,2.146,-0.020999999999999908
2191,2.159,0.0129999999999999
2192,2.123,-0.03599999999999959
2193,2.165,0.041999999999999815
2194,2.139,-0.026000000000000245
2195,2.141,0.002000000000000224
2196,2.163,0.021999999999999797
2197,2.145,-0.017999999999999794
2198,2.155,0.009999999999999787
2199,2.117,-0.03799999999999981
2200,2.167,0.04999999999999982
2201,2.134,-0.03299999999999992
2202,2.146,0.01200000000000001
2203,2.145,-0.0009999999999998899
2204,2.144,-0.0009999999999998899
