cycle,EPS1_median,EPS1_std,EPS1_max
0,2479.8,185.61612099536987,2951.6
1,2470.0,189.94008895356612,2947.4
2,2457.4,190.73684957806262,2939.8
3,2448.0,191.27060661313834,2929.6
4,2440.6,191.25836911634178,2923.8
5,2437.8,191.5185712942411,2920.6
6,2431.6,193.34185518544888,2921.6
7,2425.8,192.12302669352226,2913.0
8,2421.6,193.52966557706847,2909.4
9,2417.4,192.79525118407025,2905.4
10,2415.8,192.9801941302382,2905.4
11,2407.8,193.74692157562143,2899.4
12,2403.8,192.6308516726788,2891.4
13,2401.6,192.51347156695644,2887.6
14,2397.8,193.85837497035453,2888.6
15,2395.6,193.27550053567776,2885.6
16,2394.0,193.32443154818512,2885.4
17,2391.8,193.932853998978,2885.8
18,2388.0,193.96646268032956,2881.4
19,2383.4,195.1657002864923,2881.4
20,2379.8,193.28400743445005,2875.6
21,2377.6,193.21885360541665,2869.4
22,2374.4,193.9906329478443,2867.4
23,2373.6,193.01604175558754,2865.4
24,2372.8,192.90347189321648,2867.8
25,2368.0,193.75465917829922,2867.8
26,2367.6,193.71330903725206,2863.8
27,2367.8,193.6267687209763,2865.4
28,2363.6,194.18855577447303,2861.6
29,2361.6,195.5066973426994,2861.6
30,2361.4,195.44520431835633,2863.8
31,2359.8,195.8682243666261,2861.4
32,2359.8,195.82091541393413,2861.6
33,2359.0,195.49750403382112,2857.6
34,2357.0,196.2070525535511,2861.4
35,2355.8,195.49404097914413,2855.6
36,2357.2,195.3724904825441,2855.6
37,2358.0,195.42376663592697,2856.6
38,2359.6,196.14140835702594,2859.4
39,2355.8,196.71375141295835,2861.6
40,2360.4,194.59312229436478,2859.8
41,2356.0,196.60932761621697,2859.8
42,2357.4,196.28590720011746,2859.8
43,2354.4,197.13083931782612,2861.0
44,2353.6,196.35190294503988,2857.8
45,2355.6,195.82994888799774,2853.6
46,2358.0,196.13585969944123,2861.0
47,2351.8,198.06617869244914,2862.2
48,2353.4,196.12087331941703,2853.4
49,2351.8,197.1200547416647,2855.6
50,2353.0,196.664303450764,2855.8
51,2351.6,196.21373473118987,2851.4
52,2352.0,196.3212186793186,2853.4
53,2351.8,196.54634234576113,2851.8
54,2353.6,195.8892419859409,2851.8
55,2351.2,196.5994240821688,2855.8
56,2349.2,196.2650961364309,2851.6
57,2347.6,196.3427505208156,2849.6
58,2346.0,197.42002961840348,2849.6
59,2347.8,196.940321651193,2853.0
60,2347.6,197.0722592126995,2849.6
61,2347.6,196.33166924264535,2848.6
62,2347.6,196.7025060778716,2847.6
63,2344.0,197.3914250046671,2849.4
64,2344.4,197.0721992055787,2847.6
65,2345.6,196.8885107406057,2845.6
66,2345.6,196.63164917003033,2845.8
67,2345.6,197.48698186125443,2851.0
68,2345.6,196.8133345899805,2849.4
69,2345.2,196.3898940509352,2847.4
70,2343.6,196.65210301985732,2847.6
71,2341.8,196.87564765929505,2845.6
72,2345.4,196.00602194380474,2845.8
73,2344.0,197.32208577385498,2849.4
74,2344.0,196.81252220822202,2849.4
75,2345.4,197.03955716771225,2849.0
76,2344.6,196.8108654102617,2849.4
77,2341.6,197.7679189163508,2849.4
78,2343.2,196.7867057515293,2845.6
79,2341.8,197.25817572806494,2843.8
80,2342.0,196.6844008977735,2845.4
81,2342.8,196.8955212568857,2851.8
82,2343.3,196.4677823728573,2843.4
83,2343.4,197.03321425291566,2848.2
84,2343.6,197.2493060956342,2845.6
85,2343.4,197.11890304393998,2850.0
86,2343.4,196.93878584165103,2847.8
87,2345.8,197.809518275627,2851.0
88,2343.0,197.0567242945387,2849.8
89,2346.0,196.74185314951873,2850.8
90,2346.8,197.8990918992617,2851.2
91,2346.0,198.73557003700137,2853.0
92,2348.0,197.47509356935518,2851.0
93,2348.2,197.49364625420407,2851.2
94,2350.0,197.13896381188664,2851.2
95,2349.8,197.9583624875915,2853.2
96,2349.8,198.21090076510063,2855.2
97,2346.0,199.4276850779955,2855.0
98,2346.4,197.88820267748497,2851.0
99,2343.8,197.55683479903075,2851.0
100,2341.4,198.26937944385932,2849.0
101,2340.2,197.93111813829782,2845.4
102,2340.0,197.61392810073417,2843.6
103,2339.8,197.5085971599093,2843.6
104,2340.0,198.15920941574407,2845.6
105,2339.0,197.80232282323666,2843.6
106,2338.0,198.25540756374014,2845.0
107,2337.6,198.6122230583204,2843.4
108,2337.4,198.24456351918155,2841.6
109,2337.6,198.05932411116993,2841.8
110,2339.8,197.7933837177556,2843.4
111,2339.6,199.252977721758,2849.4
112,2341.6,197.19658676327893,2842.6
113,2342.0,198.20638018288685,2847.4
114,2340.8,197.6656051127079,2843.6
115,2341.6,198.13337236677165,2847.6
116,2341.8,198.31928812613268,2849.6
117,2339.8,199.21518808545414,2851.4
118,2337.4,198.52681747530994,2845.6
119,2337.8,198.2668606486266,2845.6
120,2337.4,198.28500871769384,2843.8
121,2336.2,198.52018674852133,2845.6
122,2337.6,197.96697217777117,2841.4
123,2337.6,197.94663015923908,2845.6
124,2334.0,199.50290708804076,2843.8
125,2335.6,198.02786784037696,2841.6
126,2335.2,198.3460404651881,2841.8
127,2336.0,198.29800110814566,2843.6
128,2341.6,197.9736706727015,2847.6
129,2335.8,197.7156234124383,2843.6
130,2337.0,197.58787876839745,2847.2
131,2335.8,198.0384261499402,2845.4
132,2334.8,198.0104868871809,2839.6
133,2335.6,198.18942233176722,2843.4
134,2335.8,198.3592542773496,2841.6
135,2336.4,198.54842826552422,2845.4
136,2336.0,198.28040848222213,2843.6
137,2335.8,198.49208536689258,2845.4
138,2335.8,198.41368253235015,2845.4
139,2337.6,198.83086349703206,2843.6
140,2337.6,198.64090478512858,2845.8
141,2337.8,198.83434348548485,2845.6
142,2335.4,199.84627214012176,2847.4
143,2335.6,198.7477211040491,2845.8
144,2337.8,198.1109888771305,2843.4
145,2333.8,199.8994443638505,2845.6
146,2334.2,198.27828095684075,2841.8
147,2333.8,198.91647677400744,2843.6
148,2333.6,198.47695941038518,2840.0
149,2333.8,198.567490049926,2843.6
150,2336.0,198.56672333630905,2843.4
151,2332.4,198.64121145850837,2842.0
152,2335.0,198.091282354939,2839.6
153,2333.8,198.56806600788534,2841.4
154,2334.0,198.95806227690224,2843.4
155,2334.6,198.6015118526222,2847.0
156,2334.0,199.23256141833733,2849.0
157,2334.0,198.15830874108505,2841.8
158,2334.0,198.54018329042543,2840.6
159,2334.0,199.58472221917992,2847.6
160,2334.0,199.6612619658869,2847.4
161,2335.6,197.59498385632378,2839.6
162,2335.8,198.6599891609056,2845.6
163,2335.4,198.177419278859,2839.6
164,2335.4,198.54606376078416,2841.8
165,2335.6,197.07676188933624,2839.4
166,2334.4,199.5174586643785,2845.0
167,2331.8,199.38394035670873,2843.8
168,2335.6,198.07513320205305,2842.2
169,2335.8,198.40025431466623,2845.0
170,2334.6,198.7626518959857,2845.2
171,2336.4,197.48716053360235,2843.2
172,2335.0,197.93539394175573,2845.0
173,2333.6,200.39976465036577,2847.2
174,2332.6,200.026228422965,2845.6
175,2332.6,199.0759612931448,2843.0
176,2333.6,197.77103164720228,2839.4
177,2335.8,198.6549430141442,2843.8
178,2336.0,199.08107703208324,2845.6
179,2329.6,200.36430108414285,2851.0
180,2328.0,199.43081729146863,2839.0
181,2329.6,198.506269106397,2837.6
182,2327.8,198.0762948371198,2837.6
183,2327.6,198.92168128356363,2837.8
184,2329.4,198.75874810562365,2837.4
185,2329.6,199.13309191554492,2839.4
186,2329.6,199.79842692589034,2839.8
187,2329.7,198.13910233457506,2837.8
188,2331.2,198.05669107002794,2836.4
189,2331.8,198.94770408721104,2841.6
190,2331.6,199.04190551349166,2840.0
191,2331.8,198.6380247245979,2841.8
192,2331.4,198.8121032772525,2839.6
193,2332.0,198.57402086510146,2837.6
194,2331.6,198.78197556017705,2841.4
195,2331.6,199.34461844848724,2841.8
196,2333.6,198.7951853035737,2843.6
197,2331.6,198.25612567049862,2835.6
198,2330.0,198.15270203188243,2837.6
199,2331.6,198.44577353396969,2838.4
200,2331.4,199.89729035705318,2845.6
201,2332.0,197.9451639025366,2841.4
202,2331.6,198.6266319248014,2840.4
203,2334.4,197.37046534462814,2842.4
204,2333.6,198.08971583145163,2843.0
205,2333.8,198.26081618710765,2841.8
206,2333.2,199.3117214814578,2843.6
207,2332.8,198.65527133824497,2843.0
208,2335.6,197.6089376007966,2843.6
209,2335.6,198.24646633760182,2843.4
210,2361.6,199.41266228992814,2875.4
211,2865.6,266.53231419076286,2875.0
212,2358.0,216.5400712364205,2875.2
213,2361.8,203.54962904712175,2875.2
214,2444.9,279.66668732096576,2873.0
215,2424.7,280.35650037743727,2867.4
216,2355.6,199.4090782391916,2863.8
217,2359.2,199.70371238325083,2871.8
218,2355.8,200.6208946712342,2867.6
219,2353.2,201.2744732306143,2867.4
220,2349.0,203.34040640459295,2869.6
221,2349.8,201.26675071042808,2865.4
222,2351.8,201.91232128771517,2867.6
223,2352.0,203.09074766134265,2869.6
224,2347.8,201.1826055825413,2865.4
225,2349.8,201.4167152297144,2865.4
226,2347.8,201.82050016627016,2867.4
227,2349.6,201.70209596808493,2867.6
228,2350.0,201.52197542669848,2871.8
229,2350.0,203.4430458451767,2875.0
230,2349.4,203.33858698790692,2873.6
231,2349.6,201.17406530109818,2865.6
232,2347.6,202.71419372392137,2870.4
233,2346.8,200.90969261968945,2861.6
234,2349.8,200.73913005972472,2863.8
235,2349.6,200.84390847149191,2865.6
236,2347.8,201.2851638852922,2863.4
237,2348.8,200.84350801979042,2863.6
238,2347.6,201.28458307475051,2862.6
239,2346.0,201.07887588850215,2861.4
240,2347.4,201.32841607731115,2863.4
241,2347.6,200.6131146735977,2863.4
242,2348.0,200.20597775736832,2867.6
243,2347.8,201.15934569574193,2865.4
244,2349.6,201.18604420399973,2865.6
245,2345.6,202.2395564067259,2867.4
246,2346.8,200.63730448661377,2863.4
247,2849.8,268.9466419986197,2865.6
248,2345.8,206.03379652117306,2857.4
249,2349.8,198.0511179562757,2857.8
250,2349.8,198.76980069195923,2861.4
251,2338.0,199.61254120104977,2857.6
252,2335.4,201.94862395140223,2849.6
253,2337.8,200.8707543063072,2848.6
254,2335.8,202.20872618752128,2849.6
255,2335.8,201.95973190799103,2853.4
256,2336.0,202.0314820955131,2853.4
257,2337.8,200.94876951549247,2853.4
258,2337.8,202.3558944635241,2855.4
259,2337.0,203.06780589902556,2857.6
260,2337.8,201.7352687308391,2855.4
261,2337.6,202.2155495776987,2855.4
262,2335.4,202.1925456066866,2852.6
263,2334.6,201.17033310156188,2853.4
264,2335.6,201.73824406422935,2851.6
265,2335.8,201.12258709643578,2849.8
266,2336.0,201.11853345905828,2849.6
267,2335.8,201.89632604788568,2853.4
268,2337.6,201.4257704839628,2853.8
269,2339.8,201.70852419873682,2861.8
270,2334.0,202.47960058406406,2853.8
271,2335.6,201.12928486936457,2851.4
272,2335.8,200.24368983607303,2850.8
273,2337.4,199.66599003718304,2849.8
274,2336.0,200.39227116756817,2853.0
275,2339.8,199.9539714672711,2849.4
276,2339.6,199.80030738953093,2853.2
277,2337.8,200.22433380242103,2852.6
278,2338.0,200.1469478358594,2853.0
279,2337.8,200.53682512667726,2851.8
280,2337.8,200.61973312966762,2853.4
281,2337.6,200.8315684133534,2853.6
282,2339.6,199.9186337738278,2851.4
283,2339.8,200.60025535125834,2855.4
284,2338.2,200.8917112994553,2853.6
285,2338.0,200.58034081866725,2853.6
286,2337.8,199.35708678366743,2851.4
287,2337.8,200.2657589094849,2851.6
288,2338.0,200.15417046408425,2851.8
289,2338.6,199.59575856666356,2855.4
290,2336.0,199.6008663327116,2853.6
291,2335.6,200.14227593764008,2851.8
292,2329.0,199.6703368291022,2847.4
293,2328.0,201.02161692119205,2843.4
294,2327.6,201.2393119232243,2838.4
295,2325.8,201.87743460355486,2838.6
296,2325.6,202.17399423937076,2841.6
297,2325.6,201.82777584097713,2839.4
298,2324.4,202.06704310730774,2837.6
299,2323.8,203.01064002628746,2841.4
300,2323.8,200.8939581993505,2833.4
301,2326.8,200.90413601112502,2838.4
302,2329.0,201.25792165934072,2843.8
303,2329.6,201.13298263900703,2842.4
304,2325.8,202.1556740794342,2840.4
305,2324.0,200.00371518769438,2835.6
306,2326.0,200.5836842855377,2838.4
307,2325.8,201.24142524207645,2837.4
308,2323.8,201.28315071905413,2835.6
309,2321.6,201.3282715083124,2837.6
310,2319.8,200.26564155673395,2833.6
311,2323.6,200.41470856642195,2832.6
312,2321.6,201.14964659847982,2835.6
313,2323.6,199.3123060699064,2831.4
314,2321.8,199.88985870118222,2831.4
315,2323.0,200.72371590072024,2835.8
316,2322.1,200.4182659522,2835.4
317,2325.6,199.23464500145252,2835.6
318,2325.1,199.84446219146218,2835.4
319,2326.0,199.295953346307,2837.4
320,2327.8,199.60116132087032,2839.4
321,2325.9,200.0902877647118,2841.4
322,2326.0,199.63952391164418,2837.4
323,2327.6,199.67369838100242,2839.4
324,2326.0,200.15672330839715,2841.8
325,2324.4,198.74793395217284,2832.6
326,2325.8,198.9590408706599,2834.2
327,2327.8,199.15630065452936,2838.4
328,2327.8,199.11354983718965,2837.4
329,2329.4,199.78909564084918,2839.8
330,2329.6,199.52134556114035,2841.6
331,2330.6,198.5224440032354,2839.4
332,2331.2,199.0460050470599,2839.6
333,2335.8,198.76623092714146,2854.0
334,2335.8,199.53885989747678,2851.8
335,2329.8,198.19979519165642,2843.0
336,2329.8,198.2335672040377,2843.4
337,2330.6,198.79562046423,2846.6
338,2331.4,198.93955657695423,2843.6
339,2329.2,198.99697591667234,2844.0
340,2330.2,199.05011055358707,2843.8
341,2330.8,197.770499381828,2840.4
342,2331.6,198.29399027894337,2841.4
343,2863.2,282.92154464937215,2873.6
344,2353.6,201.7232569204332,2872.4
345,2861.8,282.2828107330765,2869.6
346,2859.8,282.0505501082178,2871.6
347,2855.6,281.1794041315322,2871.6
348,2853.8,280.90129789944456,2863.4
349,2854.0,281.11578722969386,2861.4
350,2349.4,200.9451098974896,2867.4
351,2857.8,281.288478169608,2866.6
352,2856.4,281.2553730845754,2865.6
353,2855.8,280.747213212414,2865.6
354,2854.2,281.351870923406,2867.8
355,2854.0,280.5038585792056,2865.8
356,2853.8,281.1361705935427,2863.8
357,2854.0,282.127524268206,2866.8
358,2850.0,281.7102744104743,2861.0
359,2850.0,281.9269027871138,2861.6
360,2851.6,281.73791487618183,2857.6
361,2853.2,281.76387245518805,2861.8
362,2850.0,281.7433615279925,2868.0
363,2848.0,282.14014430991693,2859.6
364,2847.8,282.6508109495188,2857.6
365,2386.0,283.1346149898191,2857.4
366,2845.6,282.2292107830558,2855.8
367,2845.8,282.96346085359136,2853.8
368,2845.8,282.6016722401906,2855.6
369,2846.6,283.1516451680485,2859.4
370,2848.6,235.63598190069442,2856.4
371,2847.6,280.9084376631894,2857.8
372,2847.6,282.6796815779922,2855.6
373,2845.8,282.9421153120832,2857.6
374,2846.0,283.77141332620596,2865.4
375,2846.6,283.4455383913952,2857.4
376,2845.6,283.48569600511087,2857.6
377,2844.0,283.58272451098355,2856.4
378,2843.6,283.63370268847166,2852.6
379,2843.8,283.78888160791223,2851.8
380,2367.7,285.0304809557842,2854.4
381,2845.4,283.8471578934058,2855.6
382,2846.0,284.18918698291793,2857.4
383,2332.8,200.9649123061501,2859.6
384,2830.2,282.43283954559115,2849.4
385,2829.8,281.3423703031181,2841.6
386,2831.8,281.7900772111774,2845.2
387,2321.6,200.99352678394163,2841.4
388,2831.6,232.37958719721416,2843.6
389,2326.0,207.3938211766588,2841.6
390,2830.0,281.05762243399533,2849.0
391,2830.0,281.7275469628979,2843.4
392,2829.8,281.16557809139306,2843.6
393,2322.0,201.074647159624,2845.4
394,2831.8,281.85862168142313,2842.2
395,2831.8,234.20175426301427,2841.4
396,2326.4,206.27192364510987,2843.4
397,2325.8,198.23065004028993,2842.4
398,2831.6,280.1257312891551,2849.6
399,2829.8,281.0040349098001,2843.4
400,2829.8,282.4301608404729,2838.6
401,2829.6,282.56230067296514,2839.6
402,2829.6,281.86067822579275,2839.8
403,2321.4,200.4441665715609,2839.8
404,2831.8,283.0793426333053,2843.6
405,2831.6,282.74188313022336,2842.4
406,2831.8,283.18875731488987,2841.8
407,2831.8,282.8869861976746,2847.6
408,2831.8,282.2979592492153,2845.6
409,2831.8,282.746957001417,2841.4
410,2831.8,282.591640678487,2843.6
411,2829.8,282.80097759146213,2843.4
412,2829.8,282.80813922273956,2839.6
413,2317.6,200.1254274374228,2841.4
414,2828.0,282.9360794219288,2841.4
415,2829.8,283.2307687820358,2837.8
416,2829.6,283.13385341355246,2837.6
417,2319.8,199.49596752659465,2837.6
418,2833.0,284.2697318632801,2843.4
419,2365.6000000000004,283.62713906405173,2837.6
420,2318.4,200.2072927662796,2843.4
421,2830.2,282.9833352243874,2841.4
422,2829.2,282.82318163432365,2837.4
423,2829.6,282.77106107738547,2841.8
424,2827.8,282.5208259628235,2835.6
425,2311.6,198.7592466872689,2829.4
426,2312.0,201.19572011227643,2831.4
427,2311.8,200.69678331803075,2831.2
428,2313.6,201.11511900910025,2827.6
429,2313.8,200.78389525481828,2829.4
430,2315.6,200.74825117047362,2831.4
431,2317.8,200.92993394609624,2837.4
432,2317.4,201.165193077052,2835.4
433,2319.4,201.4355967329527,2837.4
434,2315.6,202.73520157987406,2837.6
435,2315.6,200.9131430709129,2831.6
436,2315.8,199.64942094250944,2829.8
437,2317.6,199.87048937023965,2833.6
438,2317.8,200.274841559649,2831.6
439,2315.8,199.80919204047194,2830.6
440,2319.4,200.122349060513,2831.6
441,2317.8,199.94957055406277,2835.4
442,2318.0,200.03593832400657,2835.4
443,2317.8,201.57999312554222,2839.4
444,2320.0,199.91493666356138,2835.2
445,2318.6,200.27808982398153,2834.0
446,2319.8,199.2502612476946,2833.4
447,2317.6,199.88876777910104,2835.8
448,2318.0,199.61985761869525,2833.6
449,2317.6,199.8488512502995,2833.4
450,2318.0,199.67915974367034,2833.6
451,2317.8,199.90936419793428,2833.6
452,2319.6,199.82893064626688,2839.4
453,2319.6,200.40221249253207,2837.6
454,2321.4,200.0896941239803,2835.6
455,2317.4,201.66429108756182,2845.0
456,2320.4,198.8641410437565,2833.8
457,2319.8,199.05789621030848,2837.6
458,2321.8,199.06502099529519,2839.8
459,2321.8,199.48886645110102,2838.8
460,2322.0,199.9579344125886,2843.2
461,2322.8,200.6061324540446,2843.0
462,2323.8,199.09042572355077,2841.0
463,2827.6,234.44379449900106,2843.0
464,2326.4,204.143225416513,2839.0
465,2326.8,198.32869072424432,2843.0
466,2328.2,196.32498504870875,2843.8
467,2328.0,198.12114027599273,2840.0
468,2323.8,199.12802490419557,2847.8
469,2825.8,280.6442132663209,2835.8
470,2319.8,198.03743974619823,2833.8
471,2319.8,199.26588000797187,2834.0
472,2319.8,199.13753903969996,2833.8
473,2321.2,198.95061645467914,2833.6
474,2319.6,199.63590239456687,2837.8
475,2322.2,199.4845929878349,2837.0
476,2855.6,284.11040946281344,2871.4
477,2851.6,282.51799148130095,2861.8
478,2849.8,282.10087971421643,2863.6
479,2849.6,282.97990856023154,2859.6
480,2849.2,282.52108434195895,2863.2
481,2849.8,282.48622491528687,2860.6
482,2849.6,283.27726465560323,2863.6
483,2849.8,234.01541012156102,2859.4
484,2847.4,281.798367695778,2861.6
485,2843.6,282.14927401580877,2853.4
486,2842.6,282.4776754776433,2853.8
487,2843.8,283.5775849007399,2853.6
488,2843.8,282.99969063981194,2855.4
489,2844.0,283.3858154994588,2853.6
490,2844.8,283.39881546332646,2855.6
491,2845.6,283.5075587394812,2855.6
492,2844.0,283.9018268176549,2855.6
493,2844.0,283.8377981471099,2853.6
494,2846.0,284.5686050244413,2853.6
495,2331.6,202.32902019740328,2857.6
496,2845.6,284.4938717688975,2855.6
497,2845.8,285.2816006991661,2853.4
498,2845.6,284.9724316934843,2853.8
499,2843.8,236.45130172558711,2854.4
500,2841.6,282.347167443745,2850.4
501,2842.0,284.84457898812667,2851.4
502,2843.6,284.9329455926597,2853.2
503,2843.4,284.83639746398876,2853.4
504,2840.2,283.4895034428678,2849.0
505,2841.6,284.8082638521919,2861.8
506,2843.8,284.30676986328325,2855.0
507,2844.2,284.77821744119353,2851.8
508,2840.8,284.864661492945,2853.0
509,2841.6,283.8684654705675,2851.0
510,2843.8,284.70832183726696,2852.0
511,2839.6,283.78346135683563,2855.4
512,2839.8,284.5593153698258,2847.8
513,2837.8,284.0652299286286,2849.6
514,2837.8,284.1423022770858,2847.6
515,2838.0,284.702348475347,2847.8
516,2840.6,285.2221133149169,2851.8
517,2830.0,285.10176731081395,2844.4
518,2821.8,282.75550484991925,2838.4
519,2826.6,282.81784637589675,2839.0
520,2831.2,284.009323896022,2841.4
521,2826.2,282.97297098266785,2839.2
522,2827.2,282.6657489289694,2839.0
523,2829.0,282.5923850318427,2835.2
524,2830.4,283.22560496045037,2837.4
525,2827.4,282.7254798736841,2839.2
526,2827.6,283.0439928822314,2839.4
527,2318.2,201.70072284655225,2839.4
528,2831.4,283.4733846731445,2843.2
529,2320.0,201.17395940752525,2841.0
530,2835.1,283.85683471399426,2843.4
531,2385.0,285.1987569987718,2845.0
532,2320.0,200.74564269198964,2841.2
533,2831.6,283.5185300680437,2841.4
534,2828.8,282.2452539490877,2840.0
535,2819.4,285.43364524735944,2839.0
536,2813.8,283.40757221322355,2829.8
537,2811.8,283.7627404351895,2827.2
538,2813.4,283.8361157884714,2820.6
539,2813.8,283.90352346216946,2820.4
540,2813.8,283.96037137050445,2821.4
541,2815.6,284.00510153261035,2825.4
542,2817.6,283.91136520971213,2823.8
543,2819.4,284.5407231718091,2827.8
544,2819.8,285.0296322567195,2827.4
545,2819.6,285.46074805845086,2827.4
546,2815.8,283.7936712540773,2825.4
547,2816.0,284.30278161366584,2821.8
548,2818.0,284.860911888286,2828.4
549,2817.8,285.826380060627,2828.4
550,2811.6,284.0375928646458,2823.4
551,2811.8,284.4914730991558,2821.8
552,2813.8,284.25566641194115,2823.4
553,2814.0,284.4161239091509,2825.8
554,2811.8,284.33028027449996,2827.4
555,2811.8,284.1250668136555,2819.6
556,2811.6,284.3395154528614,2819.8
557,2811.6,283.632953879305,2821.6
558,2293.8,199.50476302820618,2815.4
559,2295.6,201.7904995796771,2813.6
560,2805.8,281.82881580710756,2815.6
561,2296.1,202.35151392029792,2817.4
562,2297.6,201.99093699027947,2817.6
563,2295.6,203.29987891481068,2819.4
564,2296.6,201.79675578026664,2815.4
565,2805.6,281.90958665586635,2813.4
566,2295.8,201.76403498778296,2814.6
567,2297.8,201.8186488068763,2817.6
568,2299.4,202.19999699833474,2819.6
569,2301.6,200.99753667330052,2821.6
570,2297.8,202.9862560481392,2821.8
571,2805.8,282.37251439332704,2813.8
572,2297.8,200.76075564221514,2817.4
573,2807.6,282.71986859235477,2817.6
574,2806.0,282.4778857973245,2813.8
575,2297.6,200.97341431577257,2813.6
576,2297.6,201.27264849010308,2815.8
577,2806.0,282.33701401940397,2813.8
578,2297.6,200.7904745632242,2813.6
579,2297.6,200.53567513951376,2817.6
580,2297.8,200.68256378803892,2820.0
581,2301.9,200.37236589771587,2817.4
582,2812.8,283.77380042112145,2825.0
583,2812.2,283.8255535225601,2823.0
584,2300.2,201.19806322251125,2818.2
585,2300.4,201.43879741462575,2821.8
586,2297.8,200.85375628520003,2817.6
587,2808.4,282.82031583362493,2819.0
588,2299.8,200.4522570717104,2821.0
589,2303.0,199.80596064127695,2819.6
590,2301.4,201.23154227682892,2825.6
591,2809.6,235.8527214214679,2817.6
592,2301.6,206.6346152739538,2819.8
593,2298.7,199.72608126335464,2817.4
594,2805.8,283.13395176914577,2819.0
595,2296.0,200.07880915672823,2815.4
596,2807.8,283.70780046544314,2823.0
597,2297.8,200.03307247556342,2817.0
598,2297.8,200.72985569013673,2816.0
599,2303.0,199.39286507516712,2819.4
600,2303.6,200.543286861124,2821.4
601,2302.0,201.39868936656129,2822.4
602,2301.8,201.66101141069075,2823.4
603,2301.8,200.263449581633,2815.6
604,2302.2,200.71191730211257,2817.6
605,2301.8,200.75606763312072,2818.2
606,2301.6,200.79755134176733,2817.6
607,2301.8,200.7175516981732,2819.6
608,2303.4,201.44986844925444,2823.4
609,2840.8,285.57237674570155,2851.4
610,2838.0,283.9104798419636,2849.6
611,2836.0,283.5437265760356,2851.4
612,2835.8,283.5465488887319,2849.6
613,2835.6,283.33432521720687,2847.6
614,2834.0,283.8766127311092,2845.6
615,2833.8,283.6453999036061,2845.4
616,2835.6,234.39056253671498,2843.6
617,2834.2,281.5519200370915,2847.6
618,2835.6,283.40544042187474,2845.4
619,2835.6,284.15148221714986,2845.4
620,2837.6,284.88802799781115,2847.6
621,2839.4,236.68697193729605,2846.6
622,2832.0,283.13882008004964,2843.8
623,2831.6,284.158173524786,2843.4
624,2831.8,284.5863101899612,2841.4
625,2832.0,284.7638395319527,2842.6
626,2832.0,284.6108485971012,2843.4
627,2832.2,285.61268192605706,2843.6
628,2827.8,284.6398807562374,2837.6
629,2366.7,285.7358578963449,2841.4
630,2315.8,201.75285920135443,2836.6
631,2831.6,285.3078311349808,2840.4
632,2831.6,285.3202659284892,2839.6
633,2833.8,237.11757227703956,2842.6
634,2831.8,290.49077028377343,2845.6
635,2360.5,283.42354705322725,2839.6
636,2317.6,200.65615303953535,2841.6
637,2831.8,283.5560646983201,2841.8
638,2831.8,283.5952037265783,2841.6
639,2831.8,283.61411595756414,2841.6
640,2832.0,283.97699708753254,2839.4
641,2833.4,283.78230836286383,2839.6
642,2831.8,284.109338827903,2841.4
643,2317.8,200.17494034845157,2837.8
644,2833.4,285.1880686821277,2843.2
645,2832.4,284.48907148094224,2839.6
646,2833.6,285.1342784875347,2841.8
647,2834.2,285.3107204565598,2841.4
648,2834.8,286.0654271431916,2843.4
649,2835.4,286.44234631589666,2843.4
650,2816.0,284.46306793350504,2833.4
651,2816.6,283.1320218106057,2827.6
652,2815.8,283.2149745420914,2827.6
653,2815.8,283.22997145591904,2827.6
654,2815.8,282.94568464016686,2827.4
655,2816.0,283.4102198825858,2827.6
656,2304.0,203.09761103137083,2827.6
657,2819.8,284.1434184669928,2833.8
658,2819.8,283.9707681408477,2831.4
659,2819.8,284.1067178938476,2831.4
660,2305.6,202.53237907840338,2830.2
661,2819.6,283.7544156765404,2828.4
662,2819.0,283.8329156093961,2827.8
663,2309.2,201.55322232514789,2831.4
664,2820.6,284.1578911892701,2831.6
665,2819.6,284.08939673707516,2831.4
666,2362.0,285.22028881958,2825.6
667,2819.6,283.85039009815017,2828.6
668,2819.6,283.625815371967,2829.6
669,2819.6,284.94734285327735,2829.4
670,2819.4,285.33078132657596,2831.4
671,2819.6,285.41817387027896,2827.8
672,2819.6,236.0977932608562,2827.6
673,2817.6,294.0468380646211,2827.4
674,2305.0,200.58423391931476,2827.6
675,2817.8,281.93231706383744,2827.4
676,2816.6,282.96143437016116,2825.4
677,2303.8,200.87898766159523,2825.4
678,2819.6,283.0517359303497,2827.6
679,2820.0,283.1701559833218,2829.6
680,2819.8,283.4268093211138,2831.4
681,2305.8,200.33114244436763,2825.6
682,2820.0,284.5597441624043,2826.6
683,2817.0,284.2953789564911,2825.6
684,2815.8,284.67653144545454,2825.4
685,2815.8,284.1329588974808,2823.6
686,2816.4,284.5305508875946,2825.6
687,2816.0,284.93316527989987,2825.6
688,2331.6,285.07040514896346,2823.8
689,2817.2,284.9003730977388,2825.6
690,2815.6,284.43574887239765,2827.8
691,2295.4,200.2452888691715,2817.4
692,2295.8,203.23206970226403,2821.0
693,2297.6,202.36680595511285,2817.4
694,2298.2,202.37399571475532,2819.8
695,2298.6,202.71730201857093,2821.4
696,2298.0,202.52143888609606,2819.8
697,2299.6,202.58423490300873,2817.8
698,2298.0,202.76868268818828,2819.4
699,2299.8,202.41421873323634,2821.4
700,2301.6,202.38340113787996,2821.0
701,2809.8,282.5405882568632,2819.6
702,2299.2,201.4352836974025,2817.6
703,2300.2,201.18321863101917,2819.4
704,2303.0,201.4689773722482,2821.4
705,2303.3,201.6268749539041,2821.6
706,2303.6,201.53306565789373,2821.6
707,2305.8,200.9194732142941,2823.4
708,2305.4,201.65136422674095,2827.4
709,2305.2,201.71709892176168,2825.0
710,2305.8,202.23141116813147,2827.0
711,2307.2,201.59964442057094,2823.8
712,2307.6,200.68298114895717,2823.8
713,2307.8,201.1372899579089,2825.4
714,2307.8,200.96298918031053,2823.8
715,2309.0,200.50706489288822,2825.8
716,2307.4,200.71148698571514,2823.6
717,2307.6,200.57222560693617,2822.6
718,2307.8,201.01486910719464,2825.8
719,2309.6,200.68410667271934,2825.6
720,2309.6,200.66877058018582,2827.4
721,2310.1,200.58483219274046,2829.2
722,2309.6,199.84764991061238,2827.4
723,2312.6,199.96719869387195,2831.0
724,2312.0,200.33643332279402,2831.0
725,2313.4,199.88534507353978,2830.0
726,2313.6,200.3378768776161,2827.6
727,2315.0,200.6305369461026,2831.4
728,2318.6,200.27317259269216,2832.4
729,2316.4,200.82547651019814,2836.0
730,2311.6,200.2246944153217,2829.0
731,2311.8,199.95808358072725,2829.4
732,2312.2,199.86677524117798,2827.6
733,2316.2,199.4670412678602,2831.6
734,2323.8,198.91255594538384,2837.8
735,2327.6,199.17610773685792,2843.4
736,2332.4,200.33619022406094,2851.2
737,2334.4,199.73700974137373,2847.4
738,2339.8,198.75439569339542,2851.8
739,2343.8,199.23900952093865,2855.4
740,2343.8,200.55872739693496,2861.0
741,2345.8,199.26137440299738,2863.0
742,2349.0,199.5471766480722,2866.8
743,2351.8,198.9959461289416,2865.4
744,2352.0,199.47824460733597,2867.0
745,2354.8,198.77591094672945,2871.4
746,2353.6,200.03529216043756,2867.8
747,2355.8,199.301858248652,2865.8
748,2359.6,198.0654071477015,2867.8
749,2359.8,199.5386646853789,2871.0
750,2358.0,199.2045588631383,2871.2
751,2362.0,199.23777310666847,2875.0
752,2363.8,198.70728101945315,2874.0
753,2366.0,198.92655459994037,2875.0
754,2366.2,198.887037234473,2875.2
755,2366.6,198.71092938428455,2877.0
756,2369.2,198.9697223666254,2879.2
757,2370.2,198.49896769948666,2878.0
758,2372.0,198.60167471560584,2881.4
759,2372.2,198.587412718062,2881.2
760,2372.2,199.481645174836,2881.2
761,2372.0,198.10996227053246,2881.2
762,2369.6,198.4709726663761,2881.0
763,2368.0,197.73977058049854,2877.4
764,2369.6,199.73062264667993,2882.0
765,2369.6,198.11509789866628,2877.0
766,2369.6,198.0836877181096,2879.2
767,2372.4,198.4861254852521,2881.4
768,2373.4,198.20589520264292,2881.2
769,2372.2,198.0389141618366,2879.0
770,2372.6,198.07923742337655,2879.2
771,2374.2,197.85244323941507,2883.0
772,2375.8,197.95661215494047,2883.0
773,2376.0,198.29762152471824,2881.2
774,2375.8,198.20823535890122,2885.2
775,2376.4,198.6453434109052,2884.2
776,2376.6,198.29867888521133,2885.0
777,2376.2,198.34936769243137,2889.0
778,2376.0,199.42290740928752,2889.0
779,2377.8,198.63971050311252,2885.0
780,2378.2,198.22867097447065,2885.2
781,2378.2,198.69284305876752,2887.2
782,2378.2,197.86419120584318,2887.0
783,2378.2,198.21744598443985,2885.0
784,2378.0,198.50345890795447,2889.0
785,2378.2,198.05645866536491,2885.2
786,2380.0,198.3895610041329,2889.0
787,2379.8,198.55098266688387,2887.0
788,2378.0,198.3136107864664,2885.0
789,2380.2,197.95819342674554,2885.2
790,2380.0,198.16546940650315,2885.0
791,2380.0,197.03966447133106,2885.0
792,2377.8,198.21186559482922,2887.2
793,2377.6,197.76966298021853,2883.4
794,2375.2,197.97559509869222,2885.0
795,2376.8,197.28324228955756,2881.6
796,2377.0,196.60639063508702,2884.0
797,2375.8,197.72871503572892,2881.8
798,2375.8,197.0447596784844,2879.4
799,2376.0,198.15269567698883,2885.0
800,2375.6,197.6958368856458,2880.6
801,2375.8,197.61494603716815,2881.6
802,2376.0,197.79424420020084,2883.4
803,2373.8,198.07258887722526,2880.6
804,2373.2,197.62987089219845,2879.4
805,2375.8,197.79565077766492,2883.0
806,2373.6,196.69315357019704,2877.4
807,2375.6,196.53444536272943,2877.6
808,2377.4,198.12435536874457,2883.6
809,2382.2,195.4293193357168,2880.0
810,2384.2,197.7023952762465,2887.4
811,2379.8,196.81105657711026,2889.0
812,2379.6,197.09306587215264,2885.4
813,2379.8,197.0589768816529,2883.6
814,2382.4,196.943047554817,2886.6
815,2381.8,198.67142952319628,2889.2
816,2379.8,196.74236203847934,2881.4
817,2378.8,196.99364088435368,2881.4
818,2381.8,196.78408643190897,2887.0
819,2381.8,197.16576405239482,2887.2
820,2384.2,197.1684059514207,2887.6
821,2377.6,198.42520711357523,2887.6
822,2376.8,196.74534033291025,2877.6
823,2379.4,197.0240361540083,2881.4
824,2377.8,197.37853731725474,2885.6
825,2376.0,197.7908156426236,2883.4
826,2375.8,197.5979935229681,2880.6
827,2375.6,197.5226075494847,2879.6
828,2375.6,197.652466311146,2881.6
829,2376.8,197.16179975850517,2879.6
830,2375.6,197.39927108071396,2879.6
831,2375.6,197.18706974700814,2879.4
832,2375.8,197.456779068163,2881.6
833,2375.6,197.25488681999224,2879.6
834,2377.6,196.91768592645107,2879.8
835,2377.6,197.19362742413725,2879.8
836,2379.6,196.99836583777204,2883.4
837,2382.2,196.68714689003156,2885.2
838,2382.0,197.77568037702963,2889.2
839,2382.4,196.44427683516315,2885.0
840,2382.0,198.10364868146712,2889.2
841,2377.4,198.68260712763643,2887.6
842,2377.4,197.26284212391295,2879.8
843,2377.6,196.95161245157286,2883.4
844,2380.2,197.79038117346946,2885.2
845,2380.6,197.99520912105208,2887.2
846,2383.4,197.35055586972726,2891.0
847,2381.8,198.0671682979108,2889.0
848,2378.6,197.99237913809128,2888.6
849,2382.2,196.75409031547866,2882.4
850,2381.4,196.4558542338694,2885.0
851,2380.6,197.07342598477916,2889.4
852,2379.8,197.26174463460822,2885.2
853,2381.6,196.73924750870557,2881.6
854,2379.8,197.31430962985795,2884.4
855,2379.4,197.17633209457114,2885.6
856,2377.9,196.81208505831069,2881.6
857,2377.6,197.75028333377028,2886.0
858,2376.0,197.26981581505387,2881.4
859,2377.8,196.84133674465872,2883.8
860,2381.8,196.67219285319317,2885.8
861,2383.4,196.6129303123805,2887.0
862,2384.2,196.79124360707738,2888.8
863,2383.8,197.4402572022417,2887.0
864,2384.4,196.71918844260443,2888.4
865,2383.4,197.4120992141437,2891.0
866,2381.8,196.479269961998,2887.8
867,2382.0,196.4255116793267,2884.8
868,2383.6,197.80866921182334,2889.0
869,2387.6,195.44188094571788,2889.4
870,2389.6,197.20515439486698,2891.0
871,2389.8,196.7892824995841,2892.2
872,2386.0,197.4097256504243,2892.2
873,2384.4,197.48694223549182,2889.0
874,2385.4,197.35381770471528,2889.0
875,2385.6,197.30845427116856,2889.4
876,2385.0,197.2924724598607,2889.0
877,2386.2,196.69311072814304,2887.2
878,2386.2,197.25378528814255,2889.4
879,2382.2,198.39125573826195,2889.4
880,2379.4,198.0744016202626,2887.8
881,2379.4,197.02297297361574,2880.8
882,2381.8,196.0717227485568,2882.4
883,2380.8,196.33668241510625,2884.2
884,2378.0,198.0030354068104,2887.4
885,2379.8,196.41572682230372,2879.6
886,2381.0,197.02276737729167,2883.6
887,2381.8,197.03789253025508,2885.8
888,2381.8,197.73641266794547,2885.6
889,2378.4,197.15886443562272,2881.4
890,2379.1,197.18661033052493,2883.4
891,2379.6,196.8507936343276,2882.4
892,2379.4,197.08583684385584,2883.4
893,2380.2,196.8772236667614,2883.6
894,2380.6,197.63516250796266,2883.6
895,2380.0,196.9465158843014,2883.6
896,2380.0,197.39584655885915,2883.6
897,2379.6,197.474023077705,2883.6
898,2377.8,197.70823302756858,2883.6
899,2377.8,196.64020445352622,2883.6
900,2378.2,197.11731748564782,2881.6
901,2375.8,197.67968094822822,2885.6
902,2375.6,196.96162562813686,2879.4
903,2375.0,197.02079055143852,2877.8
904,2371.6,198.31811595690422,2879.4
905,2371.8,197.39670782459592,2877.8
906,2372.0,197.22482473929205,2877.6
907,2372.0,197.12737251531678,2881.4
908,2374.8,198.24660791290657,2885.0
909,2377.3,197.25023752637335,2882.2
910,2374.0,196.99207779501666,2879.8
911,2372.0,197.6751572603275,2877.6
912,2371.8,196.72467571586586,2875.6
913,2375.6,196.91199402993297,2877.6
914,2375.0,196.70106268990884,2879.6
915,2375.8,197.34331277394477,2881.4
916,2379.6,196.85373639698705,2883.8
917,2377.8,197.00185953105114,2884.8
918,2375.6,197.29872937511377,2881.6
919,2375.2,196.91833920668284,2879.4
920,2375.8,196.88343480445212,2879.8
921,2377.6,197.68533649521513,2883.0
922,2378.2,196.8652830813679,2881.2
923,2377.6,197.5336645031615,2883.2
924,2378.0,197.65103144790558,2884.2
925,2375.8,197.76228906392015,2882.2
926,2376.6,196.57063442167987,2880.4
927,2373.8,197.49356093147668,2879.8
928,2369.8,197.41074714046792,2879.2
929,2373.2,196.10915500331106,2871.6
930,2379.4,196.47756859563776,2881.2
931,2378.2,197.96487009979276,2881.4
932,2382.0,194.58203673215922,2886.0
933,2386.0,195.09674447567673,2883.2
934,2385.8,196.03152068169805,2889.0
935,2384.8,196.83283673443856,2890.4
936,2382.0,195.67406474704077,2887.0
937,2381.8,196.85176178138732,2887.0
938,2382.0,195.43366105423644,2883.4
939,2383.6,195.5919602565321,2883.6
940,2378.2,196.49363230408147,2881.6
941,2379.8,195.4589874656806,2880.6
942,2408.2,196.05344551061268,2913.6
943,2408.8,198.0845793546078,2913.4
944,2404.4,198.48248181823757,2911.6
945,2405.8,197.81514417181836,2909.6
946,2405.6,197.89423633903098,2909.6
947,2405.6,198.29973344979547,2911.6
948,2403.8,198.0276606489,2909.6
949,2405.6,197.9410486757993,2907.6
950,2401.8,198.15154546239032,2909.4
951,2401.8,198.42892957486717,2907.6
952,2399.8,198.51995964735232,2906.4
953,2400.8,197.190531639428,2905.4
954,2405.6,196.57400257975942,2906.6
955,2405.6,197.2439596588681,2909.6
956,2407.8,197.5094447645245,2911.6
957,2407.6,197.1700405169401,2911.4
958,2408.0,196.96852829146363,2911.6
959,2405.8,198.07906462918524,2911.6
960,2403.8,196.8538576497514,2905.6
961,2403.8,196.76728598241215,2905.8
962,2407.4,197.26615272697148,2913.6
963,2407.0,195.65085674748073,2907.4
964,2405.4,196.5772254339469,2909.4
965,2403.8,196.73949610340077,2907.4
966,2401.6,196.6305808096674,2905.8
967,2401.6,196.43287872716147,2903.6
968,2399.8,197.1062825403722,2905.6
969,2401.8,196.39980764496818,2903.6
970,2399.8,196.84317818766812,2905.8
971,2399.8,196.42744546884936,2903.6
972,2402.7,196.12591128228897,2903.4
973,2399.8,197.34006466874925,2905.8
974,2401.4,195.9915270487115,2903.8
975,2399.8,195.92506760470496,2901.6
976,2400.4,196.20274316475914,2903.6
977,2401.6,196.2369883892031,2903.4
978,2401.6,196.29905695568814,2905.4
979,2401.6,196.5376262587772,2903.6
980,2405.6,195.83039925905868,2907.4
981,2407.4,196.07456318298946,2908.6
982,2407.4,196.32866913537183,2910.6
983,2395.6,196.1492037664518,2903.4
984,2394.2,198.20790136904444,2901.4
985,2395.4,198.2686282757359,2907.0
986,2393.0,197.22515528469702,2895.4
987,2392.4,197.30844413586195,2894.4
988,2391.6,197.30881707672094,2893.4
989,2391.6,197.61675260766927,2895.4
990,2393.4,197.18685032473402,2898.0
991,2397.4,197.09972968308927,2899.8
992,2397.0,197.94433293182024,2900.0
993,2394.6,198.94362728298873,2905.2
994,2395.6,197.0690256841682,2900.2
995,2394.0,196.07870321851595,2903.0
996,2395.6,196.23032105971652,2897.8
997,2395.6,196.25681640219855,2895.6
998,2395.8,196.67130181294462,2899.4
999,2398.2,196.39256825482607,2899.8
1000,2395.8,196.74353170710532,2899.0
1001,2395.8,196.83229588010312,2897.4
1002,2394.0,197.09909942156543,2897.6
1003,2393.6,196.70114734543378,2897.4
1004,2397.8,195.20694532891582,2895.8
1005,2396.2,196.1230059169117,2897.4
1006,2393.6,195.78396471720802,2893.6
1007,2392.6,195.9542548250416,2895.6
1008,2394.0,196.19145427749265,2895.8
1009,2393.8,196.06862935118562,2895.6
1010,2394.0,195.95975898510451,2897.6
1011,2395.4,196.3767007866564,2897.4
1012,2397.8,195.61888031432252,2897.4
1013,2402.0,195.2870734814785,2899.6
1014,2402.0,195.9592198347365,2902.6
1015,2398.8,195.88701746005813,2901.6
1016,2402.2,195.26681071771227,2903.8
1017,2399.8,194.70040785541616,2897.8
1018,2401.8,194.74249688581355,2901.6
1019,2404.6,195.0408028906141,2905.4
1020,2405.8,195.2727876497089,2904.0
1021,2405.8,195.52401721883572,2903.8
1022,2404.0,196.11496331164818,2905.4
1023,2400.0,196.444596077283,2906.0
1024,2395.4,194.84284485972836,2893.8
1025,2395.6,197.23996259992535,2895.6
1026,2394.6,197.72543616711175,2897.4
1027,2388.7,198.4169957829871,2895.6
1028,2392.0,196.153664372394,2889.8
1029,2392.0,196.5363041772858,2889.6
1030,2390.0,197.34341333095733,2891.6
1031,2389.8,195.96842874236305,2885.6
1032,2391.4,196.8029123662847,2892.4
1033,2391.6,196.49791859349364,2889.6
1034,2389.4,197.11840826744688,2892.4
1035,2389.4,196.37009181338865,2891.4
1036,2393.6,195.23516903796758,2889.4
1037,2387.8,196.36665259178787,2891.4
1038,2387.4,196.230922552894,2889.2
1039,2387.6,195.76656184186507,2887.4
1040,2391.6,195.30612316637962,2887.6
1041,2393.6,196.16539278742178,2895.0
1042,2393.6,195.6268580504153,2891.8
1043,2395.4,195.99778496348026,2896.4
1044,2396.2,195.91647377164549,2892.2
1045,2392.0,196.2225346317673,2892.0
1046,2385.8,195.72945363109085,2885.8
1047,2385.8,195.54669528257148,2883.6
1048,2386.0,195.47452582748795,2885.4
1049,2387.2,195.83745524339378,2885.6
1050,2385.8,195.70507809898848,2887.4
1051,2384.5,196.0829415978006,2885.4
1052,2385.2,195.46884201019384,2893.2
1053,2387.6,195.45905589828467,2885.8
1054,2386.1,196.8148521548991,2889.2
1055,2381.4,196.42461512098623,2885.4
1056,2381.8,195.4605140563584,2881.6
1057,2380.8,195.64062935137517,2881.4
1058,2383.0,194.8089439045622,2883.6
1059,2387.2,194.90210240383706,2882.6
1060,2389.6,193.57432721459125,2883.4
1061,2390.8,194.48515535499823,2887.4
1062,2388.8,194.92948879838428,2889.4
1063,2390.0,194.64904063111408,2887.6
1064,2389.8,194.7816783794554,2887.8
1065,2393.4,193.2752222393547,2891.8
1066,2389.6,195.7174357615652,2889.8
1067,2389.8,195.38043877980343,2889.4
1068,2393.6,195.63825739723077,2893.6
1069,2393.8,195.69652378482243,2891.6
1070,2392.0,196.45182829611358,2893.4
1071,2388.8,195.36784270704896,2887.6
1072,2389.6,195.5550027430864,2887.6
1073,2389.6,195.33080358650687,2889.4
1074,2389.8,195.39690073812642,2887.6
1075,2417.8,195.94324401845287,2919.6
1076,2415.6,198.2767678404098,2921.4
1077,2414.9,197.85328689440914,2919.6
1078,2416.0,197.8947886387039,2921.4
1079,2419.6,197.21943574662217,2918.6
1080,2417.8,198.17327314264995,2921.6
1081,2418.8,197.97067158473573,2921.4
1082,2418.6,197.9627602962672,2921.6
1083,2418.8,198.25168682880124,2923.8
1084,2417.6,198.45444673114983,2921.6
1085,2416.0,198.40816294928698,2919.6
1086,2416.8,197.99444740658925,2919.4
1087,2412.6,197.3981259001219,2914.6
1088,2413.7,197.28381870706968,2915.6
1089,2416.8,196.74710533281473,2917.4
1090,2419.6,197.23000451123875,2921.6
1091,2419.8,197.00223729587984,2920.4
1092,2415.6,197.93389082909817,2921.8
1093,2417.6,196.50712312202904,2915.6
1094,2417.6,196.62752791472136,2915.8
1095,2417.6,196.9383749951657,2919.4
1096,2418.4,195.90938358167674,2917.6
1097,2417.8,196.27406538745637,2919.4
1098,2419.6,195.8847555030899,2920.4
1099,2421.6,196.08588067771956,2918.6
1100,2421.4,196.35888168616597,2919.4
1101,2419.6,196.70328433219768,2919.6
1102,2417.6,196.56584928923107,2919.4
1103,2415.6,196.61210231788513,2917.6
1104,2415.6,196.01788343196526,2915.4
1105,2415.6,196.0084418991249,2917.2
1106,2419.6,194.9690303046321,2915.8
1107,2419.8,195.74936425479544,2919.4
1108,2421.6,195.3869298788976,2919.4
1109,2422.6,195.63370252262092,2925.4
1110,2418.6,195.37283168053284,2917.6
1111,2417.8,195.00617967214254,2915.8
1112,2417.6,195.66925573005048,2916.8
1113,2417.6,195.60540362508763,2917.8
1114,2417.8,195.76478214712554,2917.8
1115,2417.6,195.62315897671215,2916.6
1116,2405.8,195.2995097621884,2911.8
1117,2404.0,197.3957452276633,2905.8
1118,2403.6,198.01890319845612,2905.6
1119,2399.6,197.89853285571473,2905.4
1120,2399.6,197.42350874725554,2899.6
1121,2397.6,197.54620735096893,2899.8
1122,2398.0,196.83487494593376,2897.8
1123,2399.0,196.75834813585183,2897.8
1124,2403.6,196.04621785589612,2899.6
1125,2409.2,196.60496445443934,2909.4
1126,2405.4,197.96216167803783,2909.4
1127,2406.0,195.5579818251051,2904.4
1128,2405.8,195.57449961706573,2903.6
1129,2405.4,195.80433130421758,2903.4
1130,2406.0,196.35710454014787,2907.8
1131,2409.4,195.1366080714153,2908.6
1132,2407.6,195.75787356532055,2907.8
1133,2407.8,195.70769023497652,2905.6
1134,2408.4,195.89294246783626,2905.4
1135,2409.6,196.10618079533944,2907.8
1136,2409.8,196.13251470611434,2907.4
1137,2409.0,195.6238381112577,2909.6
1138,2409.8,195.2439552343123,2907.8
1139,2411.0,196.16108297793951,2911.6
1140,2409.2,194.696434233003,2903.6
1141,2407.6,195.4457139476759,2907.0
1142,2407.6,195.1730122020056,2902.6
1143,2409.4,194.89517442611492,2907.4
1144,2410.0,194.95300340198608,2907.4
1145,2411.6,195.31913516751783,2907.4
1146,2411.6,195.16464747400548,2907.6
1147,2410.0,195.05196963559567,2907.6
1148,2411.8,194.69387715106052,2907.6
1149,2405.4,195.59276999007076,2907.8
1150,2404.8,194.29217974284214,2901.8
1151,2404.0,194.76570967114296,2901.4
1152,2403.6,194.26978291958196,2899.6
1153,2403.2,194.5191252581883,2902.0
1154,2403.8,194.32648362498585,2903.4
1155,2403.8,194.63238874432045,2901.6
1156,2407.2,194.2211432037806,2903.6
1157,2397.2,195.32377186148622,2895.8
1158,2395.6,197.32141157894347,2893.6
1159,2390.0,198.27001295120908,2893.6
1160,2391.4,196.7774363011126,2888.6
1161,2391.8,196.55289059277843,2891.6
1162,2393.6,197.02187417681887,2893.6
1163,2391.4,196.59925266601863,2891.0
1164,2395.6,195.95198913698226,2895.4
1165,2398.0,195.81776124465497,2897.8
1166,2401.2,196.60997112837686,2897.6
1167,2403.0,196.06911501546944,2898.4
1168,2403.8,195.4623511606496,2897.6
1169,2403.8,195.8376540377566,2900.0
1170,2403.2,196.72110277502722,2900.6
1171,2403.2,195.78417124637693,2895.6
1172,2403.4,196.13917542975204,2900.6
1173,2402.0,196.31045556974547,2899.4
1174,2401.8,194.59842421894055,2892.6
1175,2401.4,195.5617203844322,2897.4
1176,2401.8,195.37291268815144,2899.4
1177,2403.4,197.0402102981412,2905.0
1178,2399.8,195.47821304211632,2895.6
1179,2399.8,194.70963917397643,2893.6
1180,2401.8,193.57793824160072,2892.4
1181,2401.6,194.46063953428043,2897.4
1182,2401.4,194.32288185659215,2895.4
1183,2401.8,194.09008759472258,2895.4
1184,2403.6,194.7432041701372,2897.8
1185,2403.4,195.51248175266392,2901.0
1186,2401.8,195.24689779893222,2898.6
1187,2401.6,195.36488725764178,2899.6
1188,2402.0,194.89367107656378,2897.4
1189,2402.8,194.46368603359076,2895.4
1190,2399.8,195.46787164762162,2897.6
1191,2399.4,193.71001672851713,2891.4
1192,2399.6,193.7299495458151,2896.0
1193,2399.8,193.74462977708606,2893.6
1194,2401.4,194.3437373323075,2897.4
1195,2399.6,195.10488448749996,2899.8
1196,2399.6,194.65280053608976,2894.4
1197,2401.6,194.68494780402466,2895.4
1198,2402.0,191.92161072709584,2894.8
1199,2403.8,194.23029192440652,2896.6
1200,2403.6,194.08248113523095,2895.6
1201,2404.4,194.5788787698692,2897.4
1202,2405.4,194.92016022931762,2899.4
1203,2403.8,195.49225146290553,2901.0
1204,2403.6,194.4487699902859,2895.6
1205,2406.8,194.36113609245396,2898.4
1206,2404.8,194.88206887104005,2901.8
1207,2403.6,192.8151948847098,2890.6
1208,2433.6,194.93075165086725,2931.8
1209,2427.2,197.77921509778045,2930.6
1210,2428.0,197.51030871430558,2926.6
1211,2428.0,196.51995672990952,2927.4
1212,2425.8,196.67800421689086,2923.6
1213,2427.8,196.8199311304301,2927.6
1214,2427.6,196.82206703481017,2927.6
1215,2427.8,197.09837220464544,2927.4
1216,2428.0,197.46645867848727,2927.6
1217,2427.2,197.81986697335813,2927.4
1218,2421.8,196.84750424478366,2922.4
1219,2423.2,196.30048136989686,2919.8
1220,2421.8,196.1346988251597,2921.6
1221,2423.6,196.1297670545355,2921.6
1222,2425.6,196.11668828200047,2921.4
1223,2423.8,196.68681388500866,2921.8
1224,2425.6,196.04189647326504,2921.8
1225,2426.6,196.9070839283656,2924.6
1226,2424.8,196.36429719597137,2927.2
1227,2426.0,195.83557002173436,2923.6
1228,2421.8,196.6910849952322,2925.0
1229,2423.8,195.827513892642,2922.4
1230,2423.8,195.46078303029492,2920.6
1231,2425.8,194.92654305294366,2921.4
1232,2425.8,195.78232190207632,2923.4
1233,2427.8,195.12775829558046,2922.6
1234,2428.2,195.54652158586953,2927.4
1235,2428.6,195.9430645157436,2925.8
1236,2423.8,196.65480010753134,2925.0
1237,2425.8,195.49340364984636,2923.4
1238,2425.4,195.71730582862543,2923.6
1239,2425.4,195.01365680574816,2923.8
1240,2432.4,194.16416006726027,2929.2
1241,2432.2,196.0301342724362,2929.4
1242,2419.6,198.27510331971828,2931.0
1243,2419.6,194.96907352295804,2917.6
1244,2419.4,195.26062362438887,2917.6
1245,2419.6,194.95814120223392,2917.6
1246,2420.8,195.1986220767284,2919.6
1247,2421.6,195.2810081940131,2919.6
1248,2422.6,195.15283562870547,2919.6
1249,2411.8,196.25043813545219,2919.4
1250,2408.8,196.38143074392002,2909.4
1251,2409.6,196.8115440492804,2907.6
1252,2410.2,197.0495161754971,2909.4
1253,2411.5,196.98815868581025,2909.4
1254,2411.6,196.97739860961332,2909.6
1255,2411.8,197.12532221792853,2913.4
1256,2409.8,197.95671413839963,2911.8
1257,2403.6,197.37471983662783,2907.4
1258,2407.8,196.483307593994,2907.6
1259,2409.6,196.40555811924813,2905.4
1260,2409.6,196.05964551248675,2907.4
1261,2412.0,195.46642668171074,2907.6
1262,2407.6,197.09501106324583,2907.8
1263,2407.8,196.3047933490383,2907.4
1264,2407.6,196.0804714685974,2907.6
1265,2407.8,195.50216948566364,2905.8
1266,2409.4,195.6440569092009,2907.4
1267,2409.6,196.00114256396554,2908.4
1268,2411.6,195.50397942147836,2906.8
1269,2411.8,195.87446952550386,2907.6
1270,2413.8,195.0598668878482,2911.4
1271,2413.6,195.71360721331584,2913.4
1272,2414.2,195.5804266974674,2913.6
1273,2412.0,196.0196572144209,2909.6
1274,2412.8,195.44114411147112,2909.4
1275,2413.6,195.54086818967272,2909.6
1276,2413.8,195.33912261699228,2909.6
1277,2412.4,195.02198860982375,2907.6
1278,2411.4,195.1267523471666,2907.6
1279,2412.2,195.07413823063376,2909.4
1280,2410.6,195.10609717690738,2907.6
1281,2409.6,193.74913626830187,2903.6
1282,2409.6,193.93819552946866,2903.4
1283,2409.6,193.83527898899138,2903.6
1284,2409.6,193.99662829461883,2903.6
1285,2410.0,194.18490093963405,2903.6
1286,2409.6,194.7548199762563,2905.4
1287,2409.6,194.3657689915455,2905.6
1288,2404.6,195.00472684270628,2903.6
1289,2409.8,194.57996991783492,2905.6
1290,2399.6,194.5880463602786,2899.4
1291,2401.8,195.82116435676855,2895.4
1292,2403.6,196.65214049166443,2899.6
1293,2401.6,196.70175415806065,2897.4
1294,2398.6,196.71071816711597,2895.6
1295,2397.6,196.50854668079054,2895.6
1296,2399.6,196.37382242160223,2895.6
1297,2399.6,196.19298259009798,2895.4
1298,2399.6,196.42618690115316,2893.6
1299,2399.6,196.3473372867156,2893.8
1300,2401.4,195.8830345825499,2895.4
1301,2399.6,196.52898987399382,2899.0
1302,2397.3,195.47673867895293,2891.4
1303,2397.4,195.35224232236396,2891.8
1304,2397.6,196.25637043339043,2891.8
1305,2395.2,195.31389336005293,2892.0
1306,2394.0,195.95766071487915,2893.0
1307,2393.8,195.30125596275357,2887.4
1308,2393.2,195.65404707002395,2889.8
1309,2392.0,196.05845795273584,2889.8
1310,2391.8,195.65861214289333,2889.6
1311,2391.2,195.099234947804,2885.6
1312,2391.8,194.8939710550815,2887.8
1313,2397.4,194.23558713009703,2891.8
1314,2397.8,194.59565020785757,2893.6
1315,2397.6,194.90726361964425,2892.6
1316,2397.8,195.22426634372303,2891.8
1317,2399.6,194.9734814492994,2891.6
1318,2399.8,195.0491968389774,2893.8
1319,2401.6,195.25155044835216,2895.6
1320,2397.8,193.86357805029965,2889.6
1321,2397.8,194.4016082074027,2891.6
1322,2398.0,194.50374196875146,2893.8
1323,2399.2,194.51523052642952,2897.4
1324,2399.2,194.25890062853696,2891.6
1325,2392.2,195.69628725116542,2889.8
1326,2391.6,194.3629832809692,2887.6
1327,2391.6,193.9534164898715,2887.6
1328,2393.2,194.33704224477373,2891.4
1329,2395.4,193.99120699247788,2889.6
1330,2397.6,193.44683116542268,2888.0
1331,2403.8,192.73703639202756,2897.4
1332,2403.6,194.5285905605332,2895.6
1333,2403.6,194.70515832596678,2897.8
1334,2400.0,195.05254597840752,2893.8
1335,2396.0,195.66167661618368,2891.6
1336,2389.8,195.89474127087468,2889.4
1337,2391.6,194.35359102345896,2883.6
1338,2392.6,194.48204695865996,2889.4
1339,2397.2,194.3601411492168,2889.4
1340,2398.4,194.43645984884617,2889.6
1341,2427.6,195.1765222493776,2926.4
1342,2419.8,198.57415561584648,2923.4
1343,2421.6,197.35501698289877,2920.4
1344,2419.8,197.76359410034306,2923.8
1345,2420.4,197.26916879856137,2921.4
1346,2419.6,197.29527147079355,2921.4
1347,2420.0,197.42709673042043,2918.6
1348,2419.8,197.28740941654738,2918.6
1349,2419.8,196.99167905500065,2919.6
1350,2419.8,197.47896783458162,2917.6
1351,2417.8,197.12078463542286,2917.6
1352,2417.6,196.52897603763833,2917.6
1353,2417.6,196.49084369209513,2916.4
1354,2417.4,196.42655905981084,2914.6
1355,2417.2,196.7309957736105,2915.6
1356,2415.6,196.92125465847013,2915.8
1357,2416.0,196.30475347788163,2915.8
1358,2417.6,196.72611476367481,2917.4
1359,2414.0,197.24309831574445,2913.8
1360,2413.6,196.85645998179172,2915.4
1361,2418.4,196.7104865422006,2917.0
1362,2420.2,197.38363676153372,2921.0
1363,2415.0,196.53303178391138,2917.0
1364,2419.1,195.27642387178295,2913.8
1365,2415.8,196.33570093861192,2915.8
1366,2416.0,195.4107163105054,2917.4
1367,2417.8,195.40391478974823,2912.0
1368,2416.2,195.26292823217244,2911.6
1369,2417.8,195.65599739223808,2912.6
1370,2417.8,195.9787556720405,2913.6
1371,2415.6,195.5001205252479,2911.8
1372,2415.8,195.165187530753,2913.6
1373,2415.8,195.02545475911768,2912.4
1374,2417.6,195.08368651748688,2915.4
1375,2417.8,194.94226028444285,2913.4
1376,2417.4,194.97568623992785,2911.6
1377,2415.6,195.1849358398218,2911.6
1378,2415.8,195.13630692011094,2913.6
1379,2417.6,194.77649331549296,2911.6
1380,2417.6,195.64653377956608,2913.8
1381,2416.0,195.32412497256522,2913.8
1382,2405.8,195.42071331542311,2907.4
1383,2403.2,197.7737494521675,2899.6
1384,2401.6,196.56066527757375,2899.4
1385,2403.6,196.33602444363405,2899.4
1386,2401.8,197.33240037480655,2901.6
1387,2401.6,197.1541217788063,2899.8
1388,2401.0,197.16049088997744,2901.4
1389,2399.8,197.18795430066828,2901.6
1390,2400.1,197.5818264897493,2899.6
1391,2399.6,197.33565378122736,2897.4
1392,2397.8,197.2397018846497,2897.6
1393,2401.6,196.37138665946154,2897.6
1394,2400.0,196.50167496145167,2896.4
1395,2400.8,196.33958178734184,2897.6
1396,2400.0,196.62224564282943,2897.8
1397,2401.6,196.55921748588415,2899.6
1398,2399.8,196.8863345926369,2899.6
1399,2400.0,196.44913078471743,2897.6
1400,2401.6,196.57612204900556,2900.4
1401,2399.6,196.99411412889756,2899.6
1402,2403.6,196.25486644654077,2900.6
1403,2405.6,195.6398495146026,2901.6
1404,2403.4,195.08313777292346,2898.4
1405,2404.4,195.29495272733584,2899.4
1406,2404.2,195.70510754591953,2898.8
1407,2405.6,195.45531072024656,2899.6
1408,2405.6,195.36404974727466,2899.6
1409,2405.4,196.42391507924685,2901.6
1410,2401.8,195.61332815370935,2899.6
1411,2400.8,195.5214332625277,2897.8
1412,2401.8,195.3866736082,2897.8
1413,2401.8,194.8261719219636,2899.6
1414,2401.8,195.31138337010609,2899.4
1415,2402.8,195.0807460382957,2897.4
1416,2404.0,194.93297262952186,2899.6
1417,2400.4,195.9230951646131,2899.6
1418,2400.7,194.72113630986027,2897.4
1419,2400.0,195.07230849498754,2898.4
1420,2399.8,195.05219029724375,2897.4
1421,2403.4,194.59243115147737,2895.8
1422,2401.8,195.12879420178982,2899.8
1423,2393.4,195.45409828647337,2893.6
1424,2389.8,197.5613454216513,2889.4
1425,2387.8,197.1091283315518,2885.6
1426,2387.6,196.94168183166812,2887.4
1427,2391.4,196.6319766724757,2887.4
1428,2390.8,197.24914246310246,2889.4
1429,2389.8,197.252861378199,2887.4
1430,2387.6,197.6547279135344,2889.4
1431,2389.5,196.36664647550737,2883.6
1432,2389.8,196.5763760383041,2886.4
1433,2387.8,197.4870821197079,2887.4
1434,2385.4,196.80626949282933,2883.6
1435,2385.6,196.89166953866072,2883.6
1436,2383.8,197.05117569999624,2881.6
1437,2399.6,195.71875405499122,2897.4
1438,2399.6,195.84717253911057,2895.6
1439,2399.2,195.73106683790454,2893.6
1440,2398.0,195.62048472319074,2897.6
1441,2399.6,195.32992962087633,2895.6
1442,2401.6,195.42443329027898,2894.4
1443,2400.4,195.49528161819958,2895.6
1444,2402.8,195.12374980811214,2901.0
1445,2404.0,194.77192256588216,2897.6
1446,2403.8,194.86762624499386,2897.6
1447,2402.0,195.07454096505694,2901.0
1448,2401.8,195.04644750864077,2895.4
1449,2401.8,194.7888120795548,2896.4
1450,2401.8,194.42567467447378,2895.6
1451,2403.0,194.799233402208,2896.4
1452,2405.2,193.8873696373654,2896.6
1453,2401.6,195.48122842705695,2897.4
1454,2401.6,194.1224098115375,2892.8
1455,2400.0,194.5987999333224,2891.6
1456,2397.6,194.91108463893156,2894.4
1457,2395.6,194.36896732118825,2889.6
1458,2394.0,194.6585616024455,2889.8
1459,2391.8,194.90160962851192,2887.6
1460,2393.4,194.1031082614241,2883.8
1461,2393.6,194.18313792054337,2884.6
1462,2394.6,193.7268151660338,2891.0
1463,2395.6,194.12394497553456,2887.6
1464,2399.6,194.49556137033312,2895.0
1465,2411.6,191.72966564694204,2897.8
1466,2425.6,191.9660303044312,2910.4
1467,2433.8,191.3082728323992,2919.6
1468,2441.4,191.10843047228053,2923.6
1469,2451.0,190.60343620174905,2931.8
1470,2450.8,190.5063786770129,2931.8
1471,2454.4,190.88465147679696,2936.4
1472,2459.8,189.18896855248335,2933.6
1473,2459.6,190.23731870242162,2941.6
1474,2466.6,188.20905249875844,2937.6
1475,2469.6,189.05190981401745,2943.8
1476,2470.2,189.38902582434332,2947.0
1477,2471.8,189.1035298150468,2949.4
1478,2473.8,188.91806062771616,2947.8
1479,2477.8,188.7802766943191,2952.2
1480,2477.8,188.5141651013189,2953.0
1481,2479.6,188.47379307951445,2953.8
1482,2480.8,188.89553072306356,2955.6
1483,2479.8,189.3505063212302,2957.6
1484,2480.2,189.405936394091,2959.4
1485,2481.8,189.07192293522522,2959.6
1486,2481.8,189.88073252059914,2960.8
1487,2485.6,187.75027372895505,2955.6
1488,2487.6,188.04885324685685,2957.6
1489,2486.0,187.7289343210583,2957.4
1490,2479.8,188.8068101876948,2957.6
1491,2482.6,188.2781392503269,2953.6
1492,2481.0,188.50342004642891,2953.6
1493,2479.8,188.39284349618745,2951.8
1494,2479.8,188.85694398890314,2953.4
1495,2479.8,188.56923754725676,2953.4
1496,2480.8,188.73933706512142,2953.4
1497,2481.6,188.35122359202086,2953.6
1498,2480.0,188.451252130696,2953.6
1499,2479.8,188.21621700129685,2949.6
1500,2485.0,187.77026218859208,2953.4
1501,2483.8,187.6146609163243,2953.4
1502,2485.6,187.89953343185698,2954.0
1503,2484.8,187.42293067629006,2953.8
1504,2485.6,187.7715711011419,2955.6
1505,2485.6,187.18293805196342,2953.6
1506,2485.4,187.52417253692283,2952.6
1507,2485.6,187.26053770748678,2951.8
1508,2483.8,187.81852996060223,2953.6
1509,2483.6,187.05323476383919,2949.6
1510,2484.2,187.0207446045963,2951.6
1511,2485.8,187.41267402648526,2953.4
1512,2487.0,186.68455316137897,2951.6
1513,2484.0,187.67017338350598,2953.6
1514,2484.6,187.48656858187584,2955.4
1515,2484.7,187.33032170406446,2955.4
1516,2483.6,187.56665149602455,2953.4
1517,2483.6,187.42562552165214,2953.6
1518,2483.6,187.3227446525815,2953.8
1519,2484.0,187.22613246845486,2953.8
1520,2485.2,187.7875188202782,2955.4
1521,2481.6,188.49610234362586,2953.6
1522,2481.8,187.1999630341844,2951.6
1523,2477.8,188.25771824573906,2949.8
1524,2481.6,186.6498451083259,2949.6
1525,2482.2,187.65123798752813,2958.2
1526,2481.8,187.5311811107165,2951.6
1527,2479.6,187.6156122595509,2948.4
1528,2479.8,187.53654850743368,2949.6
1529,2481.6,186.67738967368663,2949.6
1530,2481.8,187.35048689507934,2954.4
1531,2481.8,188.26498230128587,2953.2
1532,2480.2,187.2075923386578,2953.8
1533,2479.8,187.62248102616408,2949.4
1534,2486.0,185.74838402569458,2949.6
1535,2485.8,187.30998739298022,2955.8
1536,2485.4,187.4620175812848,2953.8
1537,2483.6,187.35513910281972,2953.8
1538,2483.8,186.58411642638822,2951.4
1539,2483.6,187.47146157824469,2953.8
1540,2483.4,187.17940948088352,2953.4
1541,2483.6,187.1892454531658,2957.4
1542,2483.6,187.0490620768536,2951.6
1543,2483.4,186.93419617969613,2949.8
1544,2485.6,186.9036009261247,2953.6
1545,2483.6,187.61781028485188,2953.8
1546,2481.8,186.98720945953977,2953.6
1547,2484.0,187.14065916761962,2953.4
1548,2484.5,187.25943333479574,2953.8
1549,2483.8,187.49293962764014,2955.6
1550,2483.8,187.01147908888922,2951.8
1551,2483.8,186.65683205139888,2949.8
1552,2483.8,187.23818662269446,2951.6
1553,2483.8,187.11538982589045,2951.4
1554,2482.0,187.46869458896518,2955.6
1555,2483.8,187.1803588176924,2957.6
1556,2485.6,187.09609061491045,2955.6
1557,2483.8,186.80808808250532,2951.4
1558,2484.0,186.6603481753159,2949.6
1559,2485.8,187.736015228071,2957.0
1560,2485.4,187.2607258352644,2955.0
1561,2484.8,186.85775568385012,2956.0
1562,2482.8,186.78951948152235,2951.6
1563,2482.2,186.82138332947974,2951.4
1564,2483.8,187.0814463117219,2955.4
1565,2485.6,186.6193185981145,2951.4
1566,2483.8,187.33259516000888,2951.6
1567,2484.0,186.70340104702424,2955.8
1568,2484.0,187.334339296163,2957.2
1569,2481.8,187.32595096279704,2949.8
1570,2481.8,187.84767953991422,2955.4
1571,2484.0,187.14372145998524,2951.4
1572,2481.2,187.1633584237472,2949.6
1573,2480.0,187.24813908172888,2951.8
1574,2481.6,187.31009380077597,2949.8
1575,2480.0,187.43915670039198,2949.6
1576,2480.8,187.12594218857876,2947.8
1577,2481.8,187.15718352663666,2951.8
1578,2482.0,186.6144856612238,2949.6
1579,2479.8,187.57582949707074,2949.8
1580,2482.0,187.5300794963345,2953.8
1581,2481.6,187.10121294309226,2947.6
1582,2479.8,187.3622993998569,2949.4
1583,2479.8,187.0275621114718,2947.4
1584,2479.8,187.15668316357562,2944.6
1585,2479.6,187.0999454487629,2947.4
1586,2479.6,187.10869783459145,2945.6
1587,2481.6,187.33326729437235,2947.6
1588,2480.0,186.7757322208107,2948.4
1589,2481.8,186.81086491317137,2947.8
1590,2481.2,187.3115656736992,2949.6
1591,2479.6,187.47621064200683,2947.8
1592,2480.0,186.83598549402845,2947.4
1593,2479.8,187.36512174339614,2947.6
1594,2479.8,186.8637676433606,2947.2
1595,2479.8,187.11519810058792,2947.4
1596,2479.8,187.15499818171406,2946.6
1597,2479.8,187.1810605920483,2948.6
1598,2483.4,186.78570590560187,2955.0
1599,2486.6,186.83216730653112,2957.0
1600,2483.6,187.77914309820457,2955.0
1601,2481.8,187.3680403133055,2951.8
1602,2482.6,187.06850640366488,2951.6
1603,2483.6,186.7533068758634,2949.6
1604,2483.8,187.03058071050583,2951.6
1605,2484.0,186.83594075561678,2953.4
1606,2485.8,186.81157836134568,2953.8
1607,2488.4,186.76149016226594,2959.0
1608,2488.4,187.34237834039558,2955.0
1609,2488.4,187.03597914919544,2955.0
1610,2488.6,187.0464485749393,2957.8
1611,2488.4,186.87217330120535,2961.0
1612,2486.6,187.41182989158602,2957.0
1613,2485.6,188.06678270247042,2957.0
1614,2490.4,186.28846039125642,2954.4
1615,2489.8,187.29738463886451,2959.4
1616,2486.6,188.743356407522,2965.2
1617,2488.6,187.09593589711426,2961.0
1618,2488.6,187.2187918111412,2959.2
1619,2482.8,187.64542988381763,2951.4
1620,2483.6,188.25538854323617,2957.2
1621,2482.0,187.7054373124684,2955.0
1622,2482.8,186.53566847386634,2955.6
1623,2483.8,187.69983849280192,2955.0
1624,2486.2,186.3812759839405,2953.4
1625,2483.6,187.21846488591322,2953.4
1626,2483.8,187.04236749132983,2952.0
1627,2481.8,187.0119748103146,2951.8
1628,2483.4,187.0878580837099,2951.4
1629,2488.2,185.5623794471639,2953.0
1630,2487.4,186.9855875065309,2953.4
1631,2486.6,186.97389998657394,2953.4
1632,2487.6,186.83471821339094,2956.6
1633,2488.6,186.67461275161207,2953.6
1634,2489.4,186.66646197927818,2955.4
1635,2487.8,187.10581099492046,2953.6
1636,2486.0,186.60880159522048,2951.8
1637,2487.6,187.09869446619655,2953.4
1638,2486.6,186.91661648099046,2955.4
1639,2487.6,186.69269005883024,2951.6
1640,2485.6,187.5545493384247,2951.8
1641,2487.8,186.05904912143407,2951.8
1642,2488.0,186.8367308373023,2963.0
1643,2487.8,187.05418721535753,2959.8
1644,2489.0,186.42051084641244,2963.0
1645,2487.6,186.9467927935628,2957.4
1646,2485.8,187.57112726970112,2960.8
1647,2482.1,187.61307810916665,2951.8
1648,2483.1,187.16270964777146,2950.6
1649,2483.6,187.3145554528789,2951.8
1650,2484.0,187.4780353293528,2955.4
1651,2483.6,187.82803807554959,2955.0
1652,2481.6,187.4932987457661,2949.8
1653,2481.8,187.16596898752738,2949.4
1654,2481.8,187.2255360564832,2950.4
1655,2479.6,188.05895831719755,2951.8
1656,2480.0,187.01077778341508,2949.4
1657,2480.2,187.3426914891743,2949.8
1658,2479.8,187.18868462897112,2947.6
1659,2482.6,186.30708838263132,2950.6
1660,2485.6,186.9049986159818,2950.8
1661,2484.8,186.8393808344322,2950.4
1662,2484.0,186.7975985739763,2953.6
1663,2485.8,186.78678787733065,2957.6
1664,2495.6,185.3441082880122,2968.4
1665,2489.8,186.15280722321938,2957.4
1666,2487.8,185.54452590908147,2953.6
1667,2491.8,185.65964731989328,2956.4
1668,2491.1,185.67627205115005,2955.6
1669,2489.8,185.2655286438466,2955.6
1670,2489.8,185.52329596258173,2957.6
1671,2489.6,185.52108167101673,2963.0
1672,2488.2,185.1135090035821,2955.6
1673,2491.6,185.24363095423033,2955.6
1674,2515.6,185.92645998333825,2991.6
1675,2513.4,190.19740301547543,2993.4
1676,2511.8,188.5902580304384,2985.8
1677,2511.8,188.66799147594384,2987.6
1678,2511.6,189.19816191935155,2994.4
1679,2511.8,188.75270106764933,2987.6
1680,2512.8,188.65840339298617,2989.4
1681,2511.6,189.08344205211432,2991.6
1682,2514.2,188.53113130055507,2993.4
1683,2516.6,189.46824631529293,2995.2
1684,2514.0,188.79729745024505,2989.0
1685,2516.4,187.65118748832268,2991.6
1686,2513.6,188.42996806625476,2993.0
1687,2512.2,188.39868101157194,2991.6
1688,2516.6,187.35361204517324,2989.0
1689,2514.0,187.3593317718546,2987.4
1690,2515.0,187.18603176024268,2991.4
1691,2514.2,187.10891877989152,2985.8
1692,2515.6,188.00648766261432,2995.0
1693,2512.8,187.95088272977605,2989.6
1694,2513.8,187.06717029032367,2989.4
1695,2516.0,186.360627717786,2989.0
1696,2515.8,186.95234650564652,2995.2
1697,2515.6,186.2364755337414,2987.4
1698,2515.2,186.9607078253479,2993.2
1699,2514.0,186.6921752251924,2987.4
1700,2513.8,187.09987389961304,2987.8
1701,2511.6,186.6500125274618,2985.4
1702,2510.0,187.40498564578658,2985.6
1703,2514.6,185.78973643180768,2983.4
1704,2517.6,186.38472014511794,2989.8
1705,2519.6,185.10512088511183,2989.6
1706,2517.8,186.22334139439192,2991.8
1707,2517.6,186.43249262391618,2989.6
1708,2513.8,187.19057103186904,2989.4
1709,2509.8,186.2790705742182,2985.4
1710,2513.2,185.94565682893614,2987.6
1711,2512.2,187.05489537681078,2987.6
1712,2512.2,186.77210333924145,2987.6
1713,2511.8,186.74608232991375,2987.0
1714,2512.4,186.21479747134194,2983.4
1715,2502.0,185.5676264147236,2981.4
1716,2504.0,189.14738883692607,2987.0
1717,2503.6,187.56957452404183,2973.6
1718,2505.4,187.5893194193251,2975.8
1719,2505.6,188.83935553534752,2983.6
1720,2505.8,187.9154162959946,2983.0
1721,2503.6,188.44641362731488,2975.4
1722,2501.4,187.53426882707976,2971.6
1723,2501.6,187.50160061808702,2975.6
1724,2504.0,187.45818649398572,2973.6
1725,2505.6,186.69490718451527,2974.4
1726,2505.8,186.81212517230216,2975.8
1727,2489.6,191.4955702347792,2972.4
1728,2489.8,187.81101872135244,2963.4
1729,2491.8,187.1185311790292,2963.8
1730,2490.6,186.89560987382922,2965.4
1731,2489.8,188.01627903661372,2965.6
1732,2489.6,187.65389976887047,2963.6
1733,2488.6,187.63261853917848,2961.6
1734,2490.4,187.3960645867831,2963.4
1735,2490.0,188.0129606261923,2963.6
1736,2489.4,186.90949779271003,2961.6
1737,2489.0,187.1064419618759,2963.8
1738,2487.6,187.39908615964788,2960.6
1739,2487.8,187.29797167316315,2961.6
1740,2487.6,186.91856241012502,2961.4
1741,2487.8,187.23192903948708,2961.4
1742,2488.0,187.11327701284225,2962.4
1743,2488.0,186.7600315105649,2957.6
1744,2489.6,186.83603021177802,2961.6
1745,2488.4,187.10798453561085,2963.4
1746,2489.6,186.68421564508833,2960.4
1747,2489.4,186.52678443813645,2963.6
1748,2493.6,185.79380978694957,2963.8
1749,2487.8,188.00454179478191,2970.8
1750,2485.8,185.9145398879707,2955.8
1751,2487.8,186.8814181112489,2963.4
1752,2487.8,187.22426423274254,2965.4
1753,2487.6,186.76088551356153,2959.8
1754,2487.4,186.69255832709504,2961.4
1755,2488.0,186.74895850874125,2959.8
1756,2479.3,186.48755447287743,2955.6
1757,2477.8,188.4661123768708,2949.4
1758,2475.2,187.98716462303852,2945.6
1759,2473.8,188.62425784706735,2944.8
1760,2473.6,188.5595404040049,2947.6
1761,2471.8,189.99071150069847,2950.6
1762,2472.0,188.4399424780543,2945.6
1763,2472.8,187.83087500865412,2943.6
1764,2474.8,187.821593764738,2945.6
1765,2474.0,188.0867297903121,2947.6
1766,2475.6,188.26569532241538,2947.4
1767,2473.8,187.36179385310888,2946.0
1768,2473.6,188.03058750957365,2945.6
1769,2473.6,187.81683969799207,2943.6
1770,2471.8,187.5632383528085,2942.0
1771,2471.6,187.50162863289717,2941.8
1772,2471.8,187.73071022861276,2943.6
1773,2473.6,188.28728346181242,2947.8
1774,2477.6,187.35522493328452,2947.6
1775,2479.6,187.5392266434012,2951.6
1776,2479.6,190.24747564042335,2965.8
1777,2479.4,189.3039475906905,2955.8
1778,2478.4,189.53301409316146,2959.6
1779,2477.6,188.83443835804215,2953.6
1780,2475.4,187.58573710965118,2949.4
1781,2473.8,189.77869519698638,2955.6
1782,2475.4,189.9764521711044,2959.2
1783,2475.6,187.52764119319622,2945.6
1784,2474.0,190.32829202632092,2957.8
1785,2475.4,188.99444145264928,2950.6
1786,2475.6,187.90369686094846,2949.6
1787,2475.8,189.45275616237015,2961.4
1788,2475.0,189.21185428080068,2953.8
1789,2472.8,186.2101638568175,2945.4
1790,2471.8,186.88254610513707,2943.4
1791,2471.6,185.64659583281602,2939.6
1792,2470.8,186.4262114851888,2939.8
1793,2469.0,186.9702147162681,2937.8
1794,2470.0,185.72524075613862,2938.2
1795,2474.6,185.94547790518538,2942.0
1796,2475.8,185.7565279014582,2941.6
1797,2478.0,185.4105430919284,2947.8
1798,2475.8,187.49345920201097,2946.6
1799,2473.8,187.69035114613348,2947.8
1800,2471.4,187.60391776618152,2945.8
1801,2471.4,186.73459605422025,2941.4
1802,2473.8,187.27165033692512,2945.8
1803,2473.8,187.25810736748483,2945.8
1804,2475.8,186.24179707535123,2943.6
1805,2476.8,186.75944060343502,2943.6
1806,2475.6,186.68449154502932,2945.4
1807,2498.0,187.80836697157463,2975.6
1808,2497.6,190.60468966586137,2977.6
1809,2497.6,190.17190308727572,2976.4
1810,2497.6,190.71949650004552,2978.4
1811,2494.2,190.84652466640597,2973.8
1812,2493.8,190.24394455668133,2971.6
1813,2493.8,189.85623449473107,2971.4
1814,2493.8,190.25881324495737,2975.0
1815,2493.6,189.9761349785084,2973.6
1816,2493.6,189.9672827355849,2973.6
1817,2493.8,189.8953190503201,2971.4
1818,2493.4,189.66551163926516,2973.4
1819,2493.6,189.40669894404397,2971.6
1820,2493.4,189.06104551670836,2971.4
1821,2493.6,189.27425764984622,2971.4
1822,2493.8,189.11083306843156,2971.6
1823,2491.6,190.49776535334036,2975.4
1824,2489.8,189.81280504237063,2971.6
1825,2489.8,190.45245044137764,2973.6
1826,2491.6,189.34020176598264,2969.4
1827,2491.8,189.95133800539986,2971.8
1828,2491.6,188.92478672839346,2971.4
1829,2492.0,188.8495704295315,2973.6
1830,2489.8,190.18380370402411,2975.4
1831,2488.0,188.7595087774067,2967.4
1832,2493.8,187.72741444516222,2969.6
1833,2494.0,189.17002684384053,2975.8
1834,2493.6,188.53715252364944,2967.8
1835,2493.6,188.9323389935362,2971.6
1836,2491.8,188.91970034316657,2973.8
1837,2493.6,189.19128726752155,2973.6
1838,2493.8,188.40866815850532,2969.6
1839,2492.6,188.38406292487403,2969.6
1840,2491.6,188.5200741599749,2969.6
1841,2492.0,188.33645742799854,2969.4
1842,2493.6,187.95463185279945,2971.6
1843,2492.8,188.21519428469503,2973.4
1844,2491.8,188.53114084713894,2973.0
1845,2494.0,188.43515482801521,2976.4
1846,2495.6,188.99814691026097,2977.0
1847,2496.6,188.32228980335373,2975.0
1848,2488.6,187.34800590203284,2971.4
1849,2486.8,188.92766283959028,2963.8
1850,2485.2,190.28515665123126,2963.2
1851,2485.4,189.73718463936498,2961.4
1852,2487.4,190.18683015993318,2962.2
1853,2487.4,189.60049201244385,2965.0
1854,2486.4,190.5601983073644,2966.0
1855,2488.4,189.87457472715207,2963.2
1856,2486.8,189.32670001890912,2961.2
1857,2487.6,190.0638314919555,2967.0
1858,2485.6,190.74184589784775,2963.0
1859,2488.4,188.98267698344432,2963.2
1860,2488.6,189.1900325136853,2963.0
1861,2488.6,189.45073111955125,2967.2
1862,2489.6,189.39558996915824,2965.2
1863,2488.6,188.78140361566824,2967.0
1864,2488.6,189.44741392786602,2965.0
1865,2488.2,190.31417955375463,2969.2
1866,2488.2,190.80290378391885,2971.0
1867,2489.4,189.2429815157779,2970.0
1868,2486.7,191.37372969993933,2975.0
1869,2486.8,188.62933974676662,2967.8
1870,2485.8,187.7508914532387,2959.4
1871,2488.8,188.75487872557363,2969.2
1872,2490.6,187.59393638039938,2963.0
1873,2490.6,188.81272078034618,2968.2
1874,2492.4,188.59587608922382,2971.2
1875,2491.2,189.3328809470715,2969.2
1876,2490.0,188.63165488903653,2969.0
1877,2494.2,188.1187627261313,2971.0
1878,2490.2,188.89732263780812,2968.2
1879,2491.6,187.8895813312818,2969.0
1880,2491.8,187.29095544892456,2965.4
1881,2490.0,187.3994003453185,2969.8
1882,2489.6,186.58426405978437,2961.8
1883,2489.6,187.3639675537862,2964.8
1884,2489.6,187.27243460902878,2961.6
1885,2488.0,187.21791184428582,2963.8
1886,2489.8,187.0026719045447,2961.8
1887,2490.8,187.03503304169377,2965.4
1888,2490.0,187.23180390360426,2965.4
1889,2481.6,186.6658442642218,2963.8
1890,2479.8,188.12648375563873,2951.6
1891,2479.6,188.1158626526223,2951.6
1892,2480.0,188.1582880330587,2951.4
1893,2478.6,188.48438483539343,2951.4
1894,2477.4,188.4745599324725,2947.8
1895,2477.6,188.15464867303996,2949.6
1896,2477.6,189.24200173401442,2955.6
1897,2477.8,188.5664096930477,2949.8
1898,2477.6,188.5684453732755,2949.0
1899,2477.6,188.4003724778208,2950.4
1900,2477.8,187.5873041433282,2949.4
1901,2477.8,187.60782315866774,2949.6
1902,2479.4,187.83537698492813,2953.8
1903,2479.4,187.3093586927907,2949.4
1904,2479.6,187.31631130757373,2949.4
1905,2477.6,187.32948625411333,2949.6
1906,2477.8,187.3095108755846,2947.6
1907,2477.6,187.40003819418345,2949.6
1908,2477.8,187.16245193563557,2949.4
1909,2478.0,187.28319867146737,2951.6
1910,2479.6,187.75127883465817,2955.6
1911,2481.8,187.49536709673777,2955.6
1912,2481.8,187.24618220012832,2951.8
1913,2477.6,189.31777778528834,2955.6
1914,2479.8,187.02795343123532,2951.6
1915,2481.4,189.5717527473582,2957.6
1916,2477.6,188.34965933810128,2953.4
1917,2478.2,187.81901537971402,2955.8
1918,2477.6,187.51633656667212,2951.4
1919,2481.4,188.14826475199575,2953.6
1920,2479.8,188.15930714607194,2954.6
1921,2479.8,188.00548178378295,2953.4
1922,2477.8,188.17948153131303,2955.4
1923,2477.8,188.4693027902367,2957.4
1924,2475.8,186.8794456500767,2947.4
1925,2477.8,186.39871541999702,2948.6
1926,2479.4,186.2005479809524,2947.6
1927,2481.4,186.69525932284543,2951.4
1928,2478.0,186.96619307657983,2947.6
1929,2475.8,186.79216722327575,2945.6
1930,2481.6,185.79327447667956,2953.8
1931,2477.8,187.38486283636215,2951.6
1932,2480.6,186.8486971373787,2951.6
1933,2477.6,187.1692941488024,2947.8
1934,2479.6,189.0551496318714,2963.6
1935,2477.6,187.64754416932504,2951.6
1936,2477.6,186.98570127777847,2947.4
1937,2477.8,189.1906551353175,2959.4
1938,2475.6,187.02836139885346,2949.4
1939,2475.8,187.05695746611354,2947.4
1940,2503.8,187.30586181684416,2981.6
1941,2500.0,190.88449101685555,2979.6
1942,2501.6,190.52257793569444,2981.6
1943,2497.8,191.00876677026127,2977.6
1944,2501.8,190.53189262407264,2981.6
1945,2498.9,190.88440463407247,2977.8
1946,2501.2,190.43080786108638,2980.6
1947,2498.0,190.50910848512777,2979.4
1948,2499.6,190.3083297975348,2979.6
1949,2495.6,190.65460859411516,2975.6
1950,2495.6,190.56276516260394,2975.4
1951,2495.4,190.04856289899226,2975.4
1952,2497.8,189.79941266808018,2977.8
1953,2495.4,190.12388216154756,2975.8
1954,2497.8,189.62971885080475,2976.4
1955,2493.8,190.4070107648883,2973.8
1956,2494.0,189.32062804242776,2973.8
1957,2497.8,190.06435645589818,2979.6
1958,2493.6,190.68252808218915,2975.6
1959,2494.0,189.68971843674692,2975.6
1960,2495.6,190.19695565204358,2977.8
1961,2492.6,189.4901132156327,2973.4
1962,2490.0,189.42556486802363,2971.0
1963,2497.0,188.70236905844976,2978.0
1964,2500.8,189.2359318984262,2979.0
1965,2498.0,188.62523581281724,2977.2
1966,2489.8,189.26365196985145,2975.0
1967,2489.8,189.05044027203445,2969.8
1968,2489.4,188.83426229129626,2965.8
1969,2489.4,189.43426079475705,2970.0
1970,2491.6,189.3713153573688,2971.6
1971,2493.8,188.6495357475121,2973.6
1972,2491.8,188.97904418431372,2971.8
1973,2494.0,188.69880440265837,2973.6
1974,2491.6,188.7792314602036,2969.8
1975,2491.4,188.34620919312277,2969.6
1976,2492.0,188.1662826471422,2969.0
1977,2490.0,189.03133350630017,2971.4
1978,2493.4,188.37975751857206,2969.4
1979,2489.4,188.70067301696668,2967.6
1980,2495.4,188.1356193982798,2969.6
1981,2480.8,189.27583184195296,2969.4
1982,2481.0,189.6186493420288,2955.6
1983,2481.6,189.34668260604553,2957.4
1984,2483.8,189.8327447204255,2961.4
1985,2481.6,189.73747704043916,2955.4
1986,2482.0,189.82081142324841,2957.8
1987,2483.8,188.99457116707697,2958.4
1988,2483.6,189.41099302101293,2957.4
1989,2485.8,190.0568034358963,2963.6
1990,2485.2,190.51910981456453,2960.6
1991,2484.0,189.5863491139608,2959.4
1992,2484.2,189.01021836331103,2957.6
1993,2483.8,189.1976556987524,2959.6
1994,2483.6,189.57038840015693,2963.6
1995,2483.8,188.78369042254988,2959.6
1996,2485.6,188.97053519655995,2957.6
1997,2484.8,189.58220407404403,2963.8
1998,2483.8,189.03369412133608,2959.4
1999,2482.8,188.7179950514036,2959.4
2000,2481.6,189.59147823397328,2959.6
2001,2483.6,189.35710149068655,2961.4
2002,2482.0,188.73486755650325,2959.4
2003,2481.6,188.7680180952782,2959.6
2004,2484.4,189.25024525110527,2965.6
2005,2483.6,189.01577470904476,2961.6
2006,2483.4,188.1907548869667,2955.8
2007,2484.0,188.0824357820807,2959.4
2008,2485.4,188.09910600743345,2958.6
2009,2485.2,188.61080730374906,2960.4
2010,2485.6,188.1988549554699,2959.8
2011,2483.8,188.78693696265157,2963.6
2012,2482.0,189.14837683219235,2961.4
2013,2483.6,187.69963547513476,2957.6
2014,2483.8,189.73516452159896,2964.6
2015,2483.8,188.98983988950076,2961.8
2016,2484.0,187.55165412913138,2961.6
2017,2484.2,187.84306398958074,2958.4
2018,2484.4,187.67851632883855,2955.8
2019,2485.8,187.4899132691666,2957.8
2020,2485.8,187.6235261858401,2958.6
2021,2485.4,187.7332148574144,2959.6
2022,2477.4,187.5625755011386,2958.6
2023,2472.8,190.14476364224026,2951.0
2024,2473.6,188.95055681995336,2945.8
2025,2473.8,188.83705259892469,2947.6
2026,2475.6,188.34443119024152,2945.4
2027,2475.4,189.1918470143248,2947.8
2028,2475.0,188.37876631887733,2945.6
2029,2473.8,188.58385230762786,2945.6
2030,2473.6,189.39388303365905,2950.4
2031,2476.4,188.69588349412967,2953.4
2032,2477.4,189.13791809719854,2955.8
2033,2477.8,187.8980960478719,2947.4
2034,2477.6,188.17882665666505,2949.6
2035,2475.8,187.94669962162678,2949.6
2036,2475.8,188.44695882556448,2949.8
2037,2475.8,188.3493094338449,2949.4
2038,2476.4,188.25671024263858,2949.6
2039,2477.8,188.2270983539689,2951.6
2040,2477.6,188.58517590847043,2951.4
2041,2477.4,188.49281579314268,2949.4
2042,2475.6,188.59726338870777,2949.6
2043,2477.6,187.4912816952231,2945.6
2044,2475.8,188.10941344911544,2947.6
2045,2475.8,187.82891147345825,2946.4
2046,2474.2,187.78326212391505,2945.6
2047,2475.8,187.68800126331624,2949.6
2048,2475.6,187.7945729158401,2947.8
2049,2475.4,188.00493702397762,2951.6
2050,2473.6,188.52418761653922,2949.6
2051,2473.8,186.83287361121933,2944.6
2052,2475.8,187.3211187833085,2949.4
2053,2475.8,187.50486317509842,2947.6
2054,2477.8,187.2407949070531,2947.6
2055,2476.6,187.26474365402927,2947.4
2056,2475.8,187.57136772363162,2949.6
2057,2475.8,187.10923838204835,2945.6
2058,2475.6,186.9370885003073,2949.6
2059,2475.8,187.34132094504528,2949.6
2060,2475.4,187.58677047755714,2945.8
2061,2475.4,187.36490854030998,2949.4
2062,2476.0,187.1582793198987,2949.4
2063,2481.6,187.22637987652587,2961.6
2064,2479.4,187.88615701646677,2949.8
2065,2477.8,187.54320785408606,2951.4
2066,2477.8,187.20084839253633,2947.8
2067,2477.8,187.21714197754594,2947.4
2068,2478.0,187.0131598764288,2946.8
2069,2480.0,186.99544500994068,2951.4
2070,2479.8,187.65826530783661,2953.4
2071,2479.6,187.2245129460622,2951.4
2072,2477.8,187.84376006434553,2949.8
2073,2501.8,188.56838925007983,2983.8
2074,2501.6,190.8438688578182,2981.4
2075,2499.8,191.30479645800884,2982.4
2076,2499.6,190.6231926060558,2981.6
2077,2499.6,190.67006906242065,2978.4
2078,2499.6,190.641736106245,2977.4
2079,2499.2,190.68236036186218,2977.8
2080,2497.8,190.73637868999063,2977.4
2081,2500.6,191.0033941236677,2979.0
2082,2500.4,191.57248346221905,2985.0
2083,2498.0,191.58543339855976,2983.0
2084,2496.4,190.0437493168734,2973.8
2085,2497.4,189.74085478482127,2977.2
2086,2502.0,189.58276416073102,2981.0
2087,2499.8,190.10611750377402,2979.8
2088,2499.6,190.0723906554565,2981.4
2089,2499.2,190.86654193463005,2983.0
2090,2499.6,189.41852303616335,2975.6
2091,2499.6,189.7414602790431,2977.6
2092,2497.6,189.56388307720115,2981.6
2093,2496.8,189.8772677075695,2973.8
2094,2497.6,188.87092778021446,2975.8
2095,2498.2,189.05852645069862,2977.6
2096,2497.8,188.8389246896845,2975.8
2097,2501.8,188.4446442780377,2978.8
2098,2498.0,189.62894495770144,2977.6
2099,2499.6,188.84216797203263,2975.8
2100,2497.6,189.5523798520467,2975.6
2101,2498.0,188.9751596830258,2977.8
2102,2498.2,189.32061807284347,2975.8
2103,2497.4,189.54704499422917,2977.6
2104,2497.8,188.5562211488602,2975.4
2105,2498.4,189.0663621592841,2978.0
2106,2500.0,188.96811922318008,2979.6
2107,2499.6,188.7141283796488,2977.6
2108,2498.8,188.6573119087136,2979.4
2109,2499.6,188.76066025762225,2975.4
2110,2500.9,188.3021833279716,2977.6
2111,2500.6,188.74246987306415,2977.4
2112,2499.8,189.75135498080567,2981.8
2113,2496.0,189.31845987459096,2975.8
2114,2485.6,188.74390558071326,2969.4
2115,2484.6,190.3144966050981,2960.6
2116,2483.6,189.9532781796112,2957.6
2117,2486.0,189.5005705568872,2960.6
2118,2487.6,189.65087605284128,2963.6
2119,2486.8,190.05795167483123,2965.4
2120,2487.4,189.92518853818083,2963.4
2121,2485.8,190.24284797506365,2964.4
2122,2484.2,190.76048829557098,2966.4
2123,2485.6,189.8299075329429,2961.6
2124,2481.6,191.79634611782194,2965.2
2125,2481.8,189.5647963832337,2959.6
2126,2483.8,189.36886762268355,2958.4
2127,2483.8,189.9759527267484,2965.2
2128,2483.8,189.5592539498276,2961.6
2129,2485.8,188.83757969181576,2961.8
2130,2487.6,189.0198458425092,2961.8
2131,2485.8,189.21346674112527,2961.0
2132,2487.4,188.93943751375642,2960.4
2133,2487.2,188.9153242130287,2963.2
2134,2484.8,189.54652540932534,2961.6
2135,2485.5,188.00867431116467,2965.8
2136,2485.6,188.4956289935229,2958.6
2137,2484.6,188.78795176324633,2961.8
2138,2485.8,188.34028680281205,2961.4
2139,2485.6,188.4546969396795,2960.6
2140,2485.8,189.0873074145903,2960.4
2141,2485.8,188.83305146030617,2961.6
2142,2486.8,188.28572883026942,2959.8
2143,2487.6,188.84590715903977,2963.6
2144,2485.8,189.14630157880475,2963.6
2145,2486.4,188.34643859517882,2963.6
2146,2485.8,188.36305419655218,2962.4
2147,2487.6,188.7105029311608,2963.6
2148,2487.6,188.35533844814665,2962.4
2149,2487.6,187.97530136847672,2963.6
2150,2487.8,188.2917221452755,2965.6
2151,2488.6,187.5983266195759,2967.6
2152,2483.4,189.51086420322144,2965.8
2153,2484.0,187.40516586271576,2959.0
2154,2486.0,189.09206288513693,2963.2
2155,2477.2,188.08410552942627,2959.0
2156,2476.0,190.47688251641506,2951.0
2157,2475.6,188.99369149982525,2947.4
2158,2478.0,188.84714370932403,2950.8
2159,2473.8,187.7461119935386,2942.4
2160,2476.8,190.00725497466158,2952.2
2161,2480.6,188.50193205516572,2951.0
2162,2480.8,189.2208560419695,2949.2
2163,2480.4,189.35647463850094,2953.2
2164,2480.0,188.9865843656767,2953.0
2165,2482.2,188.82039799285081,2951.2
2166,2482.6,188.34580737871073,2949.6
2167,2480.2,188.9995711448249,2951.4
2168,2478.0,188.56934195560478,2951.2
2169,2480.4,187.01875835125406,2950.2
2170,2480.4,188.46568155898606,2953.6
2171,2478.4,187.85575151460867,2949.6
2172,2479.8,188.0486666756944,2951.6
2173,2479.8,187.85804887306077,2951.4
2174,2479.8,187.96306861116585,2949.8
2175,2476.2,188.21499204715838,2949.6
2176,2475.8,188.09397994689854,2949.8
2177,2475.6,188.0584339192246,2951.0
2178,2475.6,187.46799403399822,2946.6
2179,2475.4,188.37961938633092,2950.0
2180,2477.4,186.92279035956224,2947.6
2181,2480.8,187.59535198225876,2953.4
2182,2481.6,187.1557870029235,2956.8
2183,2480.0,187.4920548783049,2951.0
2184,2481.8,187.00968071525122,2953.4
2185,2481.0,187.51070976798945,2953.6
2186,2479.8,186.8244612168074,2949.8
2187,2482.6,187.4610035612694,2953.0
2188,2481.6,186.58879616281305,2949.8
2189,2484.4,186.75082259470764,2952.0
2190,2484.2,186.74581648592783,2951.0
2191,2484.0,187.24872584476324,2953.4
2192,2484.6,186.3400598615528,2955.8
2193,2484.4,186.7292231517571,2954.0
2194,2484.4,187.97798699822505,2953.0
2195,2484.0,187.49561755299547,2955.2
2196,2486.2,187.75032438533015,2961.0
2197,2484.8,187.55213662322683,2957.0
2198,2486.0,186.74079845291806,2953.4
2199,2486.4,187.11861153727406,2957.2
2200,2481.6,187.53021170373898,2953.2
2201,2481.6,187.06203149087509,2950.8
2202,2480.6,186.84623223307315,2949.4
2203,2481.8,186.7998160646021,2951.6
2204,2483.4,186.5295352208195,2951.4
