cycle,SE,SE_delta
0,68.039,
1,68.264,0.22499999999999432
2,68.595,0.33100000000000307
3,68.628,0.03300000000000125
4,68.868,0.23999999999999488
5,68.972,0.1039999999999992
6,68.512,-0.45999999999999375
7,68.566,0.054000000000002046
8,68.697,0.13100000000000023
9,68.854,0.15699999999999648
10,68.832,-0.02200000000000557
11,68.771,-0.06099999999999284
12,68.696,-0.07500000000000284
13,68.639,-0.05700000000000216
14,69.008,0.3689999999999998
15,68.845,-0.1629999999999967
16,68.955,0.10999999999999943
17,69.066,0.1110000000000042
18,69.121,0.05499999999999261
19,69.089,-0.031999999999996476
20,69.457,0.367999999999995
21,69.094,-0.36299999999999955
22,69.266,0.17200000000001125
23,69.544,0.2779999999999916
24,69.512,-0.031999999999996476
25,69.645,0.13299999999999557
26,69.32,-0.32500000000000284
27,68.923,-0.39699999999999136
28,69.12,0.19700000000000273
29,69.269,0.1490000000000009
30,69.147,-0.12199999999999989
31,69.09,-0.05700000000000216
32,69.166,0.0759999999999934
33,69.217,0.05100000000000193
34,69.216,-0.0010000000000047748
35,69.196,-0.01999999999999602
36,69.107,-0.08899999999999864
37,69.128,0.021000000000000796
38,68.889,-0.23900000000000432
39,68.946,0.05700000000000216
40,69.148,0.20199999999999818
41,68.989,-0.15899999999999181
42,69.118,0.12899999999999068
43,68.943,-0.17499999999999716
44,69.134,0.1910000000000025
45,69.019,-0.11499999999999488
46,69.158,0.1389999999999958
47,69.141,-0.016999999999995907
48,69.201,0.05999999999998806
49,69.341,0.14000000000000057
50,69.234,-0.10699999999999932
51,69.187,-0.046999999999997044
52,69.226,0.03900000000000148
53,69.265,0.03900000000000148
54,69.117,-0.14799999999999613
55,69.349,0.23199999999999932
56,69.368,0.018999999999991246
57,69.233,-0.1349999999999909
58,69.311,0.07800000000000296
59,69.258,-0.05300000000001148
60,69.188,-0.06999999999999318
61,69.368,0.1799999999999926
62,69.268,-0.09999999999999432
63,69.435,0.1670000000000016
64,69.343,-0.09199999999999875
65,69.341,-0.0020000000000095497
66,69.339,-0.001999999999995339
67,69.284,-0.05499999999999261
68,69.388,0.1039999999999992
69,69.333,-0.05500000000000682
70,69.304,-0.028999999999996362
71,69.33,0.02599999999999625
72,69.343,0.01300000000000523
73,69.27,-0.0730000000000075
74,69.35,0.0799999999999983
75,69.395,0.045000000000001705
76,69.459,0.06400000000000716
77,69.357,-0.10200000000000387
78,69.568,0.21099999999999852
79,69.426,-0.1419999999999959
80,69.414,-0.012000000000000455
81,69.398,-0.016000000000005343
82,69.612,0.21399999999999864
83,69.606,-0.006000000000000227
84,69.546,-0.05999999999998806
85,69.646,0.09999999999999432
86,69.653,0.007000000000005002
87,69.406,-0.2469999999999999
88,69.906,0.5
89,69.803,-0.10300000000000864
90,70.111,0.30800000000000693
91,69.798,-0.3130000000000024
92,70.037,0.23900000000000432
93,69.828,-0.20900000000000318
94,70.23,0.402000000000001
95,69.843,-0.38700000000000045
96,70.104,0.2609999999999957
97,70.136,0.031999999999996476
98,70.364,0.22800000000000864
99,70.425,0.06099999999999284
100,70.288,-0.13700000000000045
101,70.34,0.05200000000000671
102,70.453,0.11299999999999955
103,70.384,-0.06900000000000261
104,69.982,-0.402000000000001
105,70.364,0.382000000000005
106,70.416,0.0519999999999925
107,70.347,-0.06900000000000261
108,70.38,0.03300000000000125
109,70.388,0.008000000000009777
110,70.263,-0.125
111,70.128,-0.13500000000000512
112,70.059,-0.06900000000000261
113,70.282,0.22299999999999898
114,70.106,-0.17600000000000193
115,70.219,0.11299999999999955
116,70.221,0.0020000000000095497
117,70.142,-0.07900000000000773
118,70.008,-0.13400000000000034
119,70.196,0.1880000000000024
120,70.325,0.1290000000000049
121,70.182,-0.14300000000000068
122,70.133,-0.049000000000006594
123,70.24,0.10699999999999932
124,70.093,-0.14699999999999136
125,70.22,0.12699999999999534
126,70.095,-0.125
127,70.301,0.20600000000000307
128,70.218,-0.08299999999999841
129,70.48,0.26200000000000045
130,70.363,-0.11700000000000443
131,70.126,-0.23699999999999477
132,70.243,0.11699999999999022
133,70.104,-0.1389999999999958
134,70.14,0.036000000000001364
135,70.189,0.04899999999999238
136,69.803,-0.3859999999999957
137,70.305,0.5020000000000095
138,70.041,-0.26400000000001
139,69.912,-0.12899999999999068
140,69.875,-0.03700000000000614
141,69.829,-0.04600000000000648
142,70.003,0.1740000000000066
143,69.976,-0.027000000000001023
144,70.025,0.049000000000006594
145,70.022,-0.0030000000000001137
146,69.912,-0.10999999999999943
147,69.923,0.01099999999999568
148,70.12,0.19700000000000273
149,70.011,-0.10900000000000887
150,69.892,-0.11899999999999977
151,69.879,-0.012999999999991019
152,70.008,0.12899999999999068
153,69.917,-0.09099999999999397
154,70.028,0.1110000000000042
155,69.949,-0.07900000000000773
156,69.902,-0.046999999999997044
157,69.921,0.019000000000005457
158,69.856,-0.06500000000001194
159,70.021,0.16500000000000625
160,69.749,-0.27200000000000557
161,69.786,0.03700000000000614
162,69.938,0.15200000000000102
163,69.764,-0.1740000000000066
164,69.724,-0.03999999999999204
165,69.836,0.11199999999999477
166,69.65,-0.18599999999999284
167,69.713,0.06299999999998818
168,69.92,0.20700000000000784
169,69.841,-0.07900000000000773
170,69.807,-0.033999999999991815
171,69.921,0.11400000000000432
172,69.804,-0.11700000000000443
173,69.84,0.036000000000001364
174,69.639,-0.20100000000000762
175,69.817,0.17799999999999727
176,69.984,0.1670000000000016
177,69.675,-0.3089999999999975
178,69.763,0.08800000000000807
179,69.807,0.04399999999999693
180,69.976,0.16899999999999693
181,69.79,-0.18599999999999284
182,69.871,0.08099999999998886
183,69.899,0.028000000000005798
184,69.891,-0.007999999999995566
185,69.978,0.08699999999998909
186,69.803,-0.17499999999999716
187,69.918,0.1150000000000091
188,69.842,-0.07600000000000762
189,69.821,-0.021000000000000796
190,69.717,-0.1039999999999992
191,69.83,0.11299999999999955
192,69.728,-0.10200000000000387
193,69.727,-0.000999999999990564
194,69.726,-0.0010000000000047748
195,69.726,0.0
196,69.77,0.04399999999999693
197,69.801,0.03100000000000591
198,69.815,0.013999999999995794
199,69.754,-0.06099999999999284
200,69.571,-0.18300000000000693
201,69.496,-0.07500000000000284
202,69.64,0.14400000000000546
203,69.744,0.1039999999999992
204,69.69,-0.054000000000002046
205,69.558,-0.1319999999999908
206,69.555,-0.0030000000000001137
207,69.588,0.03299999999998704
208,69.575,-0.012999999999991019
209,69.569,-0.006000000000000227
210,69.599,0.030000000000001137
211,65.313,-4.286000000000001
212,10.877,-54.436
213,68.002,57.12499999999999
214,66.416,-1.5859999999999985
215,65.148,-1.2680000000000007
216,65.401,0.2530000000000001
217,65.263,-0.13799999999999102
218,65.615,0.35199999999998965
219,65.549,-0.06599999999998829
220,65.369,-0.18000000000000682
221,65.297,-0.07200000000000273
222,65.237,-0.060000000000002274
223,65.122,-0.11499999999999488
224,65.305,0.18300000000000693
225,65.217,-0.08800000000000807
226,65.309,0.09199999999999875
227,65.244,-0.06499999999999773
228,65.301,0.05700000000000216
229,65.262,-0.03900000000000148
230,65.217,-0.045000000000001705
231,65.324,0.10699999999999932
232,65.281,-0.042999999999992156
233,65.265,-0.016000000000005343
234,65.385,0.12000000000000455
235,65.221,-0.16400000000000148
236,65.23,0.009000000000000341
237,65.368,0.13799999999999102
238,65.269,-0.09899999999998954
239,65.392,0.12299999999999045
240,65.29,-0.10199999999998965
241,65.299,0.009000000000000341
242,65.375,0.0759999999999934
243,65.147,-0.22799999999999443
244,65.271,0.12399999999999523
245,65.148,-0.12300000000000466
246,65.23,0.08200000000000784
247,65.247,0.016999999999995907
248,10.784,-54.463
249,65.61,54.826
250,65.183,-0.4269999999999925
251,65.34,0.15699999999999648
252,66.969,1.6289999999999907
253,66.618,-0.3509999999999991
254,66.784,0.16600000000001103
255,66.808,0.02400000000000091
256,66.813,0.0049999999999954525
257,66.866,0.05299999999999727
258,66.62,-0.2459999999999951
259,66.636,0.015999999999991132
260,66.69,0.054000000000002046
261,66.637,-0.05299999999999727
262,66.747,0.10999999999999943
263,66.673,-0.07399999999999807
264,66.728,0.05499999999999261
265,66.668,-0.05999999999998806
266,66.686,0.018000000000000682
267,66.604,-0.08200000000000784
268,66.774,0.1700000000000017
269,66.645,-0.1290000000000049
270,66.696,0.05100000000000193
271,66.754,0.058000000000006935
272,66.809,0.05499999999999261
273,66.789,-0.01999999999999602
274,66.791,0.001999999999995339
275,66.715,-0.0759999999999934
276,66.705,-0.010000000000005116
277,66.588,-0.11700000000000443
278,66.651,0.06300000000000239
279,66.656,0.005000000000009663
280,66.711,0.05499999999999261
281,66.646,-0.06499999999999773
282,66.66,0.013999999999995794
283,66.564,-0.09600000000000364
284,66.581,0.017000000000010118
285,66.527,-0.054000000000002046
286,66.651,0.12399999999999523
287,66.619,-0.031999999999996476
288,66.628,0.009000000000000341
289,66.686,0.058000000000006935
290,66.762,0.0759999999999934
291,66.761,-0.0010000000000047748
292,66.688,-0.07299999999999329
293,69.552,2.8640000000000043
294,69.505,-0.047000000000011255
295,69.631,0.12600000000000477
296,69.725,0.09399999999999409
297,69.65,-0.07499999999998863
298,69.701,0.05099999999998772
299,69.653,-0.04799999999998761
300,69.633,-0.020000000000010232
301,69.587,-0.04599999999999227
302,69.559,-0.028000000000005798
303,69.44,-0.11899999999999977
304,69.282,-0.15800000000000125
305,69.478,0.19599999999999795
306,69.6,0.12199999999999989
307,69.521,-0.07899999999999352
308,69.36,-0.16100000000000136
309,69.614,0.2540000000000049
310,69.605,-0.009000000000000341
311,69.524,-0.08100000000000307
312,69.461,-0.06300000000000239
313,69.513,0.05200000000000671
314,69.529,0.015999999999991132
315,69.498,-0.0309999999999917
316,69.58,0.08199999999999363
317,69.523,-0.05700000000000216
318,69.524,0.0010000000000047748
319,69.438,-0.08599999999999852
320,69.53,0.09199999999999875
321,69.416,-0.11400000000000432
322,69.449,0.03300000000000125
323,69.497,0.04800000000000182
324,69.428,-0.06900000000000261
325,69.543,0.1150000000000091
326,69.703,0.1599999999999966
327,69.463,-0.2400000000000091
328,69.569,0.10600000000000875
329,69.513,-0.055999999999997385
330,69.438,-0.07500000000000284
331,69.455,0.016999999999995907
332,69.358,-0.0969999999999942
333,69.299,-0.0589999999999975
334,69.01,-0.2890000000000015
335,68.967,-0.043000000000006366
336,68.792,-0.17499999999999716
337,68.914,0.12199999999999989
338,69.036,0.12199999999999989
339,68.966,-0.07000000000000739
340,68.871,-0.09499999999999886
341,69.063,0.19200000000000728
342,69.19,0.12699999999999534
343,69.16,-0.030000000000001137
344,65.229,-3.9309999999999974
345,64.879,-0.3499999999999943
346,65.233,0.3539999999999992
347,65.016,-0.21699999999999875
348,65.066,0.04999999999999716
349,65.258,0.19199999999999307
350,65.078,-0.1799999999999926
351,64.779,-0.2990000000000066
352,65.284,0.5050000000000097
353,64.987,-0.29700000000001125
354,65.358,0.3710000000000093
355,65.218,-0.14000000000000057
356,65.33,0.11199999999999477
357,65.029,-0.30100000000000193
358,65.215,0.18600000000000705
359,64.989,-0.2259999999999991
360,65.124,0.1349999999999909
361,65.249,0.125
362,65.095,-0.15399999999999636
363,65.301,0.20600000000000307
364,65.186,-0.11499999999999488
365,65.149,-0.03700000000000614
366,65.124,-0.025000000000005684
367,65.027,-0.0969999999999942
368,65.2,0.17300000000000182
369,65.422,0.2219999999999942
370,65.109,-0.3130000000000024
371,11.237,-53.87199999999999
372,65.236,53.999
373,64.907,-0.32900000000000773
374,65.098,0.1910000000000025
375,64.994,-0.1039999999999992
376,65.145,0.15099999999999625
377,65.094,-0.05100000000000193
378,65.128,0.034000000000006025
379,65.126,-0.001999999999995339
380,65.21,0.08399999999998897
381,65.099,-0.11099999999999
382,64.936,-0.1629999999999967
383,65.056,0.11999999999999034
384,64.644,-0.41199999999999193
385,66.346,1.7019999999999982
386,66.575,0.2289999999999992
387,66.507,-0.06799999999999784
388,66.141,-0.36599999999999966
389,11.677,-54.464000000000006
390,66.237,54.559999999999995
391,66.694,0.45700000000000784
392,66.609,-0.08500000000000796
393,66.444,-0.16499999999999204
394,66.014,-0.4300000000000068
395,66.563,0.5490000000000066
396,11.39,-55.173
397,66.179,54.789
398,66.423,0.24399999999999977
399,66.782,0.35899999999999466
400,66.459,-0.3229999999999933
401,66.637,0.17799999999999727
402,66.638,0.0010000000000047748
403,66.639,0.000999999999990564
404,66.235,-0.40399999999999636
405,66.456,0.22100000000000364
406,66.408,-0.04800000000000182
407,66.471,0.06300000000000239
408,66.412,-0.0589999999999975
409,66.581,0.16899999999999693
410,66.563,-0.018000000000000682
411,66.473,-0.09000000000000341
412,66.456,-0.016999999999995907
413,66.526,0.06999999999999318
414,66.142,-0.38400000000000034
415,66.449,0.30700000000000216
416,66.506,0.05700000000000216
417,66.627,0.12099999999999511
418,66.001,-0.6259999999999906
419,66.57,0.5689999999999884
420,66.377,-0.19299999999999784
421,66.167,-0.20999999999999375
422,66.571,0.40399999999999636
423,66.582,0.01099999999999568
424,66.492,-0.0899999999999892
425,66.577,0.08499999999999375
426,68.841,2.263999999999996
427,68.783,-0.057999999999992724
428,69.181,0.39799999999999613
429,68.933,-0.24799999999999045
430,68.869,-0.06400000000000716
431,68.99,0.12099999999999511
432,69.076,0.08599999999999852
433,68.903,-0.1729999999999876
434,69.017,0.11399999999999011
435,69.216,0.19899999999999807
436,69.073,-0.14300000000000068
437,68.982,-0.09099999999999397
438,69.027,0.045000000000001705
439,68.878,-0.1490000000000009
440,68.863,-0.015000000000000568
441,68.651,-0.2120000000000033
442,68.802,0.15100000000001046
443,68.614,-0.1880000000000024
444,69.046,0.43200000000000216
445,68.92,-0.12600000000000477
446,68.947,0.027000000000001023
447,69.139,0.19199999999999307
448,68.765,-0.3739999999999952
449,68.986,0.22100000000000364
450,69.038,0.0519999999999925
451,68.998,-0.03999999999999204
452,68.929,-0.06900000000000261
453,68.912,-0.016999999999995907
454,68.758,-0.15400000000001057
455,68.875,0.11700000000000443
456,68.855,-0.01999999999999602
457,68.999,0.14399999999999125
458,68.927,-0.07199999999998852
459,68.868,-0.05900000000001171
460,68.755,-0.11299999999999955
461,68.662,-0.09299999999998931
462,68.905,0.242999999999995
463,68.86,-0.045000000000001705
464,11.375,-57.485
465,68.95,57.575
466,68.706,-0.24399999999999977
467,68.954,0.24799999999999045
468,68.983,0.029000000000010573
469,68.681,-0.3020000000000067
470,69.18,0.49900000000000944
471,69.087,-0.09300000000000352
472,69.016,-0.07099999999999795
473,68.884,-0.132000000000005
474,69.012,0.1280000000000001
475,69.015,0.0030000000000001137
476,68.822,-0.19299999999999784
477,64.943,-3.879000000000005
478,65.155,0.2120000000000033
479,65.16,0.0049999999999954525
480,65.04,-0.11999999999999034
481,65.152,0.11199999999999477
482,65.101,-0.05100000000000193
483,65.196,0.09499999999999886
484,11.149,-54.047
485,65.216,54.06699999999999
486,64.887,-0.3289999999999935
487,65.1,0.21299999999999386
488,64.993,-0.10699999999999932
489,65.095,0.10200000000000387
490,64.907,-0.1880000000000024
491,64.896,-0.01099999999999568
492,65.028,0.132000000000005
493,64.958,-0.07000000000000739
494,64.831,-0.12699999999999534
495,65.025,0.19400000000000261
496,64.51,-0.5150000000000006
497,65.021,0.5109999999999957
498,64.926,-0.09499999999999886
499,64.916,-0.010000000000005116
500,11.375,-53.541
501,65.206,53.831
502,65.004,-0.20199999999999818
503,64.956,-0.04800000000000182
504,64.985,0.028999999999996362
505,65.103,0.117999999999995
506,65.089,-0.013999999999995794
507,64.895,-0.19400000000000261
508,65.019,0.12400000000000944
509,64.974,-0.045000000000001705
510,64.94,-0.034000000000006025
511,65.146,0.20600000000000307
512,65.18,0.034000000000006025
513,65.095,-0.08500000000000796
514,65.065,-0.030000000000001137
515,65.205,0.14000000000000057
516,65.172,-0.03300000000000125
517,64.939,-0.2330000000000041
518,66.347,1.4080000000000013
519,66.801,0.45400000000000773
520,66.609,-0.19200000000000728
521,66.854,0.24500000000000455
522,66.618,-0.2360000000000042
523,66.558,-0.05999999999998806
524,66.474,-0.08400000000000318
525,66.341,-0.13300000000000978
526,66.674,0.3330000000000126
527,66.407,-0.2670000000000101
528,66.173,-0.23399999999999466
529,66.201,0.027999999999991587
530,66.0,-0.2009999999999934
531,66.598,0.597999999999999
532,66.548,-0.04999999999999716
533,66.025,-0.5229999999999961
534,66.489,0.46399999999999864
535,66.466,-0.023000000000010346
536,66.896,0.4300000000000068
537,66.596,-0.29999999999999716
538,67.238,0.6419999999999959
539,67.034,-0.20399999999999352
540,66.902,-0.132000000000005
541,66.54,-0.36199999999999477
542,66.613,0.07299999999999329
543,66.964,0.3509999999999991
544,66.895,-0.06900000000000261
545,66.705,-0.18999999999999773
546,66.509,-0.19599999999999795
547,66.829,0.3199999999999932
548,66.765,-0.06399999999999295
549,66.91,0.14499999999999602
550,66.631,-0.27899999999999636
551,66.768,0.13700000000000045
552,66.859,0.09099999999999397
553,66.709,-0.14999999999999147
554,66.956,0.2469999999999999
555,67.161,0.2049999999999983
556,66.701,-0.46000000000000796
557,67.056,0.355000000000004
558,66.791,-0.26500000000000057
559,69.675,2.8840000000000003
560,69.141,-0.5339999999999918
561,69.432,0.2909999999999968
562,69.678,0.2459999999999951
563,69.542,-0.13599999999999568
564,69.135,-0.4069999999999965
565,68.831,-0.30400000000000205
566,70.197,1.3659999999999997
567,69.337,-0.8599999999999994
568,69.018,-0.3190000000000026
569,69.42,0.402000000000001
570,69.416,-0.0040000000000048885
571,69.43,0.014000000000010004
572,70.22,0.789999999999992
573,69.298,-0.921999999999997
574,69.445,0.14699999999999136
575,70.181,0.7360000000000042
576,69.871,-0.3100000000000023
577,69.091,-0.7800000000000011
578,70.069,0.9780000000000086
579,69.093,-0.9759999999999991
580,69.497,0.40399999999999636
581,69.097,-0.4000000000000057
582,69.444,0.3470000000000084
583,69.356,-0.08800000000000807
584,69.629,0.27300000000001035
585,69.405,-0.22400000000000375
586,69.57,0.16499999999999204
587,69.785,0.2150000000000034
588,69.867,0.08200000000000784
589,69.066,-0.8010000000000019
590,68.848,-0.21800000000000352
591,69.229,0.3810000000000002
592,11.561,-57.668
593,69.727,58.166000000000004
594,69.752,0.024999999999991473
595,69.944,0.19200000000000728
596,69.568,-0.3760000000000048
597,69.648,0.0799999999999983
598,69.194,-0.4539999999999935
599,69.086,-0.10800000000000409
600,69.169,0.08299999999999841
601,69.184,0.015000000000000568
602,69.333,0.1490000000000009
603,69.067,-0.26600000000000534
604,69.551,0.48400000000000887
605,69.454,-0.09700000000000841
606,69.389,-0.06499999999999773
607,69.281,-0.10799999999998988
608,69.313,0.031999999999996476
609,69.367,0.054000000000002046
610,65.488,-3.879000000000005
611,65.379,-0.10899999999999466
612,65.349,-0.030000000000001137
613,65.511,0.16199999999999193
614,65.418,-0.09299999999998931
615,65.344,-0.07400000000001228
616,65.38,0.036000000000001364
617,11.457,-53.922999999999995
618,65.52,54.062999999999995
619,65.239,-0.2809999999999917
620,65.417,0.17799999999999727
621,65.292,-0.125
622,11.404,-53.888000000000005
623,65.508,54.104
624,65.295,-0.21299999999999386
625,65.317,0.02199999999999136
626,65.345,0.028000000000005798
627,65.326,-0.019000000000005457
628,65.445,0.11899999999999977
629,65.547,0.10200000000000387
630,65.463,-0.08400000000000318
631,64.906,-0.556999999999988
632,65.314,0.40799999999998704
633,65.247,-0.06699999999999307
634,11.367,-53.879999999999995
635,65.485,54.117999999999995
636,65.489,0.0040000000000048885
637,64.865,-0.6240000000000094
638,65.482,0.6170000000000044
639,65.549,0.06700000000000728
640,65.467,-0.08200000000000784
641,65.153,-0.31399999999999295
642,65.152,-0.0010000000000047748
643,65.632,0.480000000000004
644,64.981,-0.6510000000000105
645,65.32,0.33899999999999864
646,65.263,-0.05699999999998795
647,65.37,0.10699999999999932
648,65.16,-0.21000000000000796
649,65.137,-0.022999999999996135
650,65.405,0.2680000000000007
651,66.681,1.2759999999999962
652,67.143,0.4620000000000033
653,66.67,-0.472999999999999
654,66.594,-0.07600000000000762
655,66.752,0.15800000000000125
656,66.661,-0.09099999999999397
657,66.427,-0.23399999999999466
658,66.702,0.2749999999999915
659,66.659,-0.042999999999992156
660,66.965,0.3059999999999974
661,66.273,-0.6920000000000073
662,67.072,0.7990000000000066
663,66.752,-0.3200000000000074
664,66.404,-0.347999999999999
665,66.665,0.2610000000000099
666,66.619,-0.04600000000000648
667,67.006,0.38700000000000045
668,66.58,-0.42600000000000193
669,66.748,0.16800000000000637
670,66.749,0.000999999999990564
671,66.97,0.22100000000000364
672,66.434,-0.5360000000000014
673,11.492,-54.94199999999999
674,68.4,56.908
675,66.388,-2.0120000000000005
676,67.03,0.6419999999999959
677,67.127,0.0969999999999942
678,66.679,-0.4479999999999933
679,66.916,0.23699999999999477
680,66.686,-0.22999999999998977
681,66.659,-0.027000000000001023
682,66.234,-0.42500000000001137
683,66.789,0.5550000000000068
684,66.905,0.11599999999999966
685,66.902,-0.0030000000000001137
686,66.96,0.057999999999992724
687,66.909,-0.05099999999998772
688,66.834,-0.07500000000000284
689,66.797,-0.03700000000000614
690,66.876,0.07900000000000773
691,66.971,0.09499999999999886
692,69.213,2.2419999999999902
693,69.137,-0.0759999999999934
694,69.251,0.11400000000000432
695,69.049,-0.20199999999999818
696,69.196,0.14699999999999136
697,69.659,0.46300000000000807
698,69.566,-0.09300000000000352
699,69.157,-0.409000000000006
700,69.201,0.04399999999999693
701,69.409,0.20800000000001262
702,69.566,0.15699999999999648
703,69.553,-0.01300000000000523
704,69.143,-0.4099999999999966
705,69.539,0.3960000000000008
706,69.307,-0.23199999999999932
707,69.29,-0.016999999999995907
708,69.35,0.05999999999998806
709,69.111,-0.2389999999999901
710,69.076,-0.0350000000000108
711,69.21,0.13400000000000034
712,69.386,0.17600000000000193
713,69.156,-0.22999999999998977
714,69.205,0.04899999999999238
715,69.275,0.07000000000000739
716,69.094,-0.1810000000000116
717,69.124,0.030000000000001137
718,69.148,0.02400000000000091
719,69.455,0.30700000000000216
720,69.302,-0.1529999999999916
721,69.129,-0.17300000000000182
722,69.246,0.11699999999999022
723,69.041,-0.2049999999999983
724,69.005,-0.036000000000001364
725,69.294,0.2890000000000015
726,69.059,-0.23499999999999943
727,69.118,0.0589999999999975
728,69.051,-0.06699999999999307
729,69.164,0.11299999999999955
730,69.164,0.0
731,69.191,0.027000000000001023
732,69.199,0.007999999999995566
733,69.282,0.08299999999999841
734,69.102,-0.1799999999999926
735,69.078,-0.02400000000000091
736,69.073,-0.005000000000009663
737,69.078,0.005000000000009663
738,68.948,-0.13000000000000966
739,68.997,0.049000000000006594
740,69.066,0.06900000000000261
741,68.98,-0.08599999999999852
742,68.91,-0.07000000000000739
743,69.008,0.09799999999999898
744,68.95,-0.057999999999992724
745,68.944,-0.006000000000000227
746,68.993,0.04899999999999238
747,68.972,-0.021000000000000796
748,68.946,-0.02599999999999625
749,69.011,0.06499999999999773
750,68.988,-0.022999999999996135
751,68.956,-0.031999999999996476
752,69.02,0.06399999999999295
753,69.02,0.0
754,69.069,0.049000000000006594
755,68.859,-0.21000000000000796
756,68.788,-0.07099999999999795
757,68.835,0.046999999999997044
758,68.95,0.1150000000000091
759,68.929,-0.021000000000000796
760,68.75,-0.17900000000000205
761,69.168,0.41800000000000637
762,68.94,-0.22800000000000864
763,68.988,0.04800000000000182
764,68.893,-0.09499999999999886
765,68.911,0.018000000000000682
766,68.791,-0.12000000000000455
767,68.844,0.05299999999999727
768,68.935,0.09100000000000819
769,68.94,0.0049999999999954525
770,68.764,-0.17600000000000193
771,68.914,0.15000000000000568
772,68.916,0.001999999999995339
773,68.959,0.043000000000006366
774,68.926,-0.03300000000000125
775,68.959,0.03300000000000125
776,68.945,-0.014000000000010004
777,68.919,-0.02599999999999625
778,68.971,0.05200000000000671
779,68.868,-0.10300000000000864
780,68.962,0.0940000000000083
781,68.742,-0.21999999999999886
782,68.992,0.25
783,69.175,0.18299999999999272
784,68.76,-0.41499999999999204
785,68.935,0.17499999999999716
786,69.078,0.14300000000000068
787,68.809,-0.26900000000000546
788,68.987,0.17799999999999727
789,68.845,-0.1419999999999959
790,68.892,0.046999999999997044
791,68.849,-0.042999999999992156
792,68.823,-0.02600000000001046
793,68.912,0.08900000000001285
794,69.072,0.1599999999999966
795,69.075,0.0030000000000001137
796,68.87,-0.2049999999999983
797,69.0,0.12999999999999545
798,68.932,-0.06799999999999784
799,68.791,-0.14100000000000534
800,68.954,0.1629999999999967
801,69.124,0.1700000000000017
802,68.949,-0.17499999999999716
803,69.064,0.11499999999999488
804,69.03,-0.033999999999991815
805,69.114,0.08400000000000318
806,68.924,-0.18999999999999773
807,68.986,0.06199999999999761
808,69.134,0.14799999999999613
809,69.01,-0.12399999999999523
810,68.817,-0.19300000000001205
811,68.705,-0.11199999999999477
812,68.852,0.14700000000000557
813,68.862,0.009999999999990905
814,68.763,-0.09899999999998954
815,68.685,-0.07800000000000296
816,68.829,0.14399999999999125
817,68.91,0.08100000000000307
818,68.917,0.007000000000005002
819,68.937,0.01999999999999602
820,68.82,-0.11700000000000443
821,68.762,-0.057999999999992724
822,68.922,0.1599999999999966
823,69.038,0.11599999999999966
824,68.806,-0.23199999999999932
825,68.916,0.10999999999999943
826,68.934,0.018000000000000682
827,68.876,-0.057999999999992724
828,69.025,0.1490000000000009
829,69.028,0.0030000000000001137
830,69.049,0.021000000000000796
831,68.917,-0.132000000000005
832,68.82,-0.09700000000000841
833,69.099,0.2790000000000106
834,68.892,-0.20700000000000784
835,69.057,0.16500000000000625
836,68.873,-0.1839999999999975
837,69.049,0.17600000000000193
838,68.947,-0.10200000000000387
839,68.958,0.01099999999999568
840,68.924,-0.033999999999991815
841,68.9,-0.02400000000000091
842,68.944,0.04399999999999693
843,69.082,0.13799999999999102
844,68.878,-0.20399999999999352
845,68.803,-0.07500000000000284
846,68.952,0.1490000000000009
847,68.879,-0.07299999999999329
848,68.98,0.10099999999999909
849,68.938,-0.04200000000000159
850,68.865,-0.0730000000000075
851,68.846,-0.018999999999991246
852,68.945,0.09899999999998954
853,68.791,-0.15399999999999636
854,68.996,0.2049999999999983
855,68.903,-0.09299999999998931
856,68.873,-0.030000000000001137
857,69.047,0.17399999999999238
858,69.063,0.016000000000005343
859,69.097,0.033999999999991815
860,69.105,0.008000000000009777
861,68.962,-0.14300000000000068
862,68.982,0.01999999999999602
863,68.911,-0.07099999999999795
864,68.862,-0.049000000000006594
865,68.714,-0.14799999999999613
866,68.954,0.23999999999999488
867,68.704,-0.25
868,68.741,0.03700000000000614
869,68.753,0.012000000000000455
870,68.687,-0.0660000000000025
871,68.816,0.1290000000000049
872,68.775,-0.04099999999999682
873,68.804,0.028999999999996362
874,68.765,-0.03900000000000148
875,68.916,0.15099999999999625
876,68.999,0.08299999999999841
877,68.664,-0.33499999999999375
878,68.779,0.11499999999999488
879,68.894,0.1150000000000091
880,69.099,0.2049999999999983
881,68.946,-0.1530000000000058
882,68.836,-0.10999999999999943
883,68.862,0.02599999999999625
884,68.689,-0.17300000000000182
885,68.911,0.2220000000000084
886,68.879,-0.031999999999996476
887,68.808,-0.07099999999999795
888,68.858,0.04999999999999716
889,68.986,0.1280000000000001
890,68.983,-0.0030000000000001137
891,69.06,0.07699999999999818
892,68.928,-0.132000000000005
893,69.022,0.0940000000000083
894,68.923,-0.09900000000000375
895,69.137,0.21399999999999864
896,68.899,-0.23799999999999955
897,68.939,0.03999999999999204
898,68.996,0.05700000000000216
899,69.09,0.0940000000000083
900,69.04,-0.04999999999999716
901,69.058,0.018000000000000682
902,69.263,0.2049999999999983
903,69.137,-0.12600000000000477
904,69.211,0.07399999999999807
905,69.167,-0.04399999999999693
906,69.288,0.12099999999999511
907,69.285,-0.0030000000000001137
908,69.055,-0.22999999999998977
909,69.08,0.024999999999991473
910,69.195,0.11499999999999488
911,69.191,-0.003999999999990678
912,69.21,0.018999999999991246
913,69.131,-0.07899999999999352
914,69.15,0.019000000000005457
915,68.996,-0.15400000000001057
916,69.217,0.22100000000000364
917,69.018,-0.19899999999999807
918,69.084,0.0660000000000025
919,69.16,0.0759999999999934
920,69.26,0.10000000000000853
921,69.208,-0.05200000000000671
922,69.296,0.08800000000000807
923,69.028,-0.2680000000000007
924,69.135,0.10699999999999932
925,69.245,0.10999999999999943
926,69.214,-0.03100000000000591
927,69.315,0.10099999999999909
928,69.273,-0.04200000000000159
929,69.228,-0.045000000000001705
930,69.194,-0.033999999999991815
931,69.092,-0.10200000000000387
932,69.213,0.12099999999999511
933,69.14,-0.07299999999999329
934,69.088,-0.05200000000000671
935,69.187,0.09900000000000375
936,69.105,-0.08199999999999363
937,69.176,0.07099999999999795
938,69.116,-0.060000000000002274
939,69.085,-0.03100000000000591
940,69.244,0.15900000000000603
941,69.012,-0.23199999999999932
942,69.08,0.06799999999999784
943,64.991,-4.088999999999999
944,65.2,0.20900000000000318
945,65.266,0.0660000000000025
946,65.025,-0.24099999999999966
947,65.003,-0.02200000000000557
948,65.072,0.06900000000000261
949,65.075,0.0030000000000001137
950,65.121,0.04599999999999227
951,65.182,0.06100000000000705
952,65.194,0.012000000000000455
953,65.201,0.006999999999990791
954,65.254,0.05300000000001148
955,65.045,-0.20900000000000318
956,65.034,-0.01099999999999568
957,64.945,-0.08900000000001285
958,64.985,0.04000000000000625
959,65.042,0.05700000000000216
960,65.092,0.04999999999999716
961,65.057,-0.03499999999999659
962,65.094,0.03699999999999193
963,64.967,-0.12699999999999534
964,65.164,0.19700000000000273
965,65.187,0.022999999999996135
966,65.2,0.01300000000000523
967,65.287,0.0870000000000033
968,65.33,0.042999999999992156
969,65.262,-0.06799999999999784
970,65.277,0.015000000000000568
971,65.265,-0.012000000000000455
972,65.197,-0.06799999999999784
973,65.171,-0.02599999999999625
974,65.266,0.09499999999999886
975,65.255,-0.01100000000000989
976,65.181,-0.07399999999999807
977,65.14,-0.04099999999999682
978,65.232,0.09199999999999875
979,65.195,-0.03700000000000614
980,65.177,-0.01799999999998647
981,64.958,-0.2190000000000083
982,64.958,0.0
983,65.059,0.10099999999999909
984,66.398,1.3389999999999986
985,66.535,0.13700000000000045
986,66.595,0.060000000000002274
987,66.529,-0.0660000000000025
988,66.478,-0.05100000000000193
989,66.642,0.16400000000000148
990,66.573,-0.06900000000000261
991,66.498,-0.07499999999998863
992,66.554,0.055999999999997385
993,66.494,-0.060000000000002274
994,66.542,0.04800000000000182
995,66.56,0.018000000000000682
996,66.675,0.11499999999999488
997,66.528,-0.14699999999999136
998,66.625,0.0969999999999942
999,66.583,-0.04200000000000159
1000,66.601,0.018000000000000682
1001,66.481,-0.12000000000000455
1002,66.528,0.047000000000011255
1003,66.649,0.12099999999999511
1004,66.608,-0.04099999999999682
1005,66.441,-0.1670000000000016
1006,66.492,0.05100000000000193
1007,66.551,0.0589999999999975
1008,66.557,0.006000000000000227
1009,66.571,0.013999999999995794
1010,66.496,-0.07500000000000284
1011,66.612,0.11599999999999966
1012,66.596,-0.015999999999991132
1013,66.446,-0.15000000000000568
1014,66.367,-0.07899999999999352
1015,66.492,0.125
1016,66.562,0.06999999999999318
1017,66.433,-0.12899999999999068
1018,66.5,0.06699999999999307
1019,66.519,0.019000000000005457
1020,66.418,-0.10099999999999909
1021,66.383,-0.0350000000000108
1022,66.407,0.02400000000000091
1023,66.493,0.08599999999999852
1024,66.524,0.03100000000000591
1025,68.99,2.465999999999994
1026,68.883,-0.10699999999999932
1027,68.992,0.10900000000000887
1028,69.028,0.036000000000001364
1029,68.998,-0.030000000000001137
1030,69.11,0.11199999999999477
1031,68.926,-0.1839999999999975
1032,69.001,0.07500000000000284
1033,69.039,0.0379999999999967
1034,68.98,-0.0589999999999975
1035,68.957,-0.023000000000010346
1036,69.002,0.045000000000001705
1037,68.875,-0.12699999999999534
1038,68.957,0.08199999999999363
1039,69.047,0.09000000000000341
1040,69.047,0.0
1041,68.988,-0.0589999999999975
1042,68.994,0.006000000000000227
1043,68.985,-0.009000000000000341
1044,68.92,-0.06499999999999773
1045,68.883,-0.03700000000000614
1046,69.024,0.14100000000000534
1047,69.142,0.117999999999995
1048,69.22,0.07800000000000296
1049,69.152,-0.06799999999999784
1050,69.176,0.02400000000000091
1051,69.089,-0.0870000000000033
1052,69.152,0.06300000000000239
1053,69.133,-0.019000000000005457
1054,69.052,-0.08099999999998886
1055,69.219,0.16699999999998738
1056,69.364,0.14500000000001023
1057,69.303,-0.06100000000000705
1058,69.311,0.008000000000009777
1059,69.257,-0.054000000000002046
1060,69.135,-0.12199999999999989
1061,69.058,-0.07699999999999818
1062,69.083,0.024999999999991473
1063,69.193,0.10999999999999943
1064,69.067,-0.12600000000000477
1065,69.012,-0.05499999999999261
1066,68.858,-0.15399999999999636
1067,68.928,0.06999999999999318
1068,68.948,0.01999999999999602
1069,68.976,0.028000000000005798
1070,68.822,-0.15399999999999636
1071,69.174,0.35200000000000387
1072,69.171,-0.0030000000000001137
1073,69.203,0.031999999999996476
1074,69.003,-0.20000000000000284
1075,68.951,-0.05200000000000671
1076,65.148,-3.8029999999999973
1077,65.122,-0.02599999999999625
1078,64.841,-0.2810000000000059
1079,64.727,-0.11399999999999011
1080,65.052,0.32500000000000284
1081,65.149,0.0969999999999942
1082,65.087,-0.06199999999999761
1083,65.045,-0.04200000000000159
1084,65.155,0.10999999999999943
1085,65.009,-0.1460000000000008
1086,64.874,-0.13500000000000512
1087,65.249,0.375
1088,65.256,0.007000000000005002
1089,65.345,0.08899999999999864
1090,64.982,-0.36299999999999955
1091,65.145,0.1629999999999967
1092,65.027,-0.117999999999995
1093,64.972,-0.05500000000000682
1094,64.916,-0.055999999999997385
1095,64.497,-0.41899999999999693
1096,64.947,0.45000000000000284
1097,64.924,-0.022999999999996135
1098,64.889,-0.0350000000000108
1099,65.243,0.3539999999999992
1100,64.682,-0.5609999999999928
1101,65.01,0.32800000000000296
1102,65.194,0.1839999999999975
1103,64.884,-0.3100000000000023
1104,65.003,0.11899999999999977
1105,64.995,-0.007999999999995566
1106,65.321,0.3259999999999934
1107,64.928,-0.3930000000000007
1108,64.766,-0.16199999999999193
1109,64.569,-0.19700000000000273
1110,65.123,0.554000000000002
1111,65.006,-0.11700000000000443
1112,64.715,-0.2909999999999968
1113,64.982,0.2669999999999959
1114,64.949,-0.03300000000000125
1115,64.827,-0.12199999999999989
1116,64.875,0.04800000000000182
1117,66.376,1.5010000000000048
1118,66.3,-0.07600000000000762
1119,66.475,0.17499999999999716
1120,66.679,0.20400000000000773
1121,66.479,-0.20000000000000284
1122,66.846,0.36700000000000443
1123,66.756,-0.09000000000000341
1124,66.655,-0.10099999999999909
1125,66.533,-0.12199999999999989
1126,66.56,0.027000000000001023
1127,66.498,-0.06199999999999761
1128,66.688,0.18999999999999773
1129,66.593,-0.09499999999999886
1130,66.574,-0.019000000000005457
1131,66.424,-0.14999999999999147
1132,66.461,0.03699999999999193
1133,66.502,0.04099999999999682
1134,66.346,-0.1559999999999917
1135,66.506,0.1599999999999966
1136,66.487,-0.019000000000005457
1137,66.544,0.05700000000000216
1138,66.587,0.043000000000006366
1139,66.5,-0.0870000000000033
1140,66.346,-0.15399999999999636
1141,66.586,0.23999999999999488
1142,66.431,-0.15500000000000114
1143,66.521,0.09000000000000341
1144,66.488,-0.03300000000000125
1145,66.337,-0.15099999999999625
1146,66.352,0.015000000000000568
1147,66.263,-0.08899999999999864
1148,66.377,0.11399999999999011
1149,66.162,-0.2149999999999892
1150,66.603,0.4409999999999883
1151,66.557,-0.04599999999999227
1152,66.56,0.0030000000000001137
1153,66.476,-0.08400000000000318
1154,66.513,0.03700000000000614
1155,66.515,0.001999999999995339
1156,66.628,0.11299999999999955
1157,66.715,0.0870000000000033
1158,69.187,2.471999999999994
1159,69.097,-0.09000000000000341
1160,69.222,0.125
1161,69.275,0.05300000000001148
1162,69.099,-0.17600000000000193
1163,69.107,0.007999999999995566
1164,69.179,0.07200000000000273
1165,69.097,-0.08200000000000784
1166,69.003,-0.09399999999999409
1167,68.983,-0.01999999999999602
1168,69.056,0.07299999999999329
1169,69.03,-0.02599999999999625
1170,68.89,-0.14000000000000057
1171,68.931,0.04099999999999682
1172,68.993,0.06199999999999761
1173,68.919,-0.07399999999999807
1174,69.04,0.12100000000000932
1175,68.955,-0.08500000000000796
1176,68.899,-0.055999999999997385
1177,68.798,-0.10099999999999909
1178,68.874,0.0759999999999934
1179,68.869,-0.0049999999999954525
1180,68.82,-0.049000000000006594
1181,69.172,0.35200000000000387
1182,68.858,-0.31399999999999295
1183,68.892,0.033999999999991815
1184,68.927,0.0350000000000108
1185,68.89,-0.03700000000000614
1186,68.883,-0.007000000000005002
1187,68.892,0.009000000000000341
1188,68.977,0.08500000000000796
1189,68.849,-0.1280000000000001
1190,68.641,-0.2079999999999984
1191,69.029,0.387999999999991
1192,68.83,-0.19899999999999807
1193,68.76,-0.06999999999999318
1194,68.834,0.07399999999999807
1195,69.049,0.2150000000000034
1196,69.058,0.009000000000000341
1197,69.073,0.014999999999986358
1198,68.945,-0.1280000000000001
1199,68.954,0.009000000000000341
1200,68.792,-0.16199999999999193
1201,68.882,0.09000000000000341
1202,68.886,0.003999999999990678
1203,68.86,-0.02599999999999625
1204,68.738,-0.12199999999999989
1205,68.617,-0.12099999999999511
1206,68.695,0.07799999999998875
1207,68.871,0.17600000000000193
1208,68.86,-0.01099999999999568
1209,64.876,-3.9839999999999947
1210,64.64,-0.2360000000000042
1211,65.0,0.35999999999999943
1212,65.46,0.45999999999999375
1213,65.334,-0.12599999999999056
1214,65.271,-0.06300000000000239
1215,64.77,-0.5010000000000048
1216,64.757,-0.012999999999991019
1217,64.831,0.07399999999999807
1218,65.249,0.41799999999999216
1219,65.322,0.0730000000000075
1220,65.041,-0.2810000000000059
1221,65.054,0.01300000000000523
1222,65.278,0.22400000000000375
1223,64.938,-0.3400000000000034
1224,65.322,0.38400000000000034
1225,64.772,-0.5499999999999972
1226,64.632,-0.14000000000000057
1227,65.149,0.5169999999999959
1228,64.677,-0.4719999999999942
1229,65.201,0.5239999999999867
1230,64.636,-0.5649999999999977
1231,65.099,0.46300000000000807
1232,64.744,-0.355000000000004
1233,65.037,0.29300000000000637
1234,65.165,0.1280000000000001
1235,64.889,-0.27600000000001046
1236,64.725,-0.16400000000000148
1237,65.329,0.6039999999999992
1238,65.244,-0.08499999999999375
1239,65.265,0.021000000000000796
1240,65.386,0.12099999999999511
1241,64.762,-0.6239999999999952
1242,64.819,0.05700000000000216
1243,65.022,0.20300000000000296
1244,65.373,0.3509999999999991
1245,64.757,-0.6159999999999997
1246,64.805,0.04800000000000182
1247,64.718,-0.0870000000000033
1248,65.333,0.6149999999999949
1249,64.538,-0.7950000000000017
1250,66.749,2.2109999999999985
1251,66.427,-0.3219999999999885
1252,66.633,0.20599999999998886
1253,66.281,-0.35199999999998965
1254,66.08,-0.20100000000000762
1255,66.443,0.36299999999999955
1256,66.633,0.18999999999999773
1257,66.587,-0.04599999999999227
1258,67.056,0.4689999999999941
1259,66.844,-0.2120000000000033
1260,66.762,-0.08199999999999363
1261,66.805,0.043000000000006366
1262,66.34,-0.4650000000000034
1263,66.341,0.000999999999990564
1264,66.813,0.4720000000000084
1265,66.874,0.06099999999999284
1266,66.53,-0.3439999999999941
1267,66.862,0.33199999999999363
1268,66.45,-0.41199999999999193
1269,66.782,0.33199999999999363
1270,66.386,-0.3960000000000008
1271,66.684,0.2980000000000018
1272,66.281,-0.4029999999999916
1273,66.589,0.3079999999999927
1274,66.457,-0.132000000000005
1275,66.524,0.06700000000000728
1276,66.383,-0.14100000000000534
1277,66.832,0.44899999999999807
1278,66.71,-0.12199999999999989
1279,66.594,-0.11599999999999966
1280,66.221,-0.37299999999999045
1281,66.357,0.13599999999999568
1282,66.674,0.3170000000000073
1283,66.409,-0.26500000000000057
1284,66.491,0.08199999999999363
1285,66.733,0.24200000000000443
1286,66.673,-0.060000000000002274
1287,66.281,-0.3919999999999959
1288,66.632,0.3509999999999991
1289,66.328,-0.30400000000000205
1290,66.372,0.04399999999999693
1291,68.868,2.495999999999995
1292,68.964,0.09600000000000364
1293,69.056,0.09199999999999875
1294,69.109,0.05299999999999727
1295,69.096,-0.012999999999991019
1296,69.076,-0.020000000000010232
1297,68.952,-0.12399999999999523
1298,69.004,0.05200000000000671
1299,68.963,-0.04100000000001103
1300,68.916,-0.046999999999997044
1301,68.955,0.03900000000000148
1302,69.096,0.14100000000000534
1303,69.058,-0.0379999999999967
1304,68.99,-0.06800000000001205
1305,69.112,0.12199999999999989
1306,69.191,0.07900000000000773
1307,69.143,-0.04800000000000182
1308,69.202,0.0589999999999975
1309,69.356,0.15399999999999636
1310,69.389,0.03300000000000125
1311,69.289,-0.09999999999999432
1312,69.247,-0.04200000000000159
1313,69.205,-0.04200000000000159
1314,69.18,-0.024999999999991473
1315,69.109,-0.07100000000001216
1316,69.024,-0.08499999999999375
1317,68.961,-0.06300000000000239
1318,69.112,0.15099999999999625
1319,69.03,-0.08199999999999363
1320,69.225,0.19499999999999318
1321,69.118,-0.10699999999999932
1322,69.281,0.16300000000001091
1323,68.931,-0.3500000000000085
1324,69.172,0.24099999999999966
1325,69.148,-0.02400000000000091
1326,69.277,0.1290000000000049
1327,69.509,0.23199999999999932
1328,69.276,-0.2330000000000041
1329,69.087,-0.18899999999999295
1330,69.164,0.07699999999999818
1331,68.937,-0.22700000000000387
1332,68.822,-0.11499999999999488
1333,68.869,0.046999999999997044
1334,69.002,0.13299999999999557
1335,69.113,0.1110000000000042
1336,69.194,0.08100000000000307
1337,69.188,-0.006000000000000227
1338,69.377,0.18899999999999295
1339,69.292,-0.08499999999999375
1340,69.167,-0.125
1341,68.859,-0.30800000000000693
1342,65.106,-3.753
1343,64.936,-0.1699999999999875
1344,65.648,0.7119999999999891
1345,65.394,-0.2539999999999907
1346,65.276,-0.11800000000000921
1347,65.006,-0.269999999999996
1348,64.808,-0.1979999999999933
1349,65.419,0.61099999999999
1350,64.769,-0.6499999999999915
1351,65.62,0.8509999999999991
1352,65.711,0.09099999999999397
1353,65.362,-0.34900000000000375
1354,64.997,-0.3649999999999949
1355,64.788,-0.20900000000000318
1356,65.241,0.45300000000000296
1357,65.035,-0.20600000000000307
1358,65.076,0.04099999999999682
1359,65.475,0.3990000000000009
1360,65.052,-0.4229999999999876
1361,65.061,0.009000000000000341
1362,65.34,0.27899999999999636
1363,65.542,0.20199999999999818
1364,64.832,-0.710000000000008
1365,65.068,0.2360000000000042
1366,65.099,0.03100000000000591
1367,65.503,0.40399999999999636
1368,64.833,-0.6700000000000017
1369,65.042,0.20900000000000318
1370,64.99,-0.05200000000000671
1371,64.966,-0.02400000000000091
1372,65.352,0.3860000000000099
1373,65.032,-0.3200000000000074
1374,65.015,-0.016999999999995907
1375,64.846,-0.16899999999999693
1376,64.984,0.13799999999999102
1377,64.997,0.01300000000000523
1378,65.532,0.5349999999999966
1379,65.341,-0.1910000000000025
1380,64.896,-0.4449999999999932
1381,64.975,0.07899999999999352
1382,65.181,0.20600000000000307
1383,66.843,1.6620000000000061
1384,67.017,0.17399999999999238
1385,66.518,-0.4989999999999952
1386,66.644,0.12600000000000477
1387,66.529,-0.1150000000000091
1388,66.959,0.4300000000000068
1389,66.475,-0.48400000000000887
1390,66.619,0.14400000000000546
1391,66.873,0.2540000000000049
1392,66.827,-0.04600000000000648
1393,66.863,0.036000000000001364
1394,66.543,-0.3199999999999932
1395,67.146,0.6029999999999944
1396,66.896,-0.25
1397,66.967,0.07099999999999795
1398,66.918,-0.04899999999999238
1399,67.162,0.24399999999999977
1400,66.728,-0.4340000000000117
1401,66.808,0.0800000000000125
1402,67.084,0.27599999999999625
1403,66.284,-0.7999999999999972
1404,66.668,0.38400000000000034
1405,66.641,-0.027000000000001023
1406,66.658,0.016999999999995907
1407,66.458,-0.20000000000000284
1408,66.641,0.18300000000000693
1409,66.591,-0.05000000000001137
1410,66.953,0.362000000000009
1411,66.582,-0.3710000000000093
1412,66.761,0.17900000000000205
1413,66.541,-0.21999999999999886
1414,66.62,0.07900000000000773
1415,66.888,0.2680000000000007
1416,66.735,-0.1530000000000058
1417,66.32,-0.41500000000000625
1418,66.556,0.2360000000000042
1419,66.836,0.28000000000000114
1420,66.938,0.10200000000000387
1421,66.855,-0.08299999999999841
1422,66.574,-0.2810000000000059
1423,66.775,0.20100000000000762
1424,69.112,2.336999999999989
1425,69.322,0.21000000000000796
1426,69.266,-0.055999999999997385
1427,69.214,-0.05200000000000671
1428,69.282,0.06799999999999784
1429,69.271,-0.01099999999999568
1430,69.288,0.016999999999995907
1431,69.368,0.0799999999999983
1432,69.098,-0.269999999999996
1433,69.363,0.26500000000000057
1434,69.321,-0.04200000000000159
1435,69.284,-0.03699999999999193
1436,69.352,0.06799999999999784
1437,69.303,-0.049000000000006594
1438,68.809,-0.4939999999999998
1439,68.915,0.10600000000000875
1440,68.937,0.02199999999999136
1441,68.975,0.0379999999999967
1442,69.126,0.15100000000001046
1443,69.069,-0.05700000000000216
1444,69.245,0.17600000000000193
1445,69.083,-0.16200000000000614
1446,68.993,-0.09000000000000341
1447,68.951,-0.04200000000000159
1448,68.808,-0.14299999999998647
1449,69.004,0.19599999999999795
1450,68.999,-0.005000000000009663
1451,68.978,-0.021000000000000796
1452,68.881,-0.0969999999999942
1453,68.659,-0.2219999999999942
1454,68.808,0.1490000000000009
1455,68.975,0.16699999999998738
1456,68.983,0.008000000000009777
1457,69.166,0.18299999999999272
1458,69.293,0.12700000000000955
1459,69.264,-0.029000000000010573
1460,69.191,-0.07299999999999329
1461,69.109,-0.08200000000000784
1462,69.088,-0.021000000000000796
1463,69.29,0.2020000000000124
1464,68.998,-0.2920000000000016
1465,68.73,-0.2680000000000007
1466,69.002,0.27199999999999136
1467,68.519,-0.4829999999999899
1468,68.347,-0.17200000000001125
1469,68.454,0.10699999999999932
1470,68.131,-0.3229999999999933
1471,68.112,-0.019000000000005457
1472,68.167,0.05500000000000682
1473,68.057,-0.10999999999999943
1474,68.241,0.1839999999999975
1475,68.095,-0.1460000000000008
1476,67.832,-0.26300000000000523
1477,68.0,0.16800000000000637
1478,67.98,-0.01999999999999602
1479,67.707,-0.27300000000001035
1480,67.996,0.2890000000000015
1481,68.01,0.014000000000010004
1482,67.966,-0.04400000000001114
1483,67.913,-0.05299999999999727
1484,67.707,-0.20600000000000307
1485,67.986,0.2790000000000106
1486,67.858,-0.1280000000000001
1487,67.76,-0.09799999999999898
1488,67.688,-0.07200000000000273
1489,67.715,0.027000000000001023
1490,67.997,0.2819999999999965
1491,67.935,-0.06199999999999761
1492,68.242,0.30700000000000216
1493,68.03,-0.2120000000000033
1494,67.996,-0.034000000000006025
1495,68.112,0.11599999999999966
1496,67.954,-0.15800000000000125
1497,67.934,-0.01999999999999602
1498,68.145,0.21099999999999852
1499,67.887,-0.25799999999999557
1500,68.142,0.25499999999999545
1501,67.957,-0.18500000000000227
1502,67.904,-0.05299999999999727
1503,67.894,-0.009999999999990905
1504,67.978,0.08399999999998897
1505,68.042,0.06400000000000716
1506,67.784,-0.25799999999999557
1507,67.927,0.14300000000000068
1508,67.879,-0.04800000000000182
1509,68.105,0.2259999999999991
1510,67.898,-0.20700000000000784
1511,67.731,-0.1670000000000016
1512,67.787,0.056000000000011596
1513,67.781,-0.006000000000000227
1514,67.897,0.11599999999999966
1515,67.719,-0.17800000000001148
1516,67.833,0.11400000000000432
1517,68.004,0.17100000000000648
1518,67.915,-0.08899999999999864
1519,67.82,-0.09500000000001307
1520,68.012,0.19200000000000728
1521,68.049,0.03700000000000614
1522,67.879,-0.1700000000000017
1523,68.157,0.2779999999999916
1524,67.971,-0.18599999999999284
1525,67.975,0.003999999999990678
1526,67.912,-0.06299999999998818
1527,67.949,0.03699999999999193
1528,68.244,0.2950000000000017
1529,68.031,-0.21299999999999386
1530,67.948,-0.08300000000001262
1531,68.099,0.15100000000001046
1532,68.134,0.03499999999999659
1533,68.098,-0.036000000000001364
1534,67.957,-0.14100000000000534
1535,67.802,-0.15499999999998693
1536,67.853,0.05099999999998772
1537,68.117,0.26400000000001
1538,67.8,-0.3170000000000073
1539,67.946,0.1460000000000008
1540,67.848,-0.09799999999999898
1541,68.103,0.25499999999999545
1542,67.939,-0.16400000000000148
1543,67.96,0.021000000000000796
1544,67.958,-0.001999999999995339
1545,67.909,-0.04899999999999238
1546,67.995,0.08599999999999852
1547,67.926,-0.06900000000000261
1548,68.059,0.13299999999999557
1549,67.776,-0.28300000000000125
1550,67.917,0.14100000000000534
1551,67.969,0.0519999999999925
1552,67.729,-0.23999999999999488
1553,67.947,0.21800000000000352
1554,67.848,-0.09900000000000375
1555,67.973,0.125
1556,68.138,0.16500000000000625
1557,67.974,-0.16400000000000148
1558,68.049,0.07500000000000284
1559,67.944,-0.10500000000000398
1560,67.916,-0.028000000000005798
1561,67.756,-0.1599999999999966
1562,68.083,0.3269999999999982
1563,68.074,-0.009000000000000341
1564,68.125,0.05100000000000193
1565,67.929,-0.19599999999999795
1566,67.87,-0.0589999999999975
1567,67.977,0.10699999999999932
1568,68.116,0.1389999999999958
1569,67.879,-0.23699999999999477
1570,68.149,0.269999999999996
1571,67.905,-0.24399999999999977
1572,67.91,0.0049999999999954525
1573,67.984,0.07399999999999807
1574,68.07,0.08599999999999852
1575,68.014,-0.055999999999997385
1576,68.136,0.12199999999999989
1577,67.874,-0.26200000000000045
1578,67.867,-0.006999999999990791
1579,68.02,0.1529999999999916
1580,68.15,0.13000000000000966
1581,68.051,-0.09900000000000375
1582,68.024,-0.027000000000001023
1583,68.017,-0.007000000000005002
1584,68.039,0.02200000000000557
1585,67.904,-0.13500000000000512
1586,68.25,0.34600000000000364
1587,67.86,-0.39000000000000057
1588,68.059,0.19899999999999807
1589,67.964,-0.09499999999999886
1590,68.003,0.03900000000000148
1591,68.038,0.03499999999999659
1592,67.938,-0.09999999999999432
1593,67.901,-0.03700000000000614
1594,68.148,0.2469999999999999
1595,68.126,-0.02199999999999136
1596,68.107,-0.019000000000005457
1597,68.153,0.04600000000000648
1598,67.899,-0.2540000000000049
1599,67.99,0.09099999999999397
1600,68.004,0.014000000000010004
1601,67.963,-0.04100000000001103
1602,68.009,0.04600000000000648
1603,67.902,-0.10699999999999932
1604,67.88,-0.02200000000000557
1605,67.895,0.015000000000000568
1606,67.907,0.012000000000000455
1607,68.013,0.10600000000000875
1608,67.839,-0.1740000000000066
1609,67.986,0.14700000000000557
1610,67.982,-0.0040000000000048885
1611,67.944,-0.0379999999999967
1612,67.977,0.03300000000000125
1613,67.729,-0.24800000000000466
1614,68.007,0.2780000000000058
1615,67.857,-0.15000000000000568
1616,67.868,0.01099999999999568
1617,68.111,0.2430000000000092
1618,67.707,-0.4040000000000106
1619,68.025,0.31800000000001205
1620,67.982,-0.043000000000006366
1621,67.884,-0.09799999999999898
1622,67.965,0.08100000000000307
1623,67.857,-0.10800000000000409
1624,67.955,0.09799999999999898
1625,67.813,-0.1419999999999959
1626,68.075,0.26200000000000045
1627,67.983,-0.09199999999999875
1628,67.81,-0.17300000000000182
1629,67.976,0.16599999999999682
1630,67.866,-0.10999999999999943
1631,67.873,0.007000000000005002
1632,67.847,-0.02600000000001046
1633,68.006,0.15900000000000603
1634,67.915,-0.09099999999999397
1635,67.978,0.06299999999998818
1636,67.754,-0.22399999999998954
1637,67.886,0.1319999999999908
1638,68.042,0.1560000000000059
1639,68.084,0.04200000000000159
1640,67.966,-0.11800000000000921
1641,68.033,0.06700000000000728
1642,67.979,-0.054000000000002046
1643,67.815,-0.16400000000000148
1644,67.887,0.07200000000000273
1645,67.908,0.021000000000000796
1646,68.087,0.17900000000000205
1647,68.02,-0.06700000000000728
1648,68.05,0.030000000000001137
1649,67.936,-0.11399999999999011
1650,67.911,-0.025000000000005684
1651,67.917,0.006000000000000227
1652,67.809,-0.10800000000000409
1653,68.122,0.3130000000000024
1654,68.016,-0.10599999999999454
1655,68.214,0.1979999999999933
1656,68.222,0.007999999999995566
1657,68.07,-0.15200000000000102
1658,68.193,0.12300000000000466
1659,67.972,-0.22100000000000364
1660,67.924,-0.04799999999998761
1661,68.034,0.10999999999999943
1662,67.967,-0.06700000000000728
1663,67.909,-0.057999999999992724
1664,67.735,-0.1740000000000066
1665,67.929,0.19400000000000261
1666,67.96,0.0309999999999917
1667,67.843,-0.11699999999999022
1668,67.672,-0.17100000000000648
1669,67.765,0.09300000000000352
1670,67.707,-0.058000000000006935
1671,68.015,0.30800000000000693
1672,67.738,-0.277000000000001
1673,67.875,0.13700000000000045
1674,67.794,-0.08100000000000307
1675,64.304,-3.489999999999995
1676,64.229,-0.07500000000000284
1677,64.208,-0.021000000000000796
1678,64.11,-0.09799999999999898
1679,64.185,0.07500000000000284
1680,64.009,-0.17600000000000193
1681,64.126,0.11700000000000443
1682,64.141,0.015000000000000568
1683,63.994,-0.14700000000000557
1684,64.132,0.13800000000000523
1685,64.066,-0.0660000000000025
1686,63.925,-0.14100000000000534
1687,64.013,0.08800000000000807
1688,64.231,0.2179999999999893
1689,64.104,-0.12699999999999534
1690,63.922,-0.18200000000000216
1691,63.934,0.012000000000000455
1692,64.047,0.11299999999999955
1693,63.893,-0.15399999999999636
1694,64.107,0.21399999999999864
1695,64.121,0.013999999999995794
1696,63.908,-0.21299999999999386
1697,63.972,0.06400000000000006
1698,63.998,0.02599999999999625
1699,64.053,0.054999999999999716
1700,64.033,-0.01999999999999602
1701,64.05,0.016999999999995907
1702,63.992,-0.05799999999999983
1703,63.962,-0.02999999999999403
1704,63.978,0.015999999999998238
1705,63.967,-0.011000000000002785
1706,63.806,-0.16100000000000136
1707,64.127,0.32099999999999795
1708,63.913,-0.21399999999999864
1709,64.043,0.13000000000000966
1710,64.026,-0.017000000000010118
1711,64.149,0.12300000000000466
1712,63.966,-0.18299999999999983
1713,64.241,0.2749999999999986
1714,64.22,-0.021000000000000796
1715,64.118,-0.10200000000000387
1716,65.505,1.3870000000000005
1717,65.481,-0.02400000000000091
1718,65.626,0.14500000000001023
1719,65.526,-0.10000000000000853
1720,65.341,-0.18500000000000227
1721,65.52,0.17900000000000205
1722,65.59,0.07000000000000739
1723,65.521,-0.06900000000000261
1724,65.49,-0.03100000000000591
1725,65.318,-0.17199999999999704
1726,65.392,0.07399999999999807
1727,65.301,-0.09099999999999397
1728,65.624,0.3229999999999933
1729,65.707,0.08299999999999841
1730,65.612,-0.09499999999999886
1731,65.567,-0.045000000000001705
1732,65.685,0.11800000000000921
1733,65.687,0.001999999999995339
1734,65.597,-0.09000000000000341
1735,65.587,-0.009999999999990905
1736,65.804,0.21699999999999875
1737,65.864,0.060000000000002274
1738,65.994,0.12999999999999545
1739,65.672,-0.32200000000000273
1740,65.891,0.2190000000000083
1741,65.745,-0.1460000000000008
1742,65.736,-0.009000000000000341
1743,65.75,0.013999999999995794
1744,65.957,0.20699999999999363
1745,65.615,-0.34199999999999875
1746,65.904,0.2890000000000015
1747,65.69,-0.21399999999999864
1748,65.673,-0.016999999999995907
1749,65.754,0.08100000000000307
1750,65.958,0.20399999999999352
1751,65.873,-0.08499999999999375
1752,65.828,-0.045000000000001705
1753,65.678,-0.15000000000000568
1754,65.846,0.16800000000000637
1755,65.904,0.057999999999992724
1756,65.907,0.0030000000000001137
1757,68.001,2.0940000000000083
1758,68.286,0.2849999999999966
1759,68.383,0.0969999999999942
1760,68.29,-0.09299999999998931
1761,68.25,-0.04000000000000625
1762,68.192,-0.058000000000006935
1763,68.329,0.13700000000000045
1764,68.149,-0.1799999999999926
1765,68.4,0.2510000000000048
1766,68.307,-0.09300000000000352
1767,68.273,-0.034000000000006025
1768,68.203,-0.06999999999999318
1769,68.281,0.07800000000000296
1770,68.194,-0.0870000000000033
1771,68.4,0.20600000000000307
1772,68.242,-0.15800000000000125
1773,68.274,0.031999999999996476
1774,68.287,0.01300000000000523
1775,68.071,-0.21600000000000819
1776,68.249,0.17799999999999727
1777,67.949,-0.29999999999999716
1778,68.185,0.2360000000000042
1779,68.046,-0.1389999999999958
1780,68.1,0.053999999999987836
1781,68.315,0.2150000000000034
1782,68.391,0.07600000000000762
1783,67.956,-0.4350000000000023
1784,68.091,0.1349999999999909
1785,68.316,0.22500000000000853
1786,68.129,-0.1869999999999976
1787,68.194,0.06499999999999773
1788,68.107,-0.0870000000000033
1789,68.119,0.012000000000000455
1790,68.238,0.11899999999999977
1791,68.409,0.17100000000000648
1792,68.309,-0.10000000000000853
1793,68.266,-0.042999999999992156
1794,68.394,0.1280000000000001
1795,68.257,-0.13700000000000045
1796,68.147,-0.10999999999999943
1797,68.149,0.001999999999995339
1798,68.049,-0.09999999999999432
1799,68.081,0.031999999999996476
1800,68.29,0.20900000000000318
1801,68.12,-0.1700000000000017
1802,68.098,-0.02200000000000557
1803,68.023,-0.07500000000000284
1804,67.937,-0.08599999999999852
1805,68.141,0.20400000000000773
1806,67.964,-0.1770000000000067
1807,68.159,0.1950000000000074
1808,64.335,-3.8240000000000123
1809,64.319,-0.015999999999991132
1810,64.585,0.26599999999999113
1811,64.516,-0.0689999999999884
1812,64.274,-0.24200000000000443
1813,64.354,0.0799999999999983
1814,64.367,0.01300000000000523
1815,64.447,0.0799999999999983
1816,64.355,-0.09199999999999875
1817,64.379,0.02400000000000091
1818,64.389,0.009999999999990905
1819,64.334,-0.05499999999999261
1820,64.411,0.07699999999999818
1821,64.381,-0.030000000000001137
1822,64.478,0.0969999999999942
1823,64.444,-0.033999999999991815
1824,64.503,0.0589999999999975
1825,64.486,-0.016999999999995907
1826,64.445,-0.04100000000001103
1827,64.368,-0.07699999999999818
1828,64.422,0.054000000000002046
1829,64.401,-0.021000000000000796
1830,64.536,0.13500000000000512
1831,64.407,-0.1290000000000049
1832,64.445,0.0379999999999967
1833,64.426,-0.018999999999991246
1834,64.327,-0.09900000000000375
1835,64.382,0.05500000000000682
1836,64.559,0.1769999999999925
1837,64.232,-0.3269999999999982
1838,64.486,0.2540000000000049
1839,64.572,0.08599999999999852
1840,64.57,-0.0020000000000095497
1841,64.529,-0.04099999999999682
1842,64.3,-0.2289999999999992
1843,64.578,0.2780000000000058
1844,64.27,-0.30800000000000693
1845,64.451,0.18099999999999739
1846,64.403,-0.04799999999998761
1847,64.091,-0.3120000000000118
1848,64.42,0.32900000000000773
1849,65.807,1.3870000000000005
1850,65.983,0.17600000000000193
1851,65.849,-0.13400000000000034
1852,65.695,-0.15400000000001057
1853,65.866,0.17100000000000648
1854,65.785,-0.08100000000000307
1855,65.764,-0.021000000000000796
1856,65.798,0.034000000000006025
1857,65.744,-0.054000000000002046
1858,65.916,0.17199999999999704
1859,65.81,-0.10599999999999454
1860,65.845,0.03499999999999659
1861,65.861,0.016000000000005343
1862,65.771,-0.09000000000000341
1863,66.002,0.23099999999999454
1864,65.701,-0.30100000000000193
1865,65.805,0.10400000000001342
1866,65.689,-0.11600000000001387
1867,65.678,-0.01099999999999568
1868,65.912,0.23400000000000887
1869,65.9,-0.012000000000000455
1870,65.843,-0.05700000000000216
1871,65.84,-0.0030000000000001137
1872,65.806,-0.034000000000006025
1873,65.827,0.021000000000000796
1874,65.534,-0.29299999999999216
1875,65.751,0.21699999999999875
1876,65.864,0.11299999999999955
1877,65.633,-0.23100000000000875
1878,65.677,0.04400000000001114
1879,65.725,0.04799999999998761
1880,65.617,-0.10799999999998988
1881,65.627,0.009999999999990905
1882,65.797,0.1700000000000017
1883,65.706,-0.09099999999999397
1884,65.958,0.25199999999999534
1885,65.969,0.01099999999999568
1886,65.952,-0.016999999999995907
1887,65.634,-0.31799999999999784
1888,65.672,0.0379999999999967
1889,65.604,-0.06799999999999784
1890,67.855,2.2510000000000048
1891,67.896,0.04099999999999682
1892,68.097,0.2009999999999934
1893,68.023,-0.07399999999999807
1894,68.155,0.132000000000005
1895,68.107,-0.04800000000000182
1896,68.035,-0.07200000000000273
1897,68.252,0.21699999999999875
1898,68.217,-0.03499999999999659
1899,68.221,0.0040000000000048885
1900,68.198,-0.023000000000010346
1901,68.156,-0.04199999999998738
1902,68.274,0.117999999999995
1903,68.358,0.08400000000000318
1904,68.135,-0.22299999999999898
1905,68.256,0.12099999999999511
1906,68.133,-0.12300000000000466
1907,68.15,0.017000000000010118
1908,68.101,-0.049000000000006594
1909,68.029,-0.07200000000000273
1910,67.888,-0.14099999999999113
1911,67.922,0.033999999999991815
1912,67.969,0.046999999999997044
1913,68.082,0.11299999999999955
1914,68.037,-0.044999999999987494
1915,68.013,-0.02400000000000091
1916,67.836,-0.1770000000000067
1917,67.915,0.07900000000000773
1918,67.961,0.04599999999999227
1919,67.963,0.001999999999995339
1920,67.851,-0.11199999999999477
1921,67.879,0.028000000000005798
1922,67.983,0.1039999999999992
1923,67.937,-0.04600000000000648
1924,68.191,0.2540000000000049
1925,68.029,-0.16200000000000614
1926,67.782,-0.2469999999999999
1927,67.916,0.13400000000000034
1928,67.828,-0.08799999999999386
1929,67.986,0.15800000000000125
1930,68.036,0.04999999999999716
1931,67.806,-0.23000000000000398
1932,68.163,0.3569999999999993
1933,68.215,0.05200000000000671
1934,67.988,-0.22700000000000387
1935,67.964,-0.02400000000000091
1936,68.05,0.08599999999999852
1937,67.837,-0.21299999999999386
1938,68.156,0.3190000000000026
1939,68.049,-0.10699999999999932
1940,68.108,0.0589999999999975
1941,64.142,-3.966000000000008
1942,64.353,0.21099999999999852
1943,64.351,-0.001999999999995339
1944,64.51,0.15900000000000603
1945,64.32,-0.19000000000001194
1946,64.324,0.0040000000000048885
1947,64.513,0.18900000000000716
1948,64.411,-0.10200000000000387
1949,64.464,0.05299999999999727
1950,64.405,-0.0589999999999975
1951,64.474,0.06900000000000261
1952,64.398,-0.07600000000000762
1953,64.379,-0.018999999999991246
1954,64.275,-0.1039999999999992
1955,64.356,0.08099999999998886
1956,64.571,0.2150000000000034
1957,64.537,-0.033999999999991815
1958,64.427,-0.10999999999999943
1959,64.372,-0.05500000000000682
1960,64.449,0.07699999999999818
1961,64.281,-0.16799999999999216
1962,64.161,-0.12000000000000455
1963,64.472,0.31099999999999284
1964,64.365,-0.10699999999999932
1965,64.223,-0.1419999999999959
1966,64.315,0.09199999999999875
1967,64.548,0.2330000000000041
1968,64.517,-0.03100000000000591
1969,64.645,0.1280000000000001
1970,64.39,-0.25499999999999545
1971,64.442,0.0519999999999925
1972,64.374,-0.06799999999999784
1973,64.512,0.13800000000000523
1974,64.459,-0.05299999999999727
1975,64.459,0.0
1976,64.447,-0.012000000000000455
1977,64.588,0.14099999999999113
1978,64.736,0.14800000000001035
1979,64.577,-0.15900000000000603
1980,64.595,0.018000000000000682
1981,64.382,-0.21299999999999386
1982,65.896,1.5139999999999958
1983,65.899,0.0030000000000001137
1984,65.73,-0.16899999999999693
1985,65.699,-0.03100000000000591
1986,65.778,0.07900000000000773
1987,65.753,-0.025000000000005684
1988,65.874,0.12099999999999511
1989,65.921,0.047000000000011255
1990,65.908,-0.01300000000000523
1991,65.961,0.05299999999999727
1992,65.907,-0.054000000000002046
1993,65.916,0.009000000000000341
1994,65.801,-0.11499999999999488
1995,65.853,0.0519999999999925
1996,65.645,-0.2079999999999984
1997,65.813,0.16800000000000637
1998,65.813,0.0
1999,65.546,-0.2669999999999959
2000,65.826,0.2799999999999869
2001,65.891,0.06500000000001194
2002,65.816,-0.07500000000000284
2003,65.868,0.0519999999999925
2004,65.79,-0.07799999999998875
2005,66.022,0.23199999999999932
2006,65.993,-0.029000000000010573
2007,65.964,-0.028999999999996362
2008,65.672,-0.2920000000000016
2009,65.852,0.18000000000000682
2010,65.722,-0.13000000000000966
2011,65.763,0.04100000000001103
2012,65.948,0.18499999999998806
2013,66.023,0.07500000000000284
2014,65.989,-0.033999999999991815
2015,65.72,-0.26900000000000546
2016,65.714,-0.006000000000000227
2017,65.869,0.15500000000000114
2018,65.834,-0.03499999999999659
2019,65.884,0.04999999999999716
2020,65.954,0.06999999999999318
2021,65.819,-0.1349999999999909
2022,65.86,0.04099999999999682
2023,68.23,2.3700000000000045
2024,68.442,0.21199999999998909
2025,68.283,-0.15899999999999181
2026,68.501,0.21800000000000352
2027,68.368,-0.13300000000000978
2028,68.396,0.028000000000005798
2029,68.369,-0.027000000000001023
2030,68.414,0.045000000000001705
2031,68.32,-0.0940000000000083
2032,68.253,-0.06699999999999307
2033,68.066,-0.1869999999999976
2034,68.212,0.1460000000000008
2035,68.008,-0.20400000000000773
2036,68.396,0.38800000000000523
2037,68.4,0.0040000000000048885
2038,68.194,-0.20600000000000307
2039,68.242,0.04800000000000182
2040,68.097,-0.14500000000001023
2041,68.113,0.016000000000005343
2042,68.257,0.14400000000000546
2043,68.27,0.012999999999991019
2044,68.283,0.01300000000000523
2045,68.196,-0.0870000000000033
2046,68.166,-0.030000000000001137
2047,68.229,0.06300000000000239
2048,68.142,-0.0870000000000033
2049,68.088,-0.054000000000002046
2050,68.17,0.08200000000000784
2051,68.238,0.06799999999999784
2052,68.216,-0.02200000000000557
2053,68.209,-0.006999999999990791
2054,68.147,-0.06199999999999761
2055,68.159,0.012000000000000455
2056,68.103,-0.056000000000011596
2057,68.099,-0.003999999999990678
2058,68.213,0.11399999999999011
2059,68.002,-0.21099999999999852
2060,68.018,0.016000000000005343
2061,68.094,0.0759999999999934
2062,68.137,0.043000000000006366
2063,68.32,0.18299999999999272
2064,68.074,-0.2459999999999951
2065,68.118,0.04399999999999693
2066,68.149,0.03100000000000591
2067,68.003,-0.1460000000000008
2068,68.081,0.07800000000000296
2069,68.17,0.08899999999999864
2070,67.935,-0.23499999999999943
2071,68.01,0.07500000000000284
2072,68.065,0.05499999999999261
2073,68.037,-0.027999999999991587
2074,64.469,-3.568000000000012
2075,64.347,-0.12199999999999989
2076,64.385,0.038000000000010914
2077,64.243,-0.14200000000001012
2078,64.208,-0.03499999999999659
2079,64.372,0.16400000000000148
2080,64.617,0.24500000000000455
2081,64.293,-0.32399999999999807
2082,64.479,0.18599999999999284
2083,64.496,0.016999999999995907
2084,64.479,-0.016999999999995907
2085,64.377,-0.10200000000000387
2086,64.498,0.12100000000000932
2087,64.448,-0.05000000000001137
2088,64.449,0.0010000000000047748
2089,64.29,-0.15899999999999181
2090,64.405,0.11499999999999488
2091,64.268,-0.13700000000000045
2092,64.25,-0.018000000000000682
2093,64.531,0.2810000000000059
2094,64.271,-0.2600000000000051
2095,64.438,0.1670000000000016
2096,64.371,-0.06700000000000728
2097,64.144,-0.22699999999998965
2098,64.168,0.02400000000000091
2099,64.329,0.16099999999998715
2100,64.203,-0.12599999999999056
2101,64.407,0.20399999999999352
2102,64.426,0.019000000000005457
2103,64.178,-0.24800000000000466
2104,64.392,0.21399999999999864
2105,64.273,-0.11899999999999977
2106,64.253,-0.01999999999999602
2107,64.238,-0.015000000000000568
2108,64.248,0.010000000000005116
2109,64.444,0.19599999999999795
2110,64.159,-0.2849999999999966
2111,64.107,-0.05200000000000671
2112,64.277,0.1700000000000017
2113,64.35,0.07299999999999329
2114,64.415,0.06500000000001194
2115,65.792,1.3769999999999953
2116,65.751,-0.04099999999999682
2117,65.817,0.06599999999998829
2118,65.746,-0.07099999999999795
2119,65.813,0.06700000000000728
2120,65.797,-0.016000000000005343
2121,65.831,0.034000000000006025
2122,65.886,0.05499999999999261
2123,65.779,-0.10699999999999932
2124,65.975,0.19599999999999795
2125,65.795,-0.1799999999999926
2126,65.91,0.11499999999999488
2127,65.775,-0.1349999999999909
2128,65.906,0.13100000000000023
2129,65.973,0.06699999999999307
2130,65.701,-0.27200000000000557
2131,65.72,0.019000000000005457
2132,65.977,0.257000000000005
2133,65.894,-0.08299999999999841
2134,65.892,-0.0020000000000095497
2135,65.879,-0.012999999999991019
2136,65.844,-0.0350000000000108
2137,65.936,0.09200000000001296
2138,66.065,0.12899999999999068
2139,65.966,-0.09900000000000375
2140,65.977,0.01100000000000989
2141,65.932,-0.045000000000001705
2142,65.922,-0.010000000000005116
2143,65.951,0.028999999999996362
2144,65.888,-0.06299999999998818
2145,65.858,-0.030000000000001137
2146,65.966,0.10799999999998988
2147,65.907,-0.0589999999999975
2148,65.952,0.045000000000001705
2149,65.88,-0.07200000000000273
2150,65.909,0.029000000000010573
2151,65.807,-0.10200000000000387
2152,65.705,-0.10200000000000387
2153,66.033,0.32800000000000296
2154,66.072,0.03900000000000148
2155,65.94,-0.132000000000005
2156,68.098,2.1580000000000013
2157,68.336,0.23799999999999955
2158,68.154,-0.18200000000000216
2159,68.286,0.132000000000005
2160,68.278,-0.007999999999995566
2161,68.244,-0.034000000000006025
2162,68.321,0.07699999999999818
2163,68.393,0.07200000000000273
2164,68.308,-0.08499999999999375
2165,68.295,-0.01300000000000523
2166,68.21,-0.08500000000000796
2167,68.138,-0.07199999999998852
2168,68.244,0.10599999999999454
2169,68.228,-0.016000000000005343
2170,68.198,-0.030000000000001137
2171,68.26,0.06200000000001182
2172,68.179,-0.08100000000000307
2173,68.13,-0.049000000000006594
2174,68.272,0.14200000000001012
2175,68.352,0.0799999999999983
2176,68.199,-0.1530000000000058
2177,68.322,0.12300000000000466
2178,68.36,0.0379999999999967
2179,68.337,-0.022999999999996135
2180,68.425,0.08799999999999386
2181,68.189,-0.2360000000000042
2182,68.197,0.008000000000009777
2183,68.134,-0.06300000000000239
2184,68.033,-0.10099999999999909
2185,68.258,0.22499999999999432
2186,68.231,-0.027000000000001023
2187,68.102,-0.12899999999999068
2188,68.098,-0.0040000000000048885
2189,68.11,0.012000000000000455
2190,67.997,-0.11299999999999955
2191,67.99,-0.007000000000005002
2192,68.036,0.04600000000000648
2193,68.045,0.009000000000000341
2194,68.149,0.1039999999999992
2195,68.099,-0.04999999999999716
2196,68.125,0.02599999999999625
2197,67.92,-0.2049999999999983
2198,68.05,0.12999999999999545
2199,68.018,-0.031999999999996476
2200,68.04,0.02200000000000557
2201,68.234,0.1939999999999884
2202,68.094,-0.14000000000000057
2203,68.083,-0.01099999999999568
2204,68.077,-0.006000000000000227
